time_s,temperature_C,pwm,heat_cool
0.4,19.74,0,1
0.6,19.74,0,1
0.8,19.74,0,1
1.0,19.74,0,1
1.2,19.74,0,1
1.4,19.74,0,1
1.6,19.74,0,1
1.8,19.74,0,1
2.0,19.74,0,1
2.2,19.74,0,1
2.4,19.74,0,1
2.6,19.74,0,1
2.8,19.74,0,1
3.0,19.74,0,1
3.2,19.74,0,1
3.4,19.74,0,1
3.6,19.74,0,1
3.8,19.74,0,1
4.0,19.74,0,1
4.2,19.74,0,1
4.4,19.74,0,1
4.6,19.74,18,1
4.8,19.74,18,1
5.0,19.74,18,1
5.2,19.74,18,1
5.4,19.74,18,1
5.6,19.74,18,1
5.8,19.74,18,1
6.0,19.74,18,1
6.2,19.74,18,1
6.4,19.74,18,1
6.6,19.74,18,1
6.8,19.74,18,1
7.0,19.74,18,1
7.2,19.74,18,1
7.4,19.74,18,1
7.6,19.74,8,1
7.8,19.74,8,1
8.0,19.74,13,1
8.2,19.74,23,1
8.4,19.74,23,1
8.6,19.74,23,1
8.8,19.74,23,1
9.0,19.74,23,1
9.2,19.74,23,1
9.4,19.74,23,1
9.6,19.74,23,1
9.8,19.74,23,1
10.0,19.74,23,1
10.2,19.74,23,1
10.4,19.74,23,1
10.6,19.74,23,1
10.8,19.74,23,1
11.0,19.74,23,1
11.2,19.74,23,1
11.4,19.74,23,1
11.6,19.74,23,1
11.8,19.74,23,1
12.0,19.74,23,1
12.2,19.74,23,1
12.4,19.74,23,1
12.6,19.74,23,1
12.8,19.74,23,1
13.0,19.74,23,1
13.2,19.74,23,1
13.4,19.74,23,1
13.6,19.74,23,1
13.8,19.74,23,1
14.0,19.74,23,1
14.2,19.74,23,1
14.4,19.74,23,1
14.6,19.74,53,1
14.8,19.74,53,1
15.0,19.74,53,1
15.2,19.74,53,1
15.4,19.74,53,1
15.6,19.74,53,1
15.8,19.74,53,1
16.0,19.74,53,1
16.2,19.74,53,1
16.4,19.74,53,1
16.6,19.74,53,1
16.8,19.74,53,1
17.0,19.74,53,1
17.2,19.74,53,1
17.4,19.74,53,1
17.6,19.74,53,1
17.8,19.74,53,1
18.0,19.74,53,1
18.2,19.74,53,1
18.4,19.74,53,1
18.6,19.74,53,1
18.8,19.74,53,1
19.0,19.74,53,1
19.2,19.74,53,1
19.4,19.74,53,1
19.6,19.74,53,1
19.8,19.74,53,1
20.0,19.74,53,1
20.2,19.74,53,1
20.4,19.74,53,1
20.6,19.74,53,1
20.8,19.74,53,1
21.0,19.75,53,1
21.2,19.75,53,1
21.4,19.75,52,1
21.6,19.75,52,1
21.8,19.76,52,1
22.0,19.76,52,1
22.2,19.77,52,1
22.4,19.77,52,1
22.6,19.78,52,1
22.8,19.78,52,1
23.0,19.79,52,1
23.2,19.79,52,1
23.4,19.79,52,1
23.6,19.8,52,1
23.8,19.8,52,1
24.0,19.81,52,1
24.2,19.81,52,1
24.4,19.81,52,1
24.6,19.81,52,1
24.8,19.81,52,1
25.0,19.81,52,1
25.2,19.81,52,1
25.4,19.81,52,1
25.6,19.81,52,1
25.8,19.82,52,1
26.0,19.81,52,1
26.2,19.81,52,1
26.4,19.82,52,1
26.6,19.81,52,1
26.8,19.82,52,1
27.0,19.82,52,1
27.2,19.82,52,1
27.4,19.82,52,1
27.6,19.81,52,1
27.8,19.81,52,1
28.0,19.81,52,1
28.2,19.82,52,1
28.4,19.82,52,1
28.6,19.81,52,1
28.8,19.82,52,1
29.0,19.82,52,1
29.2,19.82,52,1
29.4,19.82,52,1
29.6,19.81,52,1
29.8,19.81,52,1
30.0,19.81,52,1
30.2,19.82,52,1
30.4,19.82,52,1
30.6,19.82,52,1
30.8,19.82,52,1
31.0,19.82,52,1
31.2,19.82,52,1
31.4,19.81,52,1
31.6,19.82,52,1
31.8,19.81,52,1
32.0,19.81,52,1
32.2,19.82,52,1
32.4,19.82,52,1
32.6,19.82,52,1
32.8,19.82,52,1
33.0,19.82,52,1
33.2,19.81,52,1
33.4,19.81,52,1
33.6,19.82,52,1
33.8,19.81,52,1
34.0,19.82,52,1
34.2,19.82,52,1
34.4,19.82,52,1
34.6,19.82,52,1
34.8,19.82,52,1
35.0,19.82,52,1
35.2,19.82,52,1
35.4,19.81,52,1
35.6,19.81,52,1
35.8,19.81,52,1
36.0,19.82,52,1
36.2,19.82,52,1
36.4,19.82,52,1
36.6,19.82,52,1
36.8,19.82,52,1
37.0,19.82,52,1
37.2,19.81,52,1
37.4,19.81,52,1
37.6,19.81,52,1
37.8,19.82,52,1
38.0,19.82,52,1
38.2,19.82,52,1
38.4,19.81,52,1
38.6,19.82,52,1
38.8,19.82,52,1
39.0,19.82,52,1
39.2,19.81,52,1
39.4,19.81,52,1
39.6,19.82,52,1
39.8,19.82,52,1
40.0,19.82,52,1
40.2,19.82,52,1
40.4,19.82,52,1
40.6,19.82,52,1
40.8,19.82,52,1
41.0,19.81,52,1
41.2,19.82,52,1
41.4,19.81,52,1
41.6,19.82,52,1
41.8,19.82,52,1
42.0,19.82,52,1
42.2,19.82,52,1
42.4,19.82,52,1
42.6,19.82,52,1
42.8,19.82,52,1
43.0,19.82,52,1
43.2,19.81,52,1
43.4,19.81,52,1
43.6,19.82,52,1
43.8,19.82,52,1
44.0,19.82,52,1
44.2,19.82,52,1
44.4,19.82,52,1
44.6,19.82,52,1
44.8,19.82,52,1
45.0,19.81,52,1
45.2,19.81,52,1
45.4,19.81,52,1
45.6,19.82,52,1
45.8,19.82,52,1
46.0,19.82,52,1
46.2,19.82,52,1
46.4,19.82,52,1
46.6,19.82,52,1
46.8,19.82,52,1
47.0,19.81,52,1
47.2,19.81,52,1
47.4,19.82,52,1
47.6,19.82,52,1
47.8,19.82,52,1
48.0,19.82,52,1
48.2,19.82,52,1
48.4,19.82,52,1
48.6,19.82,52,1
48.8,19.82,52,1
49.0,19.82,52,1
49.2,19.82,52,1
49.4,19.82,52,1
49.6,19.82,52,1
49.8,19.83,52,1
50.0,19.83,52,1
50.2,19.84,52,1
50.4,19.83,52,1
50.6,19.84,52,1
50.8,19.84,52,1
51.0,19.85,52,1
51.2,19.85,52,1
51.4,19.86,51,1
51.6,19.86,51,1
51.8,19.87,51,1
52.0,19.87,51,1
52.2,19.88,51,1
52.4,19.88,51,1
52.6,19.88,51,1
52.8,19.88,51,1
53.0,19.89,51,1
53.2,19.89,51,1
53.4,19.89,51,1
53.6,19.89,51,1
53.8,19.89,51,1
54.0,19.89,51,1
54.2,19.89,51,1
54.4,19.89,51,1
54.6,19.89,51,1
54.8,19.89,51,1
55.0,19.89,51,1
55.2,19.89,51,1
55.4,19.89,51,1
55.6,19.89,51,1
55.8,19.89,51,1
56.0,19.89,51,1
56.2,19.89,51,1
56.4,19.89,51,1
56.6,19.89,51,1
56.8,19.89,51,1
57.0,19.89,23,1
57.2,19.89,23,1
57.4,19.89,23,1
57.6,19.89,23,1
57.8,19.89,23,1
58.0,19.89,23,1
58.2,19.89,23,1
58.4,19.89,23,1
58.6,19.89,23,1
58.8,19.89,23,1
59.0,19.89,23,1
59.2,19.89,23,1
59.4,19.89,23,1
59.6,19.89,23,1
59.8,19.89,23,1
60.0,19.89,23,1
60.2,19.89,23,1
60.4,19.89,23,1
60.6,19.89,51,1
60.8,19.89,51,1
61.0,19.89,51,1
61.2,19.89,51,1
61.4,19.89,51,1
61.6,19.89,51,1
61.8,19.89,51,1
62.0,19.89,51,1
62.2,19.89,51,1
62.4,19.89,51,1
62.6,19.89,51,1
62.8,19.89,51,1
63.0,19.89,51,1
63.2,19.89,51,1
63.4,19.89,51,1
63.6,19.89,51,1
63.8,19.89,51,1
64.0,19.89,51,1
64.2,19.89,51,1
64.4,19.89,51,1
64.6,19.89,51,1
64.8,19.89,51,1
65.0,19.89,51,1
65.2,19.89,51,1
65.4,19.89,51,1
65.6,19.89,51,1
65.8,19.89,51,1
66.0,19.89,51,1
66.2,19.89,51,1
66.4,19.89,51,1
66.6,19.89,51,1
66.8,19.89,51,1
67.0,19.89,51,1
67.2,19.89,51,1
67.4,19.89,51,1
67.6,19.89,51,1
67.8,19.89,51,1
68.0,19.89,51,1
68.2,19.89,23,1
68.4,19.89,23,1
68.6,19.89,23,1
68.8,19.89,23,1
69.0,19.89,23,1
69.2,19.89,64,1
69.4,19.89,64,1
69.6,19.89,64,1
69.8,19.89,64,1
70.0,19.89,64,1
70.2,19.89,64,1
70.4,19.89,64,1
70.6,19.89,64,1
70.8,19.89,64,1
71.0,19.89,64,1
71.2,19.89,64,1
71.4,19.89,64,1
71.6,19.89,64,1
71.8,19.89,64,1
72.0,19.89,64,1
72.2,19.89,176,1
72.4,19.89,176,1
72.6,19.89,176,1
72.8,19.89,176,1
73.0,19.89,176,1
73.2,19.89,176,1
73.4,19.89,176,1
73.6,19.89,176,1
73.8,19.89,176,1
74.0,19.89,176,1
74.2,19.89,176,1
74.4,19.89,176,1
74.6,19.89,176,1
74.8,19.89,176,1
75.0,19.89,176,1
75.2,19.89,176,1
75.4,19.89,176,1
75.6,19.89,176,1
75.8,19.89,176,1
76.0,19.89,176,1
76.2,19.89,176,1
76.4,19.89,33,1
76.6,19.89,33,1
76.8,19.89,33,1
77.0,19.89,33,1
77.2,19.89,33,1
77.4,19.9,33,1
77.6,19.9,19,1
77.8,19.9,19,1
78.0,19.9,19,1
78.2,19.9,19,1
78.4,19.9,19,1
78.6,19.91,19,1
78.8,19.91,19,1
79.0,19.92,19,1
79.2,19.92,19,1
79.4,19.92,19,1
79.6,19.93,19,1
79.8,19.94,19,1
80.0,19.94,19,1
80.2,19.95,19,1
80.4,19.95,19,1
80.6,19.95,19,1
80.8,19.96,19,1
81.0,19.96,19,1
81.2,19.96,19,1
81.4,19.96,19,1
81.6,19.96,19,1
81.8,19.96,19,1
82.0,19.96,19,1
82.2,19.96,19,1
82.4,19.96,19,1
82.6,19.96,19,1
82.8,19.97,19,1
83.0,19.97,19,1
83.2,19.97,19,1
83.4,19.97,19,1
83.6,19.97,19,1
83.8,19.97,19,1
84.0,19.97,19,1
84.2,19.97,19,1
84.4,19.97,19,1
84.6,19.97,19,1
84.8,19.97,19,1
85.0,19.97,19,1
85.2,19.97,19,1
85.4,19.97,19,1
85.6,19.97,19,1
85.8,19.97,19,1
86.0,19.97,19,1
86.2,19.97,19,1
86.4,19.97,19,1
86.6,19.97,19,1
86.8,19.97,19,1
87.0,19.97,19,1
87.2,19.97,50,1
87.4,19.97,50,1
87.6,19.97,50,1
87.8,19.97,50,1
88.0,19.97,50,1
88.2,19.97,50,1
88.4,19.96,50,1
88.6,19.96,50,1
88.8,19.96,50,1
89.0,19.97,50,1
89.2,19.97,50,1
89.4,19.97,50,1
89.6,19.97,50,1
89.8,19.97,50,1
90.0,19.97,50,1
90.2,19.97,50,1
90.4,19.96,50,1
90.6,19.96,50,1
90.8,19.97,50,1
91.0,19.97,50,1
91.2,19.97,50,1
91.4,19.97,50,1
91.6,19.97,50,1
91.8,19.97,5,1
92.0,19.97,5,1
92.2,19.97,5,1
92.4,19.97,5,1
92.6,19.97,5,1
92.8,19.97,5,1
93.0,19.97,5,1
93.2,19.97,5,1
93.4,19.97,5,1
93.6,19.97,5,1
93.8,19.97,5,1
94.0,19.97,5,1
94.2,19.97,5,1
94.4,19.97,5,1
94.6,19.97,5,1
94.8,19.97,5,1
95.0,19.97,5,1
95.2,19.97,5,1
95.4,19.97,5,1
95.6,19.97,5,1
95.8,19.97,5,1
96.0,19.97,5,1
96.2,19.97,5,1
96.4,19.97,5,1
96.6,19.97,5,1
96.8,19.97,5,1
97.0,19.97,5,1
97.2,19.97,5,1
97.4,19.97,5,1
97.6,19.97,5,1
97.8,19.97,5,1
98.0,19.97,5,1
98.2,19.97,5,1
98.4,19.97,5,1
98.6,19.97,5,1
98.8,19.97,5,1
99.0,19.97,5,1
99.2,19.97,5,1
99.4,19.97,5,1
99.6,19.97,5,1
99.8,19.97,5,1
100.0,19.97,5,1
100.2,19.97,5,1
100.4,19.97,5,1
100.6,19.97,20,1
100.8,19.97,201,1
101.0,19.97,201,1
101.2,19.97,201,1
101.4,19.97,201,1
101.6,19.97,201,1
101.8,19.97,201,1
102.0,19.97,201,1
102.2,19.97,201,1
102.4,19.97,201,1
102.6,19.97,201,1
102.8,19.97,201,1
103.0,19.97,201,1
103.2,19.97,201,1
103.4,19.97,201,1
103.6,19.97,201,1
103.8,19.97,201,1
104.0,19.97,201,1
104.2,19.97,201,1
104.4,19.97,201,1
104.6,19.97,201,1
104.8,19.97,201,1
105.0,19.97,201,1
105.2,19.97,201,1
105.4,19.97,201,1
105.6,19.97,201,1
105.8,19.97,201,1
106.0,19.97,201,1
106.2,19.97,201,1
106.4,19.97,201,1
106.6,19.97,201,1
106.8,19.97,201,1
107.0,19.97,201,1
107.2,19.97,201,1
107.4,19.97,201,1
107.6,19.97,201,1
107.8,19.97,201,1
108.0,19.97,201,1
108.2,19.97,201,1
108.4,19.97,201,1
108.6,19.97,201,1
108.8,19.97,201,1
109.0,19.97,201,1
109.2,19.97,201,1
109.4,19.97,201,1
109.6,19.98,201,1
109.8,19.98,201,1
110.0,19.98,201,1
110.2,19.99,201,1
110.4,19.99,201,1
110.6,19.99,200,1
110.8,20.0,200,1
111.0,20.0,200,1
111.2,20.01,200,1
111.4,20.01,200,1
111.6,20.02,200,1
111.8,20.02,200,1
112.0,20.02,199,1
112.2,20.03,199,1
112.4,20.03,199,1
112.6,20.03,199,1
112.8,20.04,199,1
113.0,20.04,199,1
113.2,20.04,198,1
113.4,20.04,198,1
113.6,20.04,198,1
113.8,20.04,198,1
114.0,20.04,198,1
114.2,20.04,198,1
114.4,20.04,198,1
114.6,20.04,198,1
114.8,20.04,198,1
115.0,20.04,198,1
115.2,20.04,198,1
115.4,20.04,198,1
115.6,20.04,198,1
115.8,20.04,198,1
116.0,20.04,198,1
116.2,20.04,198,1
116.4,20.04,198,1
116.6,20.04,198,1
116.8,20.04,198,1
117.0,20.04,198,1
117.2,20.04,198,1
117.4,20.04,198,1
117.6,20.04,198,1
117.8,20.04,198,1
118.0,20.04,198,1
118.2,20.04,198,1
118.4,20.04,198,1
118.6,20.04,198,1
118.8,20.04,198,1
119.0,20.04,198,1
119.2,20.04,198,1
119.4,20.04,198,1
119.6,20.04,198,1
119.8,20.04,198,1
120.0,20.04,198,1
120.2,20.04,198,1
120.4,20.04,198,1
120.6,20.04,198,1
120.8,20.04,198,1
121.0,20.04,198,1
121.2,20.04,198,1
121.4,20.04,198,1
121.6,20.04,198,1
121.8,20.04,198,1
122.0,20.04,198,1
122.2,20.04,198,1
122.4,20.04,198,1
122.6,20.04,198,1
122.8,20.04,198,1
123.0,20.04,198,1
123.2,20.04,198,1
123.4,20.04,198,1
123.6,20.04,198,1
123.8,20.04,198,1
124.0,20.04,198,1
124.2,20.04,198,1
124.4,20.04,198,1
124.6,20.04,198,1
124.8,20.04,198,1
125.0,20.04,198,1
125.2,20.04,198,1
125.4,20.04,198,1
125.6,20.04,198,1
125.8,20.04,198,1
126.0,20.04,198,1
126.2,20.04,198,1
126.4,20.04,198,1
126.6,20.04,198,1
126.8,20.04,198,1
127.0,20.04,198,1
127.2,20.04,198,1
127.4,20.04,198,1
127.6,20.04,198,1
127.8,20.04,198,1
128.0,20.04,198,1
128.2,20.04,198,1
128.4,20.04,198,1
128.6,20.04,198,1
128.8,20.04,198,1
129.0,20.04,198,1
129.2,20.04,198,1
129.4,20.04,198,1
129.6,20.04,198,1
129.8,20.04,198,1
130.0,20.04,198,1
130.2,20.04,198,1
130.4,20.04,198,1
130.6,20.04,198,1
130.8,20.04,198,1
131.0,20.04,198,1
131.2,20.04,198,1
131.4,20.04,198,1
131.6,20.04,198,1
131.8,20.04,198,1
132.0,20.04,198,1
132.2,20.04,198,1
132.4,20.04,198,1
132.6,20.04,198,1
132.8,20.04,198,1
133.0,20.04,198,1
133.2,20.04,198,1
133.4,20.04,198,1
133.6,20.04,198,1
133.8,20.04,198,1
134.0,20.04,198,1
134.2,20.04,198,1
134.4,20.04,198,1
134.6,20.04,198,1
134.8,20.04,198,1
135.0,20.04,198,1
135.2,20.04,198,1
135.4,20.04,198,1
135.6,20.04,198,1
135.8,20.04,198,1
136.0,20.04,198,1
136.2,20.04,198,1
136.4,20.04,198,1
136.6,20.04,198,1
136.8,20.04,198,1
137.0,20.04,198,1
137.2,20.04,198,1
137.4,20.04,198,1
137.6,20.04,198,1
137.8,20.04,198,1
138.0,20.04,198,1
138.2,20.04,198,1
138.4,20.04,198,1
138.6,20.04,198,1
138.8,20.04,198,1
139.0,20.04,198,1
139.2,20.04,0,1
139.4,20.05,0,1
139.6,20.05,0,1
139.8,20.05,0,1
140.0,20.05,1,1
140.2,20.05,1,1
140.4,20.06,1,1
140.6,20.06,1,1
140.8,20.06,1,1
141.0,20.07,1,1
141.2,20.07,1,1
141.4,20.08,1,1
141.6,20.08,1,1
141.8,20.09,1,1
142.0,20.09,1,1
142.2,20.09,1,1
142.4,20.1,1,1
142.6,20.1,1,1
142.8,20.1,1,1
143.0,20.11,1,1
143.2,20.11,1,1
143.4,20.11,1,1
143.6,20.11,1,1
143.8,20.11,1,1
144.0,20.11,1,1
144.2,20.12,1,1
144.4,20.11,1,1
144.6,20.11,1,1
144.8,20.12,1,1
145.0,20.12,1,1
145.2,20.12,1,1
145.4,20.12,1,1
145.6,20.12,1,1
145.8,20.12,1,1
146.0,20.12,1,1
146.2,20.12,1,1
146.4,20.12,1,1
146.6,20.12,1,1
146.8,20.12,1,1
147.0,20.12,1,1
147.2,20.12,1,1
147.4,20.12,1,1
147.6,20.12,1,1
147.8,20.12,1,1
148.0,20.12,1,1
148.2,20.12,1,1
148.4,20.12,1,1
148.6,20.12,1,1
148.8,20.12,1,1
149.0,20.12,1,1
149.2,20.12,1,1
149.4,20.12,1,1
149.6,20.12,1,1
149.8,20.12,1,1
150.0,20.12,1,1
150.2,20.12,1,1
150.4,20.12,1,1
150.6,20.12,1,1
150.8,20.12,1,1
151.0,20.12,1,1
151.2,20.12,1,1
151.4,20.12,1,1
151.6,20.12,1,1
151.8,20.12,19,1
152.0,20.12,19,1
152.2,20.12,19,1
152.4,20.12,19,1
152.6,20.12,19,1
152.8,20.12,19,1
153.0,20.12,19,1
153.2,20.12,19,1
153.4,20.12,19,1
153.6,20.12,19,1
153.8,20.12,19,1
154.0,20.12,19,1
154.2,20.12,19,1
154.4,20.12,19,1
154.6,20.12,19,1
154.8,20.12,19,1
155.0,20.12,19,1
155.2,20.12,19,1
155.4,20.12,19,1
155.6,20.12,1,1
155.8,20.12,1,1
156.0,20.12,1,1
156.2,20.12,1,1
156.4,20.12,1,1
156.6,20.12,1,1
156.8,20.12,1,1
157.0,20.12,1,1
157.2,20.12,1,1
157.4,20.12,1,1
157.6,20.12,1,1
157.8,20.12,1,1
158.0,20.12,1,1
158.2,20.12,1,1
158.4,20.12,1,1
158.6,20.12,1,1
158.8,20.12,0,1
159.0,20.12,2,1
159.2,20.12,2,1
159.4,20.12,2,1
159.6,20.12,2,1
159.8,20.12,2,1
160.0,20.12,2,1
160.2,20.12,2,1
160.4,20.12,3,1
160.6,20.12,3,1
160.8,20.12,3,1
161.0,20.12,0,1
161.2,20.12,0,1
161.4,20.12,0,1
161.6,20.12,0,1
161.8,20.12,0,1
162.0,20.12,0,1
162.2,20.12,0,1
162.4,20.12,0,1
162.6,20.12,5,1
162.8,20.12,49,1
163.0,20.12,49,1
163.2,20.12,49,1
163.4,20.12,49,1
163.6,20.12,49,1
163.8,20.12,49,1
164.0,20.12,49,1
164.2,20.12,49,1
164.4,20.12,49,1
164.6,20.12,49,1
164.8,20.12,49,1
165.0,20.12,49,1
165.2,20.12,49,1
165.4,20.12,49,1
165.6,20.12,49,1
165.8,20.12,49,1
166.0,20.12,49,1
166.2,20.12,49,1
166.4,20.12,49,1
166.6,20.12,5,1
166.8,20.12,5,1
167.0,20.12,5,1
167.2,20.12,5,1
167.4,20.12,5,1
167.6,20.12,5,1
167.8,20.12,10,1
168.0,20.12,98,1
168.2,20.12,98,1
168.4,20.12,98,1
168.6,20.12,98,1
168.8,20.12,98,1
169.0,20.12,98,1
169.2,20.12,98,1
169.4,20.12,98,1
169.6,20.12,98,1
169.8,20.12,98,1
170.0,20.12,98,1
170.2,20.12,98,1
170.4,20.12,98,1
170.6,20.12,98,1
170.8,20.12,98,1
171.0,20.12,98,1
171.2,20.12,98,1
171.4,20.12,98,1
171.6,20.12,98,1
171.8,20.12,98,1
172.0,20.12,98,1
172.2,20.12,98,1
172.4,20.12,98,1
172.6,20.12,98,1
172.8,20.12,98,1
173.0,20.12,98,1
173.2,20.12,98,1
173.4,20.12,98,1
173.6,20.12,98,1
173.8,20.12,98,1
174.0,20.12,98,1
174.2,20.12,98,1
174.4,20.12,98,1
174.6,20.12,98,1
174.8,20.12,98,1
175.0,20.12,98,1
175.2,20.12,98,1
175.4,20.12,98,1
175.6,20.12,98,1
175.8,20.12,98,1
176.0,20.12,78,1
176.2,20.12,58,1
176.4,20.12,38,1
176.6,20.12,18,1
176.8,20.12,22,0
177.0,20.12,42,0
177.2,20.12,62,0
177.4,20.12,62,0
177.6,20.12,62,0
177.8,20.12,62,0
178.0,20.12,62,0
178.2,20.12,62,0
178.4,20.12,62,0
178.6,20.12,42,0
178.8,20.13,22,0
179.0,20.13,22,0
179.2,20.13,37,1
179.4,20.13,37,1
179.6,20.14,37,1
179.8,20.14,57,1
180.0,20.15,57,1
180.2,20.14,77,1
180.4,20.15,77,1
180.6,20.16,77,1
180.8,20.16,77,1
181.0,20.17,77,1
181.2,20.17,77,1
181.4,20.17,77,1
181.6,20.18,77,1
181.8,20.18,97,1
182.0,20.18,96,1
182.2,20.18,96,1
182.4,20.18,96,1
182.6,20.18,96,1
182.8,20.19,96,1
183.0,20.19,96,1
183.2,20.19,76,1
183.4,20.19,56,1
183.6,20.19,36,1
183.8,20.19,36,1
184.0,20.19,36,1
184.2,20.19,36,1
184.4,20.19,36,1
184.6,20.19,36,1
184.8,20.19,36,1
185.0,20.19,36,1
185.2,20.19,36,1
185.4,20.19,36,1
185.6,20.19,36,1
185.8,20.19,36,1
186.0,20.19,36,1
186.2,20.19,36,1
186.4,20.19,36,1
186.6,20.19,36,1
186.8,20.19,36,1
187.0,20.19,36,1
187.2,20.19,36,1
187.4,20.19,36,1
187.6,20.19,36,1
187.8,20.19,36,1
188.0,20.19,36,1
188.2,20.19,36,1
188.4,20.19,36,1
188.6,20.19,36,1
188.8,20.19,36,1
189.0,20.19,36,1
189.2,20.19,36,1
189.4,20.19,36,1
189.6,20.19,36,1
189.8,20.19,36,1
190.0,20.19,36,1
190.2,20.19,36,1
190.4,20.19,36,1
190.6,20.19,36,1
190.8,20.19,36,1
191.0,20.19,36,1
191.2,20.19,36,1
191.4,20.19,36,1
191.6,20.19,36,1
191.8,20.19,36,1
192.0,20.19,36,1
192.2,20.19,36,1
192.4,20.19,36,1
192.6,20.19,36,1
192.8,20.19,36,1
193.0,20.19,36,1
193.2,20.19,36,1
193.4,20.19,36,1
193.6,20.19,36,1
193.8,20.19,36,1
194.0,20.19,36,1
194.2,20.19,36,1
194.4,20.19,36,1
194.6,20.19,36,1
194.8,20.19,36,1
195.0,20.19,36,1
195.2,20.19,36,1
195.4,20.19,35,1
195.6,20.19,35,1
195.8,20.19,34,1
196.0,20.19,34,1
196.2,20.19,33,1
196.4,20.19,32,1
196.6,20.19,32,1
196.8,20.19,29,1
197.0,20.19,28,1
197.2,20.19,27,1
197.4,20.19,26,1
197.6,20.19,24,1
197.8,20.19,24,1
198.0,20.19,24,1
198.2,20.19,24,1
198.4,20.19,24,1
198.6,20.19,26,1
198.8,20.19,27,1
199.0,20.19,28,1
199.2,20.19,29,1
199.4,20.19,31,1
199.6,20.19,32,1
199.8,20.19,33,1
200.0,20.19,34,1
200.2,20.19,34,1
200.4,20.19,36,1
200.6,20.19,37,1
200.8,20.19,38,1
201.0,20.19,40,1
201.2,20.19,40,1
201.4,20.19,42,1
201.6,20.19,43,1
201.8,20.19,44,1
202.0,20.19,45,1
202.2,20.19,46,1
202.4,20.19,47,1
202.6,20.19,48,1
202.8,20.19,49,1
203.0,20.19,51,1
203.2,20.19,52,1
203.4,20.19,52,1
203.6,20.19,53,1
203.8,20.19,53,1
204.0,20.19,56,1
204.2,20.19,57,1
204.4,20.19,58,1
204.6,20.19,59,1
204.8,20.19,60,1
205.0,20.19,61,1
205.2,20.19,62,1
205.4,20.19,62,1
205.6,20.19,62,1
205.8,20.19,62,1
206.0,20.19,62,1
206.2,20.19,62,1
206.4,20.19,62,1
206.6,20.19,62,1
206.8,20.19,62,1
207.0,20.19,62,1
207.2,20.19,62,1
207.4,20.19,62,1
207.6,20.19,62,1
207.8,20.19,62,1
208.0,20.19,62,1
208.2,20.2,62,1
208.4,20.2,62,1
208.6,20.2,61,1
208.8,20.19,61,1
209.0,20.2,61,1
209.2,20.2,62,1
209.4,20.2,61,1
209.6,20.2,61,1
209.8,20.2,61,1
210.0,20.2,61,1
0.4,20.79,0,1
0.6,20.79,0,1
0.8,20.79,0,1
1.0,20.79,0,1
1.2,20.79,0,1
1.4,20.79,0,1
1.6,20.79,0,1
1.8,20.79,0,1
2.0,20.79,0,1
2.2,20.79,0,1
2.4,20.79,0,1
2.6,20.79,0,1
2.8,20.79,0,1
3.0,20.79,0,1
3.2,20.79,0,1
3.4,20.79,0,1
3.6,20.79,0,1
3.8,20.79,0,1
4.0,20.79,0,1
4.2,20.79,0,1
4.4,20.79,0,1
4.6,20.79,0,1
4.8,20.79,0,1
5.0,20.79,0,1
5.2,20.79,0,1
5.4,20.79,0,1
5.6,20.79,0,1
5.8,20.79,0,1
6.0,20.79,42,1
6.2,20.79,42,1
6.4,20.79,42,1
6.6,20.79,42,1
6.8,20.79,42,1
7.0,20.79,42,1
7.2,20.79,42,1
7.4,20.79,42,1
7.6,20.79,42,1
7.8,20.79,42,1
8.0,20.79,42,1
8.2,20.79,42,1
8.4,20.79,42,1
8.6,20.79,42,1
8.8,20.79,42,1
9.0,20.79,42,1
9.2,20.79,42,1
9.4,20.8,42,1
9.6,20.79,42,1
9.8,20.79,42,1
10.0,20.79,42,1
10.2,20.79,42,1
10.4,20.79,42,1
10.6,20.79,42,1
10.8,20.79,42,1
11.0,20.79,42,1
11.2,20.79,42,1
11.4,20.79,42,1
11.6,20.79,42,1
11.8,20.79,42,1
12.0,20.79,42,1
12.2,20.79,42,1
12.4,20.79,42,1
12.6,20.79,42,1
12.8,20.79,42,1
13.0,20.79,42,1
13.2,20.79,42,1
13.4,20.79,42,1
13.6,20.79,42,1
13.8,20.79,42,1
14.0,20.79,42,1
14.2,20.79,42,1
14.4,20.79,42,1
14.6,20.79,42,1
14.8,20.79,42,1
15.0,20.79,42,1
15.2,20.79,42,1
15.4,20.79,42,1
15.6,20.79,42,1
15.8,20.79,42,1
16.0,20.79,42,1
16.2,20.79,42,1
16.4,20.79,42,1
16.6,20.79,42,1
16.8,20.79,42,1
17.0,20.8,42,1
17.2,20.8,42,1
17.4,20.79,42,1
17.6,20.79,42,1
17.8,20.79,42,1
18.0,20.8,42,1
18.2,20.79,42,1
18.4,20.79,42,1
18.6,20.8,42,1
18.8,20.8,42,1
19.0,20.8,42,1
19.2,20.8,42,1
19.4,20.79,42,1
19.6,20.79,42,1
19.8,20.79,42,1
20.0,20.79,42,1
20.2,20.79,42,1
20.4,20.79,42,1
20.6,20.79,42,1
20.8,20.8,42,1
21.0,20.8,42,1
21.2,20.8,42,1
21.4,20.79,42,1
21.6,20.79,42,1
21.8,20.79,42,1
22.0,20.79,42,1
22.2,20.79,42,1
22.4,20.79,42,1
22.6,20.8,42,1
22.8,20.8,42,1
23.0,20.8,42,1
23.2,20.79,42,1
23.4,20.79,42,1
23.6,20.79,42,1
23.8,20.8,42,1
24.0,20.79,42,1
24.2,20.79,42,1
24.4,20.79,42,1
24.6,20.8,42,1
24.8,20.8,42,1
25.0,20.79,42,1
25.2,20.79,42,1
25.4,20.79,42,1
25.6,20.8,42,1
25.8,20.8,42,1
26.0,20.79,42,1
26.2,20.8,42,1
26.4,20.8,42,1
26.6,20.8,42,1
26.8,20.8,42,1
27.0,20.8,42,1
27.2,20.8,42,1
27.4,20.8,4,1
27.6,20.8,4,1
27.8,20.8,4,1
28.0,20.8,4,1
28.2,20.8,4,1
28.4,20.8,4,1
28.6,20.8,4,1
28.8,20.8,4,1
29.0,20.8,4,1
29.2,20.8,4,1
29.4,20.8,4,1
29.6,20.8,4,1
29.8,20.8,4,1
30.0,20.8,4,1
30.2,20.81,4,1
30.4,20.81,4,1
30.6,20.81,4,1
30.8,20.81,4,1
31.0,20.81,4,1
31.2,20.81,4,1
31.4,20.81,4,1
31.6,20.81,4,1
31.8,20.81,4,1
32.0,20.81,4,1
32.2,20.82,4,1
32.4,20.82,4,1
32.6,20.82,4,1
32.8,20.82,4,1
33.0,20.83,4,1
33.2,20.82,4,1
33.4,20.83,4,1
33.6,20.83,4,1
33.8,20.83,4,1
34.0,20.84,4,1
34.2,20.83,4,1
34.4,20.84,4,1
34.6,20.84,4,1
34.8,20.84,4,1
35.0,20.84,4,1
35.2,20.84,4,1
35.4,20.84,4,1
35.6,20.85,4,1
35.8,20.84,4,1
36.0,20.85,4,1
36.2,20.85,4,1
36.4,20.85,4,1
36.6,20.85,4,1
36.8,20.85,4,1
37.0,20.85,4,1
37.2,20.85,4,1
37.4,20.85,4,1
37.6,20.85,4,1
37.8,20.86,4,1
38.0,20.86,4,1
38.2,20.86,4,1
38.4,20.86,4,1
38.6,20.86,4,1
38.8,20.86,4,1
39.0,20.86,4,1
39.2,20.86,4,1
39.4,20.86,4,1
39.6,20.86,4,1
39.8,20.87,4,1
40.0,20.87,4,1
40.2,20.87,4,1
40.4,20.87,4,1
40.6,20.87,4,1
40.8,20.87,4,1
41.0,20.87,4,1
41.2,20.87,4,1
41.4,20.87,4,1
41.6,20.87,4,1
41.8,20.87,4,1
42.0,20.87,4,1
42.2,20.87,4,1
42.4,20.87,4,1
42.6,20.87,4,1
42.8,20.87,4,1
43.0,20.87,4,1
43.2,20.87,4,1
43.4,20.87,4,1
43.6,20.87,4,1
43.8,20.87,4,1
44.0,20.87,4,1
44.2,20.87,4,1
44.4,20.87,4,1
44.6,20.87,4,1
44.8,20.87,4,1
45.0,20.87,4,1
45.2,20.87,4,1
45.4,20.87,4,1
45.6,20.87,4,1
45.8,20.87,4,1
46.0,20.87,4,1
46.2,20.87,4,1
46.4,20.87,4,1
46.6,20.87,4,1
46.8,20.87,4,1
47.0,20.87,4,1
47.2,20.87,4,1
47.4,20.87,4,1
47.6,20.87,4,1
47.8,20.87,21,1
48.0,20.87,21,1
48.2,20.87,21,1
48.4,20.87,21,1
48.6,20.87,21,1
48.8,20.87,21,1
49.0,20.87,21,1
49.2,20.87,21,1
49.4,20.87,21,1
49.6,20.87,21,1
49.8,20.87,21,1
50.0,20.87,21,1
50.2,20.87,21,1
50.4,20.87,21,1
50.6,20.87,21,1
50.8,20.87,21,1
51.0,20.87,21,1
51.2,20.87,21,1
51.4,20.87,21,1
51.6,20.87,21,1
51.8,20.87,21,1
52.0,20.87,21,1
52.2,20.87,21,1
52.4,20.87,21,1
52.6,20.87,21,1
52.8,20.87,21,1
53.0,20.87,21,1
53.2,20.87,21,1
53.4,20.87,21,1
53.6,20.87,21,1
53.8,20.87,21,1
54.0,20.87,21,1
54.2,20.87,21,1
54.4,20.87,21,1
54.6,20.87,21,1
54.8,20.87,21,1
55.0,20.87,21,1
55.2,20.87,21,1
55.4,20.87,21,1
55.6,20.87,21,1
55.8,20.87,21,1
56.0,20.87,21,1
56.2,20.87,21,1
56.4,20.87,21,1
56.6,20.87,21,1
56.8,20.87,21,1
57.0,20.87,21,1
57.2,20.87,21,1
57.4,20.87,21,1
57.6,20.87,21,1
57.8,20.87,21,1
58.0,20.87,21,1
58.2,20.87,21,1
58.4,20.87,21,1
58.6,20.87,21,1
58.8,20.87,21,1
59.0,20.87,21,1
59.2,20.87,21,1
59.4,20.87,21,1
59.6,20.87,21,1
59.8,20.87,21,1
60.0,20.87,21,1
60.2,20.87,21,1
60.4,20.87,21,1
60.6,20.87,21,1
60.8,20.87,21,1
61.0,20.87,21,1
61.2,20.87,21,1
61.4,20.87,21,1
61.6,20.87,21,1
61.8,20.87,21,1
62.0,20.87,21,1
62.2,20.87,21,1
62.4,20.87,21,1
62.6,20.87,21,1
62.8,20.87,21,1
63.0,20.87,21,1
63.2,20.87,21,1
63.4,20.87,21,1
63.6,20.87,21,1
63.8,20.87,21,1
64.0,20.87,21,1
64.2,20.87,21,1
64.4,20.87,21,1
64.6,20.87,21,1
64.8,20.87,21,1
65.0,20.87,21,1
65.2,20.87,21,1
65.4,20.87,21,1
65.6,20.87,21,1
65.8,20.87,21,1
66.0,20.87,21,1
66.2,20.87,21,1
66.4,20.87,21,1
66.6,20.87,21,1
66.8,20.87,21,1
67.0,20.87,21,1
67.2,20.87,21,1
67.4,20.87,21,1
67.6,20.87,21,1
67.8,20.87,21,1
68.0,20.87,21,1
68.2,20.87,21,1
68.4,20.87,21,1
68.6,20.87,21,1
68.8,20.87,21,1
69.0,20.87,21,1
69.2,20.87,21,1
69.4,20.87,21,1
69.6,20.87,21,1
69.8,20.87,21,1
70.0,20.87,21,1
70.2,20.87,21,1
70.4,20.87,21,1
70.6,20.87,21,1
70.8,20.87,21,1
71.0,20.87,21,1
71.2,20.87,21,1
71.4,20.87,21,1
71.6,20.87,21,1
71.8,20.87,21,1
72.0,20.87,21,1
72.2,20.87,21,1
72.4,20.87,21,1
72.6,20.87,21,1
72.8,20.87,21,1
73.0,20.87,21,1
73.2,20.87,21,1
73.4,20.87,21,1
73.6,20.87,21,1
73.8,20.87,21,1
74.0,20.87,21,1
74.2,20.87,21,1
74.4,20.87,21,1
74.6,20.87,21,1
74.8,20.87,21,1
75.0,20.87,21,1
75.2,20.87,21,1
75.4,20.87,21,1
75.6,20.87,21,1
75.8,20.87,21,1
76.0,20.87,21,1
76.2,20.87,21,1
76.4,20.87,21,1
76.6,20.87,21,1
76.8,20.87,21,1
77.0,20.87,21,1
77.2,20.87,21,1
77.4,20.87,21,1
77.6,20.87,21,1
77.8,20.87,21,1
78.0,20.87,21,1
78.2,20.87,21,1
78.4,20.87,21,1
78.6,20.87,21,1
78.8,20.87,21,1
79.0,20.87,21,1
79.2,20.87,21,1
79.4,20.87,21,1
79.6,20.87,21,1
79.8,20.87,21,1
80.0,20.87,21,1
80.2,20.87,21,1
80.4,20.87,21,1
80.6,20.87,21,1
80.8,20.87,21,1
81.0,20.87,21,1
81.2,20.88,21,1
81.4,20.87,21,1
81.6,20.88,21,1
81.8,20.87,21,1
82.0,20.88,21,1
82.2,20.88,21,1
82.4,20.88,21,1
82.6,20.88,21,1
82.8,20.88,21,1
83.0,20.88,21,1
83.2,20.88,21,1
83.4,20.88,21,1
83.6,20.88,21,1
83.8,20.88,21,1
84.0,20.88,21,1
84.2,20.88,21,1
84.4,20.88,21,1
84.6,20.89,21,1
84.8,20.88,21,1
85.0,20.88,21,1
85.2,20.88,21,1
85.4,20.89,21,1
85.6,20.88,21,1
85.8,20.88,21,1
86.0,20.89,21,1
86.2,20.89,21,1
86.4,20.89,21,1
86.6,20.89,21,1
86.8,20.89,21,1
87.0,20.89,21,1
87.2,20.9,21,1
87.4,20.9,21,1
87.6,20.9,21,1
87.8,20.9,21,1
88.0,20.9,21,1
88.2,20.9,21,1
88.4,20.91,21,1
88.6,20.91,21,1
88.8,20.91,20,1
89.0,20.91,20,1
89.2,20.91,20,1
89.4,20.91,20,1
89.6,20.92,20,1
89.8,20.92,20,1
90.0,20.92,20,1
90.2,20.92,20,1
90.4,20.92,20,1
90.6,20.92,20,1
90.8,20.92,20,1
91.0,20.92,20,1
91.2,20.93,20,1
91.4,20.93,20,1
91.6,20.93,20,1
91.8,20.92,20,1
92.0,20.92,20,1
92.2,20.93,20,1
92.4,20.93,20,1
92.6,20.93,20,1
92.8,20.93,20,1
93.0,20.93,20,1
93.2,20.93,20,1
93.4,20.93,20,1
93.6,20.93,20,1
93.8,20.93,20,1
94.0,20.94,20,1
94.2,20.94,20,1
94.4,20.94,20,1
94.6,20.94,20,1
94.8,20.94,20,1
95.0,20.94,20,1
95.2,20.94,20,1
95.4,20.94,20,1
95.6,20.94,20,1
95.8,20.94,20,1
96.0,20.94,20,1
96.2,20.94,20,1
96.4,20.94,20,1
96.6,20.94,20,1
96.8,20.94,20,1
97.0,20.94,20,1
97.2,20.94,20,1
97.4,20.94,20,1
97.6,20.94,20,1
97.8,20.94,20,1
98.0,20.94,20,1
98.2,20.94,20,1
98.4,20.94,20,1
98.6,20.94,20,1
98.8,20.94,20,1
99.0,20.94,20,1
99.2,20.94,20,1
99.4,20.94,20,1
99.6,20.94,20,1
99.8,20.94,20,1
100.0,20.94,20,1
100.2,20.94,20,1
100.4,20.94,20,1
100.6,20.95,20,1
100.8,20.95,20,1
101.0,20.94,20,1
101.2,20.94,20,1
101.4,20.94,20,1
101.6,20.94,20,1
101.8,20.94,20,1
102.0,20.94,20,1
102.2,20.94,20,1
102.4,20.94,20,1
102.6,20.95,20,1
102.8,20.95,20,1
103.0,20.95,20,1
103.2,20.94,20,1
103.4,20.94,20,1
103.6,20.94,20,1
103.8,20.94,20,1
104.0,20.94,20,1
104.2,20.94,20,1
104.4,20.95,20,1
104.6,20.95,20,1
104.8,20.95,20,1
105.0,20.94,20,1
105.2,20.94,20,1
105.4,20.94,20,1
105.6,20.94,20,1
105.8,20.94,20,1
106.0,20.94,20,1
106.2,20.94,20,1
106.4,20.95,20,1
106.6,20.95,20,1
106.8,20.94,20,1
107.0,20.94,20,1
107.2,20.94,20,1
107.4,20.94,20,1
107.6,20.94,20,1
107.8,20.94,20,1
108.0,20.94,20,1
108.2,20.95,20,1
108.4,20.95,20,1
108.6,20.95,20,1
108.8,20.95,20,1
109.0,20.94,20,1
109.2,20.94,20,1
109.4,20.94,20,1
109.6,20.94,20,1
109.8,20.94,20,1
110.0,20.94,20,1
110.2,20.95,20,1
110.4,20.95,20,1
110.6,20.95,20,1
110.8,20.94,20,1
111.0,20.94,20,1
111.2,20.94,20,1
111.4,20.94,20,1
111.6,20.94,20,1
111.8,20.94,20,1
112.0,20.94,20,1
112.2,20.95,20,1
112.4,20.95,20,1
112.6,20.95,20,1
112.8,20.94,20,1
113.0,20.94,20,1
113.2,20.95,20,1
113.4,20.94,20,1
113.6,20.94,20,1
113.8,20.94,20,1
114.0,20.95,20,1
114.2,20.95,20,1
114.4,20.95,20,1
114.6,20.94,20,1
114.8,20.95,20,1
115.0,20.94,20,1
115.2,20.94,20,1
115.4,20.94,20,1
115.6,20.94,20,1
115.8,20.94,20,1
116.0,20.95,20,1
116.2,20.95,20,1
116.4,20.95,20,1
116.6,20.94,20,1
116.8,20.95,20,1
117.0,20.94,20,1
117.2,20.94,20,1
117.4,20.94,20,1
117.6,20.94,20,1
117.8,20.95,20,1
118.0,20.95,20,1
118.2,20.95,20,1
118.4,20.94,20,1
118.6,20.94,20,1
118.8,20.94,20,1
119.0,20.94,20,1
119.2,20.94,20,1
119.4,20.95,20,1
119.6,20.94,20,1
119.8,20.95,20,1
120.0,20.95,20,1
120.2,20.95,20,1
120.4,20.94,20,1
120.6,20.94,20,1
120.8,20.94,20,1
121.0,20.94,20,1
121.2,20.94,20,1
121.4,20.94,20,1
121.6,20.94,20,1
121.8,20.95,20,1
122.0,20.95,20,1
122.2,20.95,20,1
122.4,20.94,20,1
122.6,20.94,20,1
122.8,20.94,20,1
123.0,20.94,20,1
123.2,20.94,20,1
123.4,20.94,20,1
123.6,20.95,20,1
123.8,20.95,20,1
124.0,20.95,20,1
124.2,20.95,20,1
124.4,20.94,20,1
124.6,20.94,20,1
124.8,20.94,20,1
125.0,20.94,20,1
125.2,20.94,20,1
125.4,20.94,20,1
125.6,20.94,20,1
125.8,20.95,20,1
126.0,20.94,20,1
126.2,20.94,20,1
126.4,20.94,20,1
126.6,20.94,20,1
126.8,20.94,20,1
127.0,20.94,20,1
127.2,20.94,20,1
127.4,20.95,20,1
127.6,20.95,20,1
127.8,20.95,20,1
128.0,20.95,20,1
128.2,20.94,20,1
128.4,20.94,20,1
128.6,20.95,20,1
128.8,20.94,20,1
129.0,20.95,20,1
129.2,20.94,20,1
129.4,20.95,20,1
129.6,20.95,20,1
129.8,20.95,20,1
130.0,20.94,20,1
130.2,20.95,20,1
130.4,20.94,20,1
130.6,20.94,20,1
130.8,20.95,20,1
131.0,20.95,20,1
131.2,20.95,20,1
131.4,20.96,20,1
131.6,20.95,20,1
131.8,20.95,20,1
132.0,20.95,20,1
132.2,20.95,20,1
132.4,20.95,20,1
132.6,20.94,20,1
132.8,20.95,20,1
133.0,20.95,20,1
133.2,20.95,20,1
133.4,20.95,20,1
133.6,20.95,20,1
133.8,20.96,20,1
134.0,20.96,20,1
134.2,20.95,20,1
134.4,20.95,20,1
134.6,20.94,20,1
134.8,20.95,20,1
135.0,20.94,20,1
135.2,20.96,20,1
135.4,20.95,20,1
135.6,20.95,20,1
135.8,20.95,20,1
136.0,20.95,20,1
136.2,20.95,20,1
136.4,20.95,203,1
136.6,20.95,203,1
136.8,20.95,41,1
137.0,20.95,41,1
137.2,20.95,41,1
137.4,20.96,41,1
137.6,20.95,41,1
137.8,20.95,40,1
138.0,20.95,41,1
138.2,20.95,4,1
138.4,20.95,4,1
138.6,20.95,4,1
138.8,20.95,4,1
139.0,20.95,4,1
139.2,20.95,4,1
139.4,20.95,4,1
139.6,20.95,4,1
139.8,20.95,4,1
140.0,20.95,4,1
140.2,20.96,4,1
140.4,20.96,4,1
140.6,20.95,4,1
140.8,20.95,4,1
141.0,20.95,61,1
141.2,20.96,61,1
141.4,20.95,61,1
141.6,20.95,61,1
141.8,20.95,61,1
142.0,20.95,61,1
142.2,20.95,61,1
142.4,20.95,61,1
142.6,20.95,61,1
142.8,20.95,61,1
143.0,20.96,61,1
143.2,20.96,61,1
143.4,20.96,61,1
143.6,20.96,61,1
143.8,20.96,61,1
144.0,20.96,61,1
144.2,20.96,61,1
144.4,20.97,61,1
144.6,20.97,61,1
144.8,20.97,60,1
145.0,20.97,60,1
145.2,20.97,60,1
145.4,20.97,60,1
145.6,20.97,60,1
145.8,20.98,60,1
146.0,20.97,60,1
146.2,20.98,60,1
146.4,20.98,60,1
146.6,20.98,60,1
146.8,20.98,60,1
147.0,20.98,60,1
147.2,20.98,60,1
147.4,20.99,60,1
147.6,20.99,60,1
147.8,20.98,60,1
148.0,20.99,60,1
148.2,20.99,60,1
148.4,20.99,60,1
148.6,20.99,60,1
148.8,20.99,60,1
149.0,21.0,60,1
149.2,20.99,60,1
149.4,21.0,60,1
149.6,21.0,60,1
149.8,21.0,60,1
150.0,21.0,60,1
150.2,21.0,60,1
150.4,21.0,60,1
150.6,21.0,60,1
150.8,21.0,60,1
151.0,21.0,60,1
151.2,21.01,60,1
151.4,21.0,60,1
151.6,21.01,60,1
151.8,21.01,60,1
152.0,21.01,60,1
152.2,21.01,60,1
152.4,21.01,60,1
152.6,21.01,60,1
152.8,21.01,60,1
153.0,21.01,60,1
153.2,21.01,60,1
153.4,21.02,60,1
153.6,21.01,60,1
153.8,21.02,60,1
154.0,21.02,60,1
154.2,21.01,60,1
154.4,21.02,60,1
154.6,21.02,60,1
154.8,21.01,4,1
155.0,21.02,4,1
155.2,21.02,4,1
155.4,21.02,4,1
155.6,21.02,4,1
155.8,21.02,4,1
156.0,21.02,4,1
156.2,21.02,4,1
156.4,21.02,4,1
156.6,21.02,4,1
156.8,21.02,4,1
157.0,21.02,4,1
157.2,21.02,4,1
157.4,21.02,4,1
157.6,21.02,4,1
157.8,21.02,4,1
158.0,21.02,4,1
158.2,21.02,4,1
158.4,21.02,4,1
158.6,21.02,4,1
158.8,21.02,4,1
159.0,21.02,4,1
159.2,21.02,4,1
159.4,21.02,4,1
159.6,21.02,4,1
159.8,21.02,4,1
160.0,21.02,4,1
160.2,21.02,4,1
160.4,21.02,4,1
160.6,21.02,4,1
160.8,21.02,4,1
161.0,21.02,4,1
161.2,21.02,4,1
161.4,21.02,4,1
161.6,21.02,4,1
161.8,21.02,4,1
162.0,21.02,4,1
162.2,21.02,4,1
162.4,21.02,4,1
162.6,21.02,4,1
162.8,21.02,4,1
163.0,21.02,4,1
163.2,21.02,4,1
163.4,21.02,4,1
163.6,21.02,4,1
163.8,21.02,4,1
164.0,21.02,0,1
164.2,21.02,0,1
164.4,21.02,0,1
164.6,21.02,0,1
164.8,21.02,0,1
165.0,21.02,0,1
165.2,21.02,0,1
165.4,21.02,192,1
165.6,21.02,192,1
165.8,21.02,192,1
166.0,21.02,192,1
166.2,21.02,192,1
166.4,21.02,192,1
166.6,21.02,192,1
166.8,21.02,192,1
167.0,21.02,192,1
167.2,21.02,192,1
167.4,21.02,251,1
167.6,21.02,252,1
167.8,21.02,252,1
168.0,21.02,252,1
168.2,21.02,252,1
168.4,21.02,252,1
168.6,21.02,252,1
168.8,21.02,252,1
169.0,21.02,252,1
169.2,21.02,252,1
169.4,21.02,252,1
169.6,21.02,252,1
169.8,21.02,252,1
170.0,21.02,252,1
170.2,21.02,252,1
170.4,21.02,252,1
170.6,21.02,252,1
170.8,21.02,252,1
171.0,21.02,252,1
171.2,21.02,252,1
171.4,21.02,252,1
171.6,21.02,252,1
171.8,21.02,252,1
172.0,21.02,252,1
172.2,21.02,252,1
172.4,21.02,252,1
172.6,21.02,252,1
172.8,21.02,252,1
173.0,21.02,252,1
173.2,21.02,252,1
173.4,21.02,252,1
173.6,21.02,252,1
173.8,21.02,252,1
174.0,21.02,252,1
174.2,21.02,252,1
174.4,21.02,252,1
174.6,21.02,252,1
174.8,21.02,252,1
175.0,21.02,252,1
175.2,21.02,252,1
175.4,21.02,252,1
175.6,21.02,252,1
175.8,21.02,252,1
176.0,21.02,252,1
176.2,21.02,252,1
176.4,21.02,252,1
176.6,21.02,252,1
176.8,21.02,252,1
177.0,21.02,252,1
177.2,21.02,252,1
177.4,21.02,252,1
177.6,21.02,252,1
177.8,21.02,252,1
178.0,21.02,252,1
178.2,21.02,252,1
178.4,21.02,252,1
178.6,21.02,252,1
178.8,21.02,252,1
179.0,21.02,252,1
179.2,21.02,252,1
179.4,21.02,252,1
179.6,21.02,252,1
179.8,21.02,252,1
180.0,21.02,252,1
180.2,21.02,252,1
180.4,21.02,252,1
180.6,21.02,252,1
180.8,21.02,252,1
181.0,21.02,252,1
181.2,21.02,252,1
181.4,21.02,252,1
181.6,21.02,252,1
181.8,21.02,252,1
182.0,21.02,252,1
182.2,21.02,252,1
182.4,21.02,252,1
182.6,21.02,252,1
182.8,21.02,252,1
183.0,21.02,252,1
183.2,21.02,252,1
183.4,21.02,252,1
183.6,21.02,252,1
183.8,21.02,252,1
184.0,21.02,252,1
184.2,21.02,252,1
184.4,21.02,252,1
184.6,21.02,252,1
184.8,21.02,252,1
185.0,21.02,252,1
185.2,21.02,252,1
185.4,21.02,252,1
185.6,21.02,252,1
185.8,21.02,252,1
186.0,21.02,252,1
186.2,21.02,252,1
186.4,21.02,252,1
186.6,21.02,252,1
186.8,21.02,252,1
187.0,21.02,252,1
187.2,21.02,252,1
187.4,21.02,252,1
187.6,21.02,252,1
187.8,21.02,252,1
188.0,21.02,252,1
188.2,21.02,252,1
188.4,21.02,252,1
188.6,21.02,252,1
188.8,21.02,252,1
189.0,21.02,252,1
189.2,21.02,252,1
189.4,21.04,252,1
189.6,21.07,252,1
189.8,21.2,252,1
190.0,21.45,252,1
190.2,21.75,252,1
190.4,22.12,252,1
190.6,22.51,252,1
190.8,22.95,252,1
191.0,23.39,252,1
191.2,23.86,252,1
191.4,24.32,252,1
191.6,24.78,252,1
191.8,25.28,252,1
192.0,25.78,252,1
192.2,26.25,252,1
192.4,26.72,252,1
192.6,27.19,252,1
192.8,27.67,252,1
193.0,28.12,252,1
193.2,28.58,252,1
193.4,29.03,252,1
193.6,29.46,252,1
193.8,29.91,252,1
194.0,30.35,252,1
194.2,30.79,252,1
194.4,31.22,5,0
194.6,31.63,6,0
194.8,31.98,6,0
195.0,32.24,7,0
195.2,32.41,7,0
195.4,32.5,7,0
195.6,32.53,7,0
195.8,32.53,8,0
196.0,32.47,8,0
196.2,32.4,8,0
196.4,32.35,7,0
196.6,32.26,7,0
196.8,32.16,7,0
197.0,32.06,7,0
197.2,31.95,7,0
197.4,31.82,7,0
197.6,31.7,7,0
197.8,31.58,7,0
198.0,31.47,7,0
198.2,31.35,7,0
198.4,31.24,6,0
198.6,31.13,6,0
198.8,31.02,6,0
199.0,30.91,6,0
199.2,30.8,6,0
199.4,30.7,6,0
199.6,30.59,6,0
199.8,30.5,6,0
200.0,30.41,6,0
200.2,30.3,6,0
200.4,30.22,252,1
200.6,30.17,252,1
200.8,30.2,252,1
201.0,30.33,252,0
201.2,30.53,252,0
201.4,30.7,252,0
201.6,30.75,252,0
201.8,30.73,252,0
202.0,30.63,252,0
202.2,30.47,252,0
202.4,30.29,252,0
202.6,30.09,252,0
202.8,29.86,252,0
203.0,29.61,252,0
203.2,29.35,252,0
203.4,29.1,252,0
203.6,28.89,252,0
203.8,28.62,252,0
204.0,28.37,252,0
204.2,28.11,252,0
204.4,27.87,252,0
204.6,27.62,252,0
204.8,27.39,252,0
205.0,27.13,252,0
205.2,26.89,252,0
205.4,26.67,252,0
205.6,26.45,252,0
205.8,26.24,252,0
206.0,26.03,252,0
206.2,25.81,252,0
206.4,25.61,252,0
206.6,25.4,252,0
206.8,25.18,252,0
207.0,24.99,252,0
207.2,24.78,252,0
207.4,24.61,252,0
207.6,24.42,252,0
207.8,24.23,252,0
208.0,24.05,252,0
208.2,23.87,252,0
208.4,23.7,252,0
208.6,23.53,252,0
208.8,23.35,252,0
209.0,23.18,252,0
209.2,23.02,252,0
209.4,22.87,252,0
209.6,22.71,252,0
209.8,22.55,252,0
210.0,22.4,69,0
210.2,22.25,69,0
210.4,22.14,56,0
210.6,22.06,56,0
210.8,22.02,56,0
211.0,22.01,56,0
211.2,22.01,56,0
211.4,22.0,56,0
211.6,22.03,56,0
211.8,22.06,56,0
212.0,22.14,56,0
212.2,22.16,56,0
212.4,22.19,56,0
212.6,22.2,56,0
212.8,22.23,56,0
213.0,22.26,56,0
213.2,22.26,56,0
213.4,22.27,56,0
213.6,22.31,56,0
213.8,22.37,56,0
214.0,22.4,56,0
214.2,22.4,56,0
214.4,22.42,56,0
214.6,22.41,56,0
214.8,22.42,56,0
215.0,22.43,56,0
215.2,22.4,56,0
215.4,22.41,56,0
215.6,22.42,56,0
215.8,22.47,56,0
216.0,22.45,3,1
216.2,22.45,3,1
216.4,22.45,3,1
216.6,22.48,3,1
216.8,22.52,3,1
217.0,22.55,3,1
217.2,22.57,2,1
217.4,22.64,2,1
217.6,22.66,2,1
217.8,22.73,2,1
218.0,22.76,2,1
218.2,22.8,2,1
218.4,22.82,2,1
218.6,22.87,2,1
218.8,22.9,2,1
219.0,22.91,2,1
219.2,22.97,2,1
219.4,22.98,2,1
219.6,23.05,2,1
219.8,23.08,2,1
220.0,23.09,19,1
220.2,23.1,19,1
220.4,23.14,19,1
220.6,23.18,19,1
220.8,23.21,19,1
221.0,23.24,18,1
221.2,23.33,18,1
221.4,23.33,18,1
221.6,23.43,17,1
221.8,23.43,17,1
222.0,23.51,16,1
222.2,23.55,16,1
222.4,23.62,15,1
222.6,23.69,14,1
222.8,23.66,14,1
223.0,23.73,13,1
223.2,23.76,13,1
223.4,23.81,13,1
223.6,23.84,12,1
223.8,23.87,12,1
224.0,23.92,12,1
224.2,23.95,11,1
224.4,23.97,11,1
224.6,23.98,11,1
224.8,24.03,10,1
225.0,24.06,10,1
225.2,24.07,10,1
225.4,24.09,9,1
225.6,24.11,9,1
225.8,24.13,9,1
226.0,24.15,9,1
226.2,24.16,9,1
226.4,24.18,9,1
226.6,24.17,8,1
226.8,24.18,8,1
227.0,24.18,8,1
227.2,24.22,8,1
227.4,24.28,8,1
227.6,24.27,8,1
227.8,24.27,7,1
228.0,24.28,7,1
228.2,24.29,7,1
228.4,24.29,7,1
228.6,24.32,7,1
228.8,24.31,7,1
229.0,24.33,7,1
229.2,24.34,7,1
229.4,24.35,7,1
229.6,24.36,7,1
229.8,24.34,6,1
230.0,24.36,6,1
230.2,24.38,7,1
230.4,24.39,6,1
230.6,24.38,6,1
230.8,24.39,6,1
231.0,24.39,6,1
231.2,24.4,6,1
231.4,24.39,6,1
231.6,24.42,6,1
231.8,24.42,6,1
232.0,24.41,6,1
232.2,24.43,6,1
232.4,24.43,6,1
232.6,24.43,6,1
232.8,24.44,6,1
233.0,24.44,6,1
233.2,24.44,6,1
233.4,24.46,6,1
233.6,24.46,6,1
233.8,24.47,5,1
234.0,24.47,5,1
234.2,24.48,5,1
234.4,24.47,5,1
234.6,24.46,5,1
234.8,24.47,5,1
235.0,24.48,5,1
235.2,24.47,5,1
235.4,24.48,5,1
235.6,24.49,5,1
235.8,24.49,5,1
236.0,24.49,5,1
236.2,24.49,5,1
236.4,24.49,5,1
236.6,24.5,5,1
236.8,24.49,5,1
237.0,24.49,5,1
237.2,24.5,5,1
237.4,24.49,5,1
237.6,24.51,5,1
237.8,24.52,5,1
238.0,24.51,5,1
238.2,24.52,5,1
238.4,24.52,5,1
238.6,24.52,5,1
238.8,24.52,5,1
239.0,24.51,5,1
239.2,24.52,5,1
239.4,24.53,5,1
239.6,24.54,5,1
239.8,24.54,5,1
240.0,24.54,5,1
240.2,24.54,5,1
240.4,24.54,5,1
240.6,24.55,5,1
240.8,24.55,5,1
241.0,24.53,4,1
241.2,24.55,4,1
241.4,24.57,5,1
241.6,24.55,4,1
241.8,24.55,4,1
242.0,24.57,4,1
242.2,24.58,4,1
242.4,24.54,4,1
242.6,24.54,4,1
242.8,24.55,5,1
243.0,24.56,5,1
243.2,24.54,4,1
243.4,24.57,4,1
243.6,24.57,5,1
243.8,24.57,4,1
244.0,24.53,4,1
244.2,24.59,4,1
244.4,24.57,5,1
244.6,24.54,4,1
244.8,24.58,4,1
245.0,24.58,5,1
245.2,24.58,4,1
245.4,24.58,4,1
245.6,24.58,4,1
245.8,24.6,4,1
246.0,24.6,4,1
246.2,24.6,4,1
246.4,24.61,4,1
246.6,24.56,4,1
246.8,24.57,4,1
247.0,24.56,4,1
247.2,24.6,4,1
247.4,24.59,4,1
247.6,24.61,4,1
247.8,24.62,4,1
248.0,24.62,4,1
248.2,24.62,4,1
248.4,24.56,4,1
248.6,24.58,4,1
248.8,24.59,4,1
249.0,24.6,4,1
249.2,24.6,4,1
249.4,24.61,4,1
249.6,24.6,4,1
249.8,24.63,4,1
250.0,24.62,4,1
250.2,24.63,4,1
250.4,24.62,4,1
250.6,24.58,4,1
250.8,24.59,4,1
251.0,24.61,4,1
251.2,24.61,4,1
251.4,24.62,4,1
251.6,24.64,4,1
251.8,24.63,4,1
252.0,24.64,4,1
252.2,24.58,4,1
252.4,24.62,4,1
252.6,24.58,4,1
252.8,24.6,4,1
253.0,24.62,4,1
253.2,24.63,4,1
253.4,24.62,4,1
253.6,24.62,4,1
253.8,24.63,0,1
254.0,24.63,0,1
254.2,24.62,0,1
254.4,24.63,0,1
254.6,24.62,0,1
254.8,24.61,0,1
255.0,24.61,0,1
255.2,24.61,0,1
255.4,24.6,0,1
255.6,24.57,2,1
255.8,24.55,2,1
256.0,24.56,2,1
256.2,24.59,2,1
256.4,24.6,2,1
256.6,24.57,2,1
256.8,24.56,2,1
257.0,24.55,2,1
257.2,24.56,2,1
257.4,24.52,2,1
257.6,24.52,2,1
257.8,24.53,2,1
258.0,24.56,2,1
258.2,24.56,2,1
258.4,24.56,2,1
258.6,24.56,2,1
258.8,24.53,2,1
259.0,24.53,2,1
259.2,24.53,2,1
259.4,24.51,2,1
259.6,24.51,2,1
259.8,24.51,2,1
260.0,24.54,2,1
260.2,24.55,2,1
260.4,24.54,2,1
260.6,24.52,2,1
260.8,24.52,2,1
261.0,24.52,2,1
261.2,24.49,2,1
261.4,24.48,2,1
261.6,24.52,3,1
261.8,24.52,3,1
262.0,24.53,2,1
262.2,24.52,2,1
262.4,24.52,2,1
262.6,24.5,2,1
262.8,24.48,2,1
263.0,24.5,2,1
263.2,24.5,3,1
263.4,24.52,2,1
263.6,24.48,2,1
263.8,24.51,2,1
264.0,24.49,3,1
264.2,24.51,2,1
264.4,24.5,3,1
264.6,24.49,2,1
264.8,24.47,2,1
265.0,24.49,3,1
265.2,24.49,3,1
265.4,24.49,3,1
265.6,24.49,3,1
265.8,24.49,3,1
266.0,24.49,3,1
266.2,24.5,3,1
266.4,24.5,3,1
266.6,24.49,2,1
266.8,24.49,2,1
267.0,24.49,3,1
267.2,24.49,3,1
267.4,24.49,3,1
267.6,24.5,3,1
267.8,24.5,3,1
268.0,24.51,2,1
268.2,24.49,2,1
268.4,24.5,2,1
268.6,24.5,3,1
268.8,24.5,0,1
269.0,24.5,0,1
269.2,24.49,0,1
269.4,24.49,0,1
269.6,24.5,1,1
269.8,24.49,1,1
270.0,24.48,0,1
270.2,24.47,1,1
270.4,24.47,1,1
270.6,24.45,1,1
270.8,24.46,1,1
271.0,24.46,1,1
271.2,24.45,1,1
271.4,24.46,1,1
271.6,24.45,1,1
271.8,24.45,1,1
272.0,24.44,1,1
272.2,24.43,1,1
272.4,24.43,1,1
272.6,24.42,11,1
272.8,24.42,11,1
273.0,24.43,12,1
273.2,24.43,12,1
273.4,24.45,11,1
273.6,24.45,11,1
273.8,24.48,11,1
274.0,24.49,11,1
274.2,24.51,10,1
274.4,24.53,10,1
274.6,24.56,10,1
274.8,24.56,9,1
275.0,24.57,9,1
275.2,24.59,9,1
275.4,24.61,9,1
275.6,24.61,8,1
275.8,24.65,8,1
276.0,24.64,8,1
276.2,24.65,7,1
276.4,24.68,7,1
276.6,24.68,7,1
276.8,24.68,6,1
277.0,24.7,6,1
277.2,24.69,6,1
277.4,24.72,6,1
277.6,24.7,6,1
277.8,24.74,6,1
278.0,24.72,6,1
278.2,24.75,5,1
278.4,24.73,6,1
278.6,24.75,5,1
278.8,24.75,5,1
279.0,24.75,5,1
279.2,24.76,5,1
279.4,24.75,5,1
279.6,24.76,5,1
279.8,24.77,5,1
280.0,24.78,5,1
280.2,24.77,5,1
280.4,24.79,4,1
280.6,24.78,5,1
280.8,24.79,4,1
281.0,24.75,4,1
281.2,24.74,4,1
281.4,24.77,5,1
281.6,24.78,5,1
281.8,24.79,5,1
282.0,24.79,4,1
282.2,24.78,4,1
282.4,24.79,4,1
282.6,24.81,4,1
282.8,24.8,4,1
283.0,24.76,4,1
283.2,24.76,4,1
283.4,24.78,5,1
283.6,24.79,5,1
283.8,24.78,4,1
284.0,24.78,4,1
284.2,24.8,4,1
284.4,24.77,4,1
284.6,24.8,4,1
284.8,24.77,5,1
285.0,24.75,4,1
285.2,24.78,5,1
285.4,24.78,5,1
285.6,24.78,4,1
285.8,24.79,4,1
286.0,24.79,4,1
286.2,24.8,4,1
286.4,24.76,4,1
286.6,24.81,4,1
286.8,24.78,5,1
287.0,24.77,4,1
287.2,24.77,4,1
287.4,24.8,5,1
287.6,24.8,5,1
287.8,24.79,4,1
288.0,24.81,4,1
288.2,24.82,4,1
288.4,24.81,4,1
288.6,24.82,4,1
288.8,24.76,4,1
289.0,24.78,4,1
289.2,24.8,5,1
289.4,24.8,4,1
289.6,24.82,4,1
289.8,24.8,4,1
290.0,24.81,4,1
290.2,24.82,4,1
290.4,24.81,4,1
290.6,24.77,4,1
290.8,24.81,4,1
291.0,24.79,5,1
291.2,24.82,4,1
291.4,24.81,4,1
291.6,24.8,4,1
291.8,24.81,4,1
292.0,24.83,4,1
292.2,24.83,4,1
292.4,24.81,3,1
292.6,24.8,3,1
292.8,24.79,4,1
293.0,24.78,4,1
293.2,24.82,4,1
293.4,24.81,4,1
293.6,24.82,4,1
293.8,24.83,4,1
294.0,24.83,4,1
294.2,24.81,3,1
294.4,24.81,3,1
294.6,24.79,4,1
294.8,24.77,4,1
295.0,24.79,4,1
295.2,24.82,5,1
295.4,24.82,4,1
295.6,24.81,4,1
295.8,24.83,4,1
296.0,24.83,4,1
296.2,24.81,3,1
296.4,24.81,3,1
296.6,24.79,4,1
296.8,24.78,4,1
297.0,24.81,4,1
297.2,24.82,4,1
297.4,24.82,4,1
297.6,24.82,4,1
297.8,24.82,4,1
298.0,24.84,4,1
298.2,24.82,4,1
298.4,24.82,3,1
298.6,24.78,4,1
298.8,24.78,4,1
299.0,24.81,4,1
299.2,24.82,4,1
299.4,24.82,4,1
299.6,24.84,4,1
299.8,24.84,4,1
300.0,24.83,3,1
300.2,24.82,3,1
300.4,24.82,3,1
300.6,24.82,0,1
300.8,24.82,0,1
301.0,24.8,7,1
301.2,24.81,7,1
301.4,24.81,8,1
301.6,24.79,8,1
301.8,24.79,8,1
302.0,24.8,8,1
302.2,24.85,8,1
302.4,24.86,8,1
302.6,24.85,6,1
302.8,24.85,6,1
303.0,24.85,6,1
303.2,24.88,6,1
303.4,24.87,6,1
303.6,24.88,6,1
303.8,24.89,5,1
304.0,24.9,5,1
304.2,24.87,4,1
304.4,24.89,4,1
304.6,24.9,5,1
304.8,24.91,4,1
305.0,24.92,4,1
305.2,24.91,4,1
305.4,24.91,3,1
305.6,24.94,4,1
305.8,24.94,4,1
306.0,24.93,2,1
306.2,24.94,2,1
306.4,24.91,3,1
306.6,24.91,2,1
306.8,24.91,4,1
307.0,24.91,4,1
307.2,24.91,4,1
307.4,24.93,4,1
307.6,24.92,4,1
307.8,24.9,3,1
308.0,24.9,3,1
308.2,24.88,4,1
308.4,24.87,4,1
308.6,24.9,5,1
308.8,24.9,5,1
309.0,24.9,4,1
309.2,24.91,4,1
309.4,24.91,4,1
309.6,24.91,4,1
309.8,24.87,4,1
310.0,24.88,4,1
310.2,24.86,4,1
310.4,24.89,5,1
310.6,24.9,6,1
310.8,24.9,6,1
311.0,24.89,1,1
311.2,24.91,6,1
311.4,24.91,7,1
311.6,24.91,5,1
311.8,24.9,5,1
312.0,24.91,5,1
312.2,24.91,6,1
312.4,24.92,5,1
312.6,24.93,5,1
312.8,24.93,5,1
313.0,24.95,4,1
313.2,24.95,4,1
313.4,24.93,3,1
313.6,24.93,3,1
313.8,24.91,4,1
314.0,24.91,4,1
314.2,24.93,5,1
314.4,24.94,5,1
314.6,24.94,4,1
314.8,24.94,4,1
315.0,24.96,4,1
315.2,24.96,4,1
315.4,24.91,2,1
315.6,24.96,2,1
315.8,24.93,5,1
316.0,24.96,2,1
316.2,24.94,4,1
316.4,24.93,2,1
316.6,24.93,4,1
316.8,24.94,4,1
317.0,24.95,4,1
317.2,24.96,4,1
317.4,24.92,3,1
317.6,24.95,2,1
317.8,24.92,5,1
318.0,24.92,3,1
318.2,24.93,5,1
318.4,24.93,5,1
318.6,24.93,4,1
318.8,24.94,4,1
319.0,24.94,4,1
319.2,24.95,4,1
319.4,24.9,4,1
319.6,24.93,3,1
319.8,24.93,6,1
320.0,24.91,4,1
320.2,24.93,4,1
320.4,24.94,5,1
320.6,24.94,4,1
320.8,24.94,4,1
321.0,24.97,4,1
321.2,24.94,4,1
321.4,24.94,2,1
321.6,24.95,4,1
321.8,24.93,0,1
322.0,24.93,0,1
322.2,24.95,6,1
322.4,24.91,6,1
322.6,24.96,4,1
322.8,24.91,7,1
323.0,24.92,3,1
323.2,24.92,7,1
323.4,24.93,6,1
323.6,24.94,6,1
323.8,24.93,6,1
324.0,24.94,5,1
324.2,24.94,6,1
324.4,24.96,5,1
324.6,24.95,5,1
324.8,24.96,3,1
325.0,24.95,3,1
325.2,24.96,3,1
325.4,24.95,4,1
325.6,24.96,3,1
325.8,24.97,4,1
326.0,24.96,3,1
326.2,24.97,2,1
326.4,24.97,3,1
326.6,24.92,2,1
326.8,24.94,2,1
327.0,24.96,6,1
327.2,24.95,5,1
327.4,24.96,3,1
327.6,24.93,4,1
327.8,24.95,3,1
328.0,24.96,6,1
328.2,24.95,4,1
328.4,24.95,3,1
328.6,24.98,4,1
328.8,24.97,4,1
329.0,24.97,2,1
329.2,24.98,2,1
329.4,24.97,2,1
329.6,24.97,2,1
329.8,24.95,2,1
330.0,24.95,2,1
330.2,24.95,4,1
330.4,24.97,4,1
330.6,24.95,4,1
330.8,24.9,2,1
331.0,24.9,4,1
331.2,24.95,8,1
331.4,24.95,8,1
331.6,24.93,4,1
331.8,24.94,4,1
332.0,24.92,6,1
332.2,24.94,5,1
332.4,24.95,6,1
332.6,24.95,5,1
332.8,24.97,4,1
333.0,24.93,4,1
333.2,24.98,2,1
333.4,24.96,6,1
333.6,24.97,2,1
333.8,24.97,3,1
334.0,24.97,2,1
334.2,24.94,2,1
334.4,24.94,2,1
334.6,24.96,5,1
334.8,24.96,5,1
335.0,24.97,3,1
335.2,24.95,3,1
335.4,24.95,2,1
335.6,24.96,4,1
335.8,24.95,4,1
336.0,24.95,3,1
336.2,24.97,4,1
336.4,24.97,4,1
336.6,24.93,2,1
336.8,24.97,2,1
337.0,24.95,6,1
337.2,24.96,2,1
337.4,24.95,4,1
337.6,24.94,3,1
337.8,24.95,4,1
338.0,24.95,5,1
338.2,24.97,4,1
338.4,24.96,4,1
338.6,24.96,2,1
338.8,24.95,3,1
339.0,24.94,3,1
339.2,24.93,4,1
339.4,24.95,5,1
339.6,24.94,6,1
339.8,24.94,4,1
340.0,24.94,5,1
340.2,24.95,5,1
340.4,24.95,5,1
340.6,24.93,4,1
340.8,24.92,4,1
341.0,24.95,6,1
341.2,24.95,6,1
341.4,24.96,4,1
341.6,24.97,4,1
341.8,24.96,3,1
342.0,24.94,2,1
342.2,24.97,3,1
342.4,24.97,5,1
342.6,24.98,2,1
342.8,24.99,2,1
343.0,24.99,2,1
343.2,24.96,1,1
343.4,24.95,1,1
343.6,24.96,3,1
343.8,24.97,4,1
344.0,24.95,3,1
344.2,24.96,2,1
344.4,24.93,4,1
344.6,24.95,3,1
344.8,24.95,6,1
345.0,24.95,4,1
345.2,24.94,4,1
345.4,24.95,4,1
345.6,24.94,5,1
345.8,24.96,4,1
346.0,24.95,5,1
346.2,24.95,3,1
346.4,24.91,4,1
346.6,24.92,4,1
346.8,24.95,7,1
347.0,24.94,6,1
347.2,24.95,4,1
347.4,24.95,5,1
347.6,24.97,4,1
347.8,24.98,4,1
348.0,24.94,2,1
348.2,24.98,2,1
348.4,24.96,5,1
348.6,24.94,2,1
348.8,24.96,3,1
349.0,24.97,5,1
349.2,24.96,3,1
349.4,24.96,2,1
349.6,24.97,3,1
349.8,24.96,3,1
350.0,24.97,2,1
350.2,24.96,3,1
350.4,24.97,2,1
350.6,24.95,3,1
350.8,24.95,2,1
351.0,24.95,4,1
351.2,24.95,4,1
351.4,24.96,4,1
351.6,24.92,4,1
351.8,24.95,163,1
352.0,24.96,255,1
352.2,25.04,255,1
352.4,25.22,255,1
352.6,25.47,255,1
352.8,25.8,255,1
353.0,26.17,255,1
353.2,26.57,255,1
353.4,27.01,255,1
353.6,27.45,255,1
353.8,27.92,255,1
354.0,28.38,255,1
354.2,28.85,255,1
354.4,29.32,255,1
354.6,29.79,255,1
354.8,30.25,255,1
355.0,30.72,255,1
355.2,31.19,255,1
355.4,31.64,255,1
355.6,32.11,255,1
355.8,32.55,255,1
356.0,32.99,255,1
356.2,33.44,255,1
356.4,33.86,255,1
356.6,34.3,255,1
356.8,34.73,255,1
357.0,35.15,255,1
357.2,35.57,255,1
357.4,35.97,255,1
357.6,36.39,255,1
357.8,36.79,255,1
358.0,37.17,255,1
358.2,37.57,255,1
358.4,37.95,255,1
358.6,38.32,255,1
358.8,38.69,255,1
359.0,39.06,255,1
359.2,39.43,255,1
359.4,39.78,235,1
359.6,40.12,206,1
359.8,40.46,178,1
360.0,40.81,150,1
360.2,41.11,123,1
360.4,41.39,95,1
360.6,41.58,71,1
360.8,41.77,49,1
361.0,41.91,34,1
361.2,41.98,18,1
361.4,42.03,7,1
361.6,41.99,2,1
361.8,41.97,2,0
362.0,41.89,1,1
362.2,41.8,2,1
362.4,41.65,9,1
362.6,41.51,16,1
362.8,41.35,28,1
363.0,41.2,39,1
363.2,41.08,52,1
363.4,40.95,64,1
363.6,40.84,74,1
363.8,40.71,84,1
364.0,40.65,93,1
364.2,40.59,103,1
364.4,40.55,108,1
364.6,40.53,113,1
364.8,40.54,116,1
365.0,40.58,118,1
365.2,40.61,117,1
365.4,40.68,114,1
365.6,40.74,111,1
365.8,40.78,106,1
366.0,40.88,101,1
366.2,40.97,98,1
366.4,41.03,90,1
366.6,41.12,82,1
366.8,41.2,78,1
367.0,41.27,70,1
367.2,41.32,64,1
367.4,41.33,58,1
367.6,41.38,54,1
367.8,41.42,54,1
368.0,41.44,50,1
368.2,41.44,46,1
368.4,41.44,45,1
368.6,41.42,45,1
368.8,41.4,45,1
369.0,41.4,46,1
369.2,41.37,48,1
369.4,41.34,48,1
369.6,41.32,50,1
369.8,41.28,53,1
370.0,41.25,54,1
370.2,41.24,58,1
370.4,41.21,60,1
370.6,41.21,61,1
370.8,41.19,63,1
371.0,41.18,63,1
371.2,41.19,65,1
371.4,41.19,66,1
371.6,41.2,65,1
371.8,41.21,65,1
372.0,41.22,64,1
372.2,41.24,63,1
372.4,41.25,62,1
372.6,41.27,61,1
372.8,41.29,60,1
373.0,41.31,58,1
373.2,41.32,57,1
373.4,41.35,55,1
373.6,41.36,54,1
373.8,41.38,52,1
374.0,41.38,51,1
374.2,41.39,50,1
374.4,41.41,50,1
374.6,41.41,49,1
374.8,41.41,47,1
375.0,41.43,47,1
375.2,41.41,47,1
375.4,41.4,46,1
375.6,41.41,47,1
375.8,41.41,48,1
376.0,41.41,47,1
376.2,41.4,47,1
376.4,41.39,47,1
376.6,41.39,48,1
376.8,41.39,49,1
377.0,41.38,49,1
377.2,41.39,49,1
377.4,41.4,50,1
377.6,41.39,49,1
377.8,41.38,48,1
378.0,41.39,49,1
378.2,41.37,50,1
378.4,41.4,49,1
378.6,41.4,50,1
378.8,41.41,48,1
379.0,41.41,48,1
379.2,41.42,47,1
379.4,41.43,47,1
379.6,41.44,46,1
379.8,41.43,46,1
380.0,41.44,45,1
380.2,41.45,46,1
380.4,41.44,45,1
380.6,41.42,44,1
380.8,41.44,45,1
381.0,41.42,46,1
381.2,41.45,45,1
381.4,41.42,46,1
381.6,41.47,44,1
381.8,41.46,46,1
382.0,41.44,42,1
382.2,41.46,43,1
382.4,41.46,45,1
382.6,41.47,43,1
382.8,41.46,43,1
383.0,41.46,42,1
383.2,41.47,43,1
383.4,41.46,43,1
383.6,41.46,42,1
383.8,41.46,43,1
384.0,41.44,43,1
384.2,41.46,43,1
384.4,41.47,45,1
384.6,41.47,43,1
384.8,41.46,42,1
385.0,41.48,42,1
385.2,41.47,43,1
385.4,41.46,42,1
385.6,41.47,42,1
385.8,41.47,43,1
386.0,41.47,42,1
386.2,41.47,21,1
386.4,41.45,21,1
386.6,41.47,21,1
386.8,41.42,22,1
387.0,41.41,21,1
387.2,41.37,23,1
387.4,41.33,24,1
387.6,41.31,25,1
387.8,41.27,27,1
388.0,41.25,28,1
388.2,41.21,29,1
388.4,41.17,30,1
388.6,41.17,32,1
388.8,41.13,33,1
389.0,41.1,33,1
389.2,41.07,35,1
389.4,41.03,36,1
389.6,41.04,37,1
389.8,41.03,39,1
390.0,40.98,38,1
390.2,41.0,39,1
390.4,41.0,41,1
390.6,40.96,40,1
390.8,40.97,40,1
391.0,41.0,42,1
391.2,41.0,41,1
391.4,41.01,40,1
391.6,41.01,40,1
391.8,41.03,40,1
392.0,41.0,40,1
392.2,41.02,39,1
392.4,41.02,40,1
392.6,41.02,39,1
392.8,41.04,39,1
393.0,41.03,39,1
393.2,41.04,38,1
393.4,41.06,39,1
393.6,41.07,38,1
393.8,41.03,38,1
394.0,41.06,37,1
394.2,41.08,39,1
394.4,41.09,38,1
394.6,41.09,37,1
394.8,41.08,36,1
395.0,41.07,1,1
395.2,41.07,9,1
395.4,41.07,93,1
395.6,41.05,93,1
395.8,41.04,93,1
396.0,41.06,95,1
396.2,41.09,96,1
396.4,41.11,94,1
396.6,41.23,91,1
396.8,41.32,89,1
397.0,41.42,77,1
397.2,41.51,68,1
397.4,41.58,58,1
397.6,41.69,49,1
397.8,41.78,42,1
398.0,41.84,31,1
398.2,41.84,22,1
398.4,41.92,16,1
398.6,41.92,16,1
398.8,41.92,8,1
399.0,41.94,8,1
399.2,41.91,8,1
399.4,41.87,6,1
399.6,41.83,9,1
399.8,41.78,13,1
400.0,41.72,17,1
400.2,41.63,22,1
400.4,41.63,28,1
400.6,41.55,37,1
400.8,41.5,37,1
401.0,41.46,45,1
401.2,41.43,50,1
401.4,41.4,54,1
401.6,41.39,57,1
401.8,41.39,60,1
402.0,41.4,61,1
402.2,41.42,61,1
402.4,41.45,60,1
402.6,41.46,58,1
402.8,41.51,55,1
403.0,41.53,54,1
403.2,41.58,49,1
403.4,41.62,47,1
403.6,41.65,42,1
403.8,41.65,38,1
404.0,41.7,35,1
404.2,41.72,35,1
404.4,41.72,30,1
404.6,41.75,28,1
404.8,41.72,28,1
405.0,41.74,25,1
405.2,41.75,28,1
405.4,41.7,26,1
405.6,41.7,25,1
405.8,41.68,30,1
406.0,41.66,30,1
406.2,41.64,32,1
406.4,41.58,34,1
406.6,41.59,36,1
406.8,41.56,42,1
407.0,41.56,41,1
407.2,41.51,44,1
407.4,41.51,44,1
407.6,41.55,49,1
407.8,41.54,49,1
408.0,41.54,45,1
408.2,41.52,46,1
408.4,41.55,46,1
408.6,41.55,48,1
408.8,41.57,45,1
409.0,41.61,45,1
409.2,41.63,43,1
409.4,41.62,39,1
409.6,41.63,37,1
409.8,41.67,38,1
410.0,41.68,37,1
410.2,41.68,33,1
410.4,41.68,32,1
410.6,41.67,32,1
410.8,41.64,32,1
411.0,41.67,33,1
411.2,41.67,36,1
411.4,41.65,33,1
411.6,41.65,33,1
411.8,41.63,35,1
412.0,41.63,35,1
412.2,41.61,37,1
412.4,41.62,37,1
412.6,41.61,39,1
412.8,41.6,38,1
413.0,41.59,39,1
413.2,41.6,40,1
413.4,41.59,41,1
413.6,41.55,40,1
413.8,41.59,41,1
414.0,41.59,45,1
414.2,41.6,41,1
414.4,41.6,41,1
414.6,41.61,40,1
414.8,41.6,40,1
415.0,41.62,12,1
415.2,41.63,12,1
415.4,41.61,11,1
415.6,41.59,11,1
415.8,41.55,12,1
416.0,41.54,12,1
416.2,41.49,14,1
416.4,41.45,14,1
416.6,41.4,15,1
416.8,41.38,16,1
417.0,41.3,18,1
417.2,41.26,19,1
417.4,41.23,21,1
417.6,41.15,22,1
417.8,41.13,23,1
418.0,41.1,26,1
418.2,41.06,26,1
418.4,41.04,27,1
418.6,41.02,28,1
418.8,40.98,29,1
419.0,40.96,29,1
419.2,40.93,31,1
419.4,40.92,31,1
419.6,40.92,32,1
419.8,40.9,32,1
420.0,40.88,32,1
420.2,40.86,33,1
420.4,40.87,34,1
420.6,40.88,34,1
420.8,40.87,34,1
421.0,40.86,34,1
421.2,40.83,34,1
421.4,40.82,34,1
421.6,40.84,35,1
421.8,40.85,35,1
422.0,40.86,35,1
422.2,40.85,34,1
422.4,40.86,34,1
422.6,40.87,34,1
422.8,40.87,34,1
423.0,40.87,34,1
423.2,40.84,34,1
423.4,40.82,34,1
423.6,40.87,35,1
423.8,40.86,35,1
424.0,40.87,34,1
424.2,40.87,34,1
424.4,40.88,34,1
424.6,40.89,34,1
424.8,40.89,34,1
425.0,40.87,33,1
425.2,40.87,33,1
425.4,40.86,34,1
425.6,40.85,34,1
425.8,40.88,34,1
426.0,40.87,34,1
426.2,40.88,34,1
426.4,40.9,34,1
426.6,40.89,34,1
426.8,40.88,33,1
427.0,40.88,33,1
427.2,40.82,34,1
427.4,40.84,34,1
427.6,40.88,35,1
427.8,40.88,35,1
428.0,40.89,34,1
428.2,40.88,34,1
428.4,40.86,33,1
428.6,40.87,34,1
428.8,40.89,34,1
429.0,40.85,34,1
429.2,40.87,33,1
429.4,40.85,34,1
429.6,40.87,34,1
429.8,40.84,34,1
430.0,40.86,34,1
430.2,40.87,35,1
430.4,40.88,34,1
430.6,40.87,34,1
430.8,40.83,34,1
431.0,40.81,34,1
431.2,40.85,35,1
431.4,40.86,36,1
431.6,40.84,34,1
431.8,40.86,34,1
432.0,40.86,35,1
432.2,40.87,34,1
432.4,40.87,34,1
432.6,40.87,34,1
432.8,40.83,34,1
433.0,40.85,4,1
433.2,40.85,25,0
433.4,40.85,56,0
433.6,40.81,116,0
433.8,40.76,146,0
434.0,40.68,144,0
434.2,40.56,143,0
434.4,40.4,170,0
434.6,40.26,167,0
434.8,40.08,162,0
435.0,39.92,158,0
435.2,39.73,152,0
435.4,39.53,148,0
435.6,39.34,142,0
435.8,39.13,136,0
436.0,38.97,130,0
436.2,38.81,124,0
436.4,38.63,119,0
436.6,38.46,114,0
436.8,38.3,109,0
437.0,38.17,104,0
437.2,38.01,99,0
437.4,37.88,95,0
437.6,37.75,90,0
437.8,37.66,86,0
438.0,37.54,82,0
438.2,37.38,80,0
438.4,37.32,76,0
438.6,37.22,71,0
438.8,37.1,70,0
439.0,37.04,67,0
439.2,36.97,63,0
439.4,36.89,61,0
439.6,36.81,59,0
439.8,36.74,57,0
440.0,36.68,54,0
440.2,36.63,52,0
440.4,36.57,50,0
440.6,36.49,49,0
440.8,36.43,47,0
441.0,36.38,45,0
441.2,36.33,43,0
441.4,36.28,41,0
441.6,36.23,40,0
441.8,36.15,38,0
442.0,36.13,37,0
442.2,36.1,34,0
442.4,36.03,34,0
442.6,36.01,33,0
442.8,35.96,31,0
443.0,35.91,30,0
443.2,35.88,29,0
443.4,35.84,27,0
443.6,35.76,26,0
443.8,35.77,25,0
444.0,35.73,23,0
444.2,35.69,23,0
444.4,35.64,22,0
444.6,35.63,21,0
444.8,35.59,19,0
445.0,35.56,19,0
445.2,35.52,18,0
445.4,35.5,17,0
445.6,35.48,16,0
445.8,35.44,15,0
446.0,35.38,14,0
446.2,35.38,13,0
446.4,35.35,11,0
446.6,35.32,11,0
446.8,35.3,11,0
447.0,35.28,10,0
447.2,35.24,9,0
447.4,35.19,8,0
447.6,35.19,7,0
447.8,35.16,6,0
448.0,35.13,6,0
448.2,35.11,5,0
448.4,35.06,4,0
448.6,35.05,3,0
448.8,35.04,2,0
449.0,35.01,1,0
449.2,34.99,1,0
449.4,34.96,0,0
449.6,34.94,0,1
449.8,34.92,1,1
450.0,34.91,2,1
450.2,34.87,2,1
450.4,34.85,3,1
450.6,34.84,4,1
450.8,34.81,4,1
451.0,34.79,5,1
451.2,34.77,6,1
451.4,34.76,6,1
451.6,34.74,7,1
451.8,34.73,7,1
452.0,34.7,8,1
452.2,34.71,8,1
452.4,34.69,9,1
452.6,34.68,9,1
452.8,34.66,9,1
453.0,34.65,10,1
453.2,34.63,10,1
453.4,34.63,11,1
453.6,34.62,11,1
453.8,34.62,11,1
454.0,34.61,11,1
454.2,34.6,11,1
454.4,34.6,12,1
454.6,34.6,12,1
454.8,34.59,12,1
455.0,34.6,12,1
455.2,34.58,12,1
455.4,34.58,12,1
455.6,34.58,13,1
455.8,34.57,17,0
456.0,34.57,47,0
456.2,34.56,47,0
456.4,34.52,47,0
456.6,34.5,47,0
456.8,34.45,46,0
457.0,34.37,45,0
457.2,34.31,44,0
457.4,34.26,41,0
457.6,34.21,39,0
457.8,34.16,38,0
458.0,34.07,36,0
458.2,34.0,35,0
458.4,33.95,32,0
458.6,33.9,30,0
458.8,33.85,29,0
459.0,33.78,27,0
459.2,33.76,26,0
459.4,33.7,23,0
459.6,33.65,23,0
459.8,33.61,21,0
460.0,33.57,19,0
460.2,33.51,18,0
460.4,33.49,17,0
460.6,33.45,15,0
460.8,33.41,15,0
461.0,33.36,14,0
461.2,33.34,12,0
461.4,33.32,11,0
461.6,33.25,10,0
461.8,33.23,10,0
462.0,33.24,8,0
462.2,33.2,7,0
462.4,33.16,7,0
462.6,33.13,6,0
462.8,33.11,5,0
463.0,33.1,4,0
463.2,33.06,3,0
463.4,33.04,3,0
463.6,33.03,2,0
463.8,33.0,1,0
464.0,32.98,1,0
464.2,32.96,0,1
464.4,32.94,1,1
464.6,32.91,1,1
464.8,32.87,2,1
465.0,32.88,3,1
465.2,32.87,4,1
465.4,32.84,4,1
465.6,32.79,4,1
465.8,32.81,5,1
466.0,32.79,6,1
466.2,32.77,6,1
466.4,32.76,6,1
466.6,32.76,7,1
466.8,32.75,7,1
467.0,32.73,7,1
467.2,32.69,8,1
467.4,32.7,8,1
467.6,32.72,9,1
467.8,32.7,9,1
468.0,32.7,8,1
468.2,32.7,9,1
468.4,32.68,9,1
468.6,32.68,9,1
468.8,32.68,10,1
469.0,32.68,10,1
469.2,32.63,10,1
469.4,32.64,10,1
469.6,32.65,11,1
469.8,32.66,11,1
470.0,32.65,11,1
470.2,32.65,10,1
470.4,32.64,11,1
470.6,32.65,11,1
470.8,32.64,11,1
471.0,32.63,11,1
471.2,32.63,11,1
471.4,32.63,11,1
471.6,32.63,11,1
471.8,32.63,11,1
472.0,32.62,11,1
472.2,32.61,11,1
472.4,32.61,11,1
472.6,32.62,12,1
472.8,32.61,12,1
473.0,32.6,11,1
473.2,32.6,12,1
473.4,32.58,12,1
473.6,32.6,12,1
473.8,32.59,13,1
474.0,32.57,12,1
474.2,32.59,12,1
474.4,32.59,13,1
474.6,32.59,12,1
474.8,32.58,12,1
475.0,32.58,12,1
475.2,32.58,13,1
475.4,32.58,13,1
475.6,32.56,13,1
475.8,32.56,13,1
476.0,32.57,13,1
476.2,32.57,13,1
476.4,32.57,13,1
476.6,32.56,13,1
476.8,32.56,13,1
477.0,32.56,13,1
477.2,32.56,13,1
477.4,32.56,13,1
477.6,32.55,13,1
477.8,32.54,13,1
478.0,32.53,14,1
478.2,32.52,14,1
478.4,32.51,14,1
478.6,32.54,14,1
478.8,32.54,15,1
479.0,32.55,14,1
479.2,32.55,14,1
479.4,32.53,14,1
479.6,32.53,14,1
479.8,32.54,14,1
480.0,32.53,14,1
480.2,32.49,14,1
480.4,32.5,14,1
480.6,32.53,15,1
480.8,32.52,15,1
481.0,32.5,14,1
481.2,32.55,14,1
481.4,32.52,15,1
481.6,32.52,14,1
481.8,32.51,14,1
482.0,32.5,14,1
482.2,32.51,15,1
482.4,32.52,15,1
482.6,32.52,15,1
482.8,32.48,14,1
483.0,32.53,14,1
483.2,32.48,16,1
483.4,32.51,14,1
483.6,32.5,16,1
483.8,32.5,15,1
484.0,32.5,15,1
484.2,32.5,15,1
484.4,32.49,15,1
484.6,32.49,15,1
484.8,32.5,15,1
485.0,32.5,15,1
485.2,32.5,15,1
485.4,32.5,15,1
485.6,32.5,15,1
485.8,32.5,15,1
486.0,32.49,15,1
486.2,32.49,15,1
486.4,32.49,15,1
486.6,32.49,15,1
486.8,32.49,15,1
487.0,32.48,15,1
487.2,32.49,15,1
487.4,32.49,16,1
487.6,32.47,15,1
487.8,32.47,15,1
488.0,32.47,16,1
488.2,32.49,16,1
488.4,32.45,16,1
488.6,32.47,15,1
488.8,32.44,16,1
489.0,32.48,16,1
489.2,32.48,17,1
489.4,32.48,16,1
489.6,32.48,16,1
489.8,32.48,16,1
490.0,32.5,16,1
490.2,32.49,16,1
490.4,32.47,15,1
490.6,32.48,15,1
490.8,32.49,16,1
491.0,32.48,16,1
491.2,32.48,15,1
491.4,32.47,16,1
491.6,32.48,16,1
491.8,32.5,16,1
492.0,32.45,16,1
492.2,32.46,15,1
492.4,32.48,16,1
492.6,32.43,16,1
492.8,32.48,16,1
493.0,32.48,17,1
493.2,32.47,16,1
493.4,32.46,16,1
493.6,32.48,16,1
493.8,32.49,16,1
494.0,32.46,16,1
494.2,32.46,15,1
494.4,32.43,16,1
494.6,32.44,16,1
494.8,32.46,17,1
495.0,32.45,17,1
495.2,32.46,16,1
495.4,32.43,16,1
495.6,32.48,16,1
495.8,32.46,17,1
496.0,32.47,16,1
496.2,32.42,16,1
496.4,32.42,16,1
496.6,32.46,17,1
496.8,32.46,17,1
497.0,32.45,16,1
497.2,32.45,16,1
497.4,32.47,16,1
497.6,32.46,16,1
497.8,32.46,16,1
498.0,32.43,16,1
498.2,32.42,16,1
498.4,32.45,17,1
498.6,32.45,17,1
498.8,32.42,16,1
499.0,32.45,16,1
499.2,32.45,17,1
499.4,32.46,16,1
499.6,32.42,16,1
499.8,32.47,16,1
500.0,32.44,17,1
500.2,32.42,16,1
500.4,32.44,17,1
0.4,30.53,0,1
0.6,30.51,0,1
0.8,30.47,0,1
1.0,30.45,0,1
1.2,30.45,0,1
1.4,30.45,0,1
1.6,30.45,0,1
1.8,30.45,0,1
2.0,30.43,0,1
2.2,30.42,0,1
2.4,30.41,0,1
2.6,30.39,0,1
2.8,30.38,0,1
3.0,30.36,0,1
3.2,30.35,0,1
3.4,30.33,0,1
3.6,30.32,0,1
3.8,30.3,0,1
4.0,30.28,0,1
4.2,30.27,0,1
4.4,30.25,0,1
4.6,30.23,0,1
4.8,30.22,0,1
5.0,30.19,0,1
5.2,30.17,0,1
5.4,30.16,0,1
5.6,30.14,0,1
5.8,30.12,0,1
6.0,30.1,0,1
6.2,30.09,0,1
6.4,30.06,0,1
6.6,30.04,0,1
6.8,30.03,0,1
7.0,30.01,50,0
7.2,29.98,50,0
7.4,29.97,50,0
7.6,29.91,50,0
7.8,29.84,50,0
8.0,29.82,49,0
8.2,29.76,48,0
8.4,29.71,48,0
8.6,29.65,48,0
8.8,29.59,17,0
9.0,29.55,6,0
9.2,29.49,6,0
9.4,29.45,6,0
9.6,29.44,5,0
9.8,29.38,4,0
10.0,29.39,6,1
10.2,29.36,16,1
10.4,29.33,16,1
10.6,29.32,16,1
10.8,29.35,27,1
11.0,29.36,27,1
11.2,29.37,26,1
11.4,29.39,26,1
11.6,29.41,26,1
11.8,29.46,36,1
12.0,29.5,36,1
12.2,29.54,35,1
12.4,29.59,35,1
12.6,29.64,35,1
12.8,29.68,34,1
13.0,29.77,34,1
13.2,29.81,33,1
13.4,29.84,32,1
13.6,29.9,32,1
13.8,29.94,32,1
14.0,30.03,31,1
14.2,30.09,31,1
14.4,30.12,30,1
14.6,30.17,29,1
14.8,30.22,29,1
15.0,30.28,28,1
15.2,30.31,28,1
15.4,30.34,27,1
15.6,30.38,27,1
15.8,30.42,27,1
16.0,30.44,26,1
16.2,30.51,26,1
16.4,30.51,26,1
16.6,30.56,25,1
16.8,30.58,25,1
17.0,30.61,24,1
17.2,30.63,24,1
17.4,30.65,24,1
17.6,30.69,24,1
17.8,30.7,24,1
18.0,30.73,23,1
18.2,30.75,23,1
18.4,30.76,23,1
18.6,30.78,22,1
18.8,30.8,22,1
19.0,30.82,22,1
19.2,30.85,22,1
19.4,30.86,22,1
19.6,30.85,21,1
19.8,30.87,21,1
20.0,30.88,21,1
20.2,30.9,21,1
20.4,30.91,21,1
20.6,30.92,21,1
20.8,30.94,21,1
21.0,30.94,21,1
21.2,30.94,21,1
21.4,30.95,21,1
21.6,30.96,21,1
21.8,30.98,21,1
22.0,31.0,20,1
22.2,31.02,20,1
22.4,31.02,20,1
22.6,31.01,20,1
22.8,31.03,20,1
23.0,31.03,20,1
23.2,31.02,20,1
23.4,31.02,20,1
23.6,31.03,20,1
23.8,31.09,20,1
24.0,31.1,20,1
24.2,31.08,19,1
24.4,31.09,19,1
24.6,31.08,19,1
24.8,31.09,19,1
25.0,31.1,19,1
25.2,31.11,19,1
25.4,31.12,19,1
25.6,31.12,19,1
25.8,31.12,19,1
26.0,31.13,19,1
26.2,31.13,19,1
26.4,31.13,19,1
26.6,31.13,19,1
26.8,31.14,19,1
27.0,31.15,19,1
27.2,31.15,19,1
27.4,31.16,19,1
27.6,31.17,19,1
27.8,31.17,18,1
28.0,31.18,18,1
28.2,31.17,18,1
28.4,31.17,18,1
28.6,31.19,18,1
28.8,31.18,18,1
29.0,31.19,18,1
29.2,31.2,18,1
29.4,31.2,18,1
29.6,31.2,18,1
29.8,31.21,18,1
30.0,31.21,18,1
30.2,31.22,18,1
30.4,31.21,18,1
30.6,31.23,18,1
30.8,31.23,18,1
31.0,31.23,18,1
31.2,31.23,18,1
31.4,31.24,18,1
31.6,31.24,18,1
31.8,31.24,18,1
32.0,31.25,18,1
32.2,31.24,18,1
32.4,31.25,18,1
32.6,31.23,18,1
32.8,31.25,18,1
33.0,31.26,18,1
33.2,31.26,18,1
33.4,31.26,17,1
33.6,31.27,17,1
33.8,31.27,17,1
34.0,31.28,17,1
34.2,31.28,17,1
34.4,31.29,17,1
34.6,31.28,17,1
34.8,31.29,17,1
35.0,31.29,17,1
35.2,31.29,17,1
35.4,31.28,17,1
35.6,31.29,17,1
35.8,31.29,17,1
36.0,31.3,17,1
36.2,31.3,17,1
36.4,31.29,17,1
36.6,31.3,17,1
36.8,31.31,17,1
37.0,31.31,17,1
37.2,31.3,17,1
37.4,31.31,17,1
37.6,31.31,17,1
37.8,31.32,17,1
38.0,31.31,17,1
38.2,31.32,17,1
38.4,31.32,17,1
38.6,31.32,17,1
38.8,31.32,17,1
39.0,31.32,17,1
39.2,31.32,17,1
39.4,31.32,17,1
39.6,31.33,17,1
39.8,31.34,17,1
40.0,31.33,17,1
40.2,31.35,17,1
40.4,31.34,17,1
40.6,31.37,16,1
40.8,31.34,17,1
41.0,31.32,16,1
41.2,31.35,17,1
41.4,31.34,17,1
41.6,31.32,16,1
41.8,31.36,17,1
42.0,31.36,17,1
42.2,31.35,16,1
42.4,31.37,16,1
42.6,31.38,16,1
42.8,31.37,16,1
43.0,31.34,16,1
43.2,31.34,16,1
43.4,31.35,17,1
43.6,31.37,17,1
43.8,31.36,16,1
44.0,31.36,16,1
44.2,31.38,16,1
44.4,31.36,16,1
44.6,31.38,16,1
44.8,31.38,16,1
45.0,31.34,16,1
45.2,31.33,16,1
45.4,31.36,17,1
45.6,31.37,17,1
45.8,31.38,16,1
46.0,31.37,16,1
46.2,31.39,16,1
46.4,31.39,16,1
46.6,31.39,16,1
46.8,31.35,16,1
47.0,31.34,16,1
47.2,31.35,16,1
47.4,31.37,17,1
47.6,31.35,16,1
47.8,31.38,16,1
48.0,31.37,16,1
48.2,31.4,16,1
48.4,31.39,16,1
48.6,31.4,16,1
48.8,31.39,16,1
49.0,31.35,16,1
49.2,31.36,16,1
49.4,31.38,16,1
49.6,31.38,16,1
49.8,31.39,16,1
50.0,31.4,16,1
50.2,31.4,16,1
50.4,31.4,16,1
50.6,31.36,16,1
50.8,31.36,16,1
51.0,31.36,16,1
51.2,31.35,16,1
51.4,31.39,16,1
51.6,31.39,16,1
51.8,31.39,16,1
52.0,31.41,16,1
52.2,31.41,16,1
52.4,31.41,16,1
52.6,31.37,16,1
52.8,31.37,16,1
53.0,31.38,16,1
53.2,31.39,16,1
53.4,31.41,16,1
53.6,31.4,16,1
53.8,31.42,16,1
54.0,31.41,16,1
54.2,31.41,16,1
54.4,31.42,16,1
54.6,31.37,16,1
54.8,31.37,16,1
55.0,31.37,16,1
55.2,31.41,16,1
55.4,31.4,16,1
55.6,31.38,16,1
55.8,31.42,16,1
56.0,31.42,16,1
56.2,31.43,16,1
56.4,31.37,16,1
56.6,31.39,16,1
56.8,31.38,16,1
57.0,31.4,16,1
57.2,31.39,16,1
57.4,31.41,16,1
57.6,31.41,16,1
57.8,31.42,16,1
58.0,31.43,16,1
58.2,31.42,16,1
58.4,31.39,16,1
58.6,31.39,16,1
58.8,31.38,16,1
59.0,31.42,16,1
59.2,31.42,16,1
59.4,31.42,16,1
59.6,31.44,16,1
59.8,31.43,16,1
60.0,31.42,16,1
60.2,31.38,16,1
60.4,31.39,16,1
60.6,31.39,16,1
60.8,31.4,16,1
61.0,31.43,16,1
61.2,31.42,16,1
61.4,31.42,16,1
61.6,31.44,16,1
61.8,31.44,16,1
62.0,31.45,16,1
62.2,31.41,16,1
62.4,31.41,16,1
62.6,31.41,16,1
62.8,31.43,16,1
63.0,31.41,16,1
63.2,31.43,16,1
63.4,31.45,16,1
63.6,31.44,16,1
63.8,31.45,16,1
64.0,31.44,16,1
64.2,31.42,16,1
64.4,31.4,16,1
64.6,31.46,16,1
64.8,31.43,16,1
65.0,31.43,15,1
65.2,31.44,16,1
65.4,31.46,16,1
65.6,31.46,16,1
65.8,31.44,15,1
66.0,31.44,15,1
66.2,31.46,16,1
66.4,31.42,16,1
66.6,31.44,15,1
66.8,31.45,16,1
67.0,31.44,16,1
67.2,31.44,16,1
67.4,31.45,16,1
67.6,31.46,16,1
67.8,31.44,16,1
68.0,31.44,15,1
68.2,31.42,16,1
68.4,31.42,16,1
68.6,31.44,16,1
68.8,31.45,16,1
69.0,31.44,16,1
69.2,31.45,16,1
69.4,31.47,16,1
69.6,31.46,16,1
69.8,31.44,15,1
70.0,31.44,15,1
70.2,31.42,16,1
70.4,31.42,16,1
70.6,31.45,16,1
70.8,31.45,16,1
71.0,31.44,16,1
71.2,31.47,16,1
71.4,31.46,16,1
71.6,31.46,16,1
71.8,31.44,17,1
72.0,31.44,18,1
72.2,31.45,18,1
72.4,31.44,18,1
72.6,31.44,19,1
72.8,31.45,19,1
73.0,31.47,22,1
73.2,31.49,22,1
73.4,31.47,23,1
73.6,31.48,23,1
73.8,31.49,24,1
74.0,31.5,24,1
74.2,31.51,24,1
74.4,31.51,24,1
74.6,31.54,24,1
74.8,31.55,24,1
75.0,31.57,23,1
75.2,31.59,23,1
75.4,31.6,23,1
75.6,31.61,23,1
75.8,31.61,22,1
76.0,31.62,22,1
76.2,31.66,22,1
76.4,31.68,22,1
76.6,31.69,21,1
76.8,31.7,21,1
77.0,31.72,21,1
77.2,31.72,21,1
77.4,31.71,20,1
77.6,31.77,20,1
77.8,31.75,21,1
78.0,31.78,20,1
78.2,31.79,20,1
78.4,31.78,20,1
78.6,31.78,19,1
78.8,31.76,20,1
79.0,31.8,20,1
79.2,31.77,20,1
79.4,31.81,19,1
79.6,31.84,20,1
79.8,31.82,19,1
80.0,31.83,19,1
80.2,31.84,19,1
80.4,31.82,19,1
80.6,31.84,19,1
80.8,31.84,19,1
81.0,31.85,19,1
81.2,31.85,19,1
81.4,31.85,18,1
81.6,31.86,18,1
81.8,31.86,18,1
82.0,31.84,18,1
82.2,31.85,18,1
82.4,31.85,19,1
82.6,31.87,18,1
82.8,31.87,18,1
83.0,31.87,18,1
83.2,31.87,18,1
83.4,31.88,18,1
83.6,31.87,18,1
83.8,31.87,18,1
84.0,31.86,18,1
84.2,31.86,18,1
84.4,31.87,18,1
84.6,31.88,18,1
84.8,31.88,18,1
85.0,31.88,18,1
85.2,31.88,18,1
85.4,31.88,18,1
85.6,31.88,18,1
85.8,31.88,18,1
86.0,31.88,18,1
86.2,31.87,18,1
86.4,31.88,18,1
86.6,31.89,18,1
86.8,31.89,18,1
87.0,31.89,18,1
87.2,31.89,18,1
87.4,31.9,18,1
87.6,31.9,18,1
87.8,31.89,18,1
88.0,31.89,18,1
88.2,31.89,18,1
88.4,31.91,18,1
88.6,31.91,18,1
88.8,31.9,17,1
89.0,31.91,17,1
89.2,31.91,18,1
89.4,31.9,17,1
89.6,31.9,17,1
89.8,31.9,18,1
90.0,31.91,18,1
90.2,31.91,18,1
90.4,31.91,17,1
90.6,31.9,17,1
90.8,31.92,17,1
91.0,31.92,18,1
91.2,31.9,17,1
91.4,31.91,17,1
91.6,31.91,18,1
91.8,31.93,17,1
92.0,31.92,17,1
92.2,31.92,17,1
92.4,31.91,17,1
92.6,31.92,17,1
92.8,31.92,17,1
93.0,31.92,17,1
93.2,31.91,17,1
93.4,31.9,17,1
93.6,31.92,17,1
93.8,31.91,18,1
94.0,31.92,17,1
94.2,31.93,17,1
94.4,31.92,18,1
94.6,31.92,18,1
94.8,31.91,18,1
95.0,31.92,19,1
95.2,31.94,20,1
95.4,31.92,21,1
95.6,31.92,21,1
95.8,31.93,21,1
96.0,31.94,23,1
96.2,31.97,22,1
96.4,31.97,22,1
96.6,31.98,22,1
96.8,31.95,22,1
97.0,31.97,21,1
97.2,31.96,22,1
97.4,32.0,22,1
97.6,32.0,22,1
97.8,32.01,21,1
98.0,32.02,21,1
98.2,32.03,21,1
98.4,32.05,21,1
98.6,32.08,20,1
98.8,32.07,20,1
99.0,32.07,19,1
99.2,32.09,20,1
99.4,32.08,20,1
99.6,32.08,19,1
99.8,32.09,19,1
100.0,32.1,19,1
100.2,32.1,19,1
100.4,32.1,19,1
100.6,32.11,19,1
100.8,32.12,19,1
101.0,32.12,19,1
101.2,32.09,18,1
101.4,32.12,18,1
101.6,32.12,19,1
101.8,32.12,18,1
102.0,32.13,18,1
102.2,32.14,18,1
102.4,32.13,18,1
102.6,32.14,18,1
102.8,32.13,18,1
103.0,32.14,18,1
103.2,32.13,18,1
103.4,32.13,18,1
103.6,32.13,18,1
103.8,32.13,18,1
104.0,32.14,18,1
104.2,32.14,18,1
104.4,32.14,18,1
104.6,32.14,18,1
104.8,32.14,18,1
105.0,32.14,18,1
105.2,32.14,19,1
105.4,32.15,19,1
105.6,32.14,20,1
105.8,32.12,20,1
106.0,32.14,21,1
106.2,32.16,22,1
106.4,32.15,21,1
106.6,32.16,21,1
106.8,32.17,21,1
107.0,32.16,21,1
107.2,32.18,21,1
107.4,32.18,21,1
107.6,32.19,21,1
107.8,32.19,21,1
108.0,32.18,20,1
108.2,32.22,20,1
108.4,32.21,21,1
108.6,32.24,20,1
108.8,32.24,20,1
109.0,32.23,19,1
109.2,32.23,19,1
109.4,32.24,19,1
109.6,32.25,19,1
109.8,32.25,19,1
110.0,32.26,19,1
110.2,32.26,19,1
110.4,32.26,19,1
110.6,32.27,19,1
110.8,32.26,19,1
111.0,32.25,18,1
111.2,32.27,19,1
111.4,32.27,19,1
111.6,32.27,18,1
111.8,32.28,18,1
112.0,32.27,18,1
112.2,32.28,18,1
112.4,32.28,18,1
112.6,32.28,18,1
112.8,32.27,18,1
113.0,32.26,18,1
113.2,32.28,18,1
113.4,32.28,19,1
113.6,32.28,18,1
113.8,32.28,18,1
114.0,32.28,18,1
114.2,32.28,18,1
114.4,32.28,18,1
114.6,32.28,18,1
114.8,32.26,18,1
115.0,32.27,18,1
115.2,32.27,19,1
115.4,32.28,18,1
115.6,32.28,18,1
115.8,32.28,18,1
116.0,32.29,18,1
116.2,32.29,18,1
116.4,32.29,18,1
116.6,32.27,18,1
116.8,32.28,18,1
117.0,32.28,18,1
117.2,32.27,18,1
117.4,32.29,18,1
117.6,32.29,18,1
117.8,32.29,18,1
118.0,32.29,18,1
118.2,32.3,18,1
118.4,32.29,18,1
118.6,32.28,18,1
118.8,32.28,18,1
119.0,32.29,18,1
119.2,32.3,18,1
119.4,32.3,18,1
119.6,32.3,18,1
119.8,32.29,18,1
120.0,32.3,18,1
120.2,32.3,18,1
120.4,32.29,18,1
120.6,32.3,18,1
120.8,32.29,18,1
121.0,32.3,18,1
121.2,32.31,18,1
121.4,32.3,18,1
121.6,32.3,17,1
121.8,32.29,18,1
122.0,32.3,18,1
122.2,32.3,18,1
122.4,32.29,18,1
122.6,32.31,18,1
122.8,32.3,18,1
123.0,32.31,17,1
123.2,32.3,18,1
123.4,32.3,17,1
123.6,32.3,18,1
123.8,32.31,18,1
124.0,32.29,18,1
124.2,32.31,17,1
124.4,32.3,18,1
124.6,32.31,17,1
124.8,32.3,18,1
125.0,32.31,17,1
125.2,32.31,18,1
125.4,32.3,17,1
125.6,32.3,17,1
125.8,32.3,18,1
126.0,32.3,18,1
126.2,32.29,18,1
126.4,32.29,18,1
126.6,32.3,18,1
126.8,32.3,18,1
127.0,32.3,18,1
127.2,32.31,18,1
127.4,32.31,18,1
127.6,32.29,17,1
127.8,32.31,17,1
128.0,32.31,18,1
128.2,32.31,17,1
128.4,32.31,17,1
128.6,32.31,17,1
128.8,32.3,17,1
129.0,32.3,17,1
129.2,32.31,18,1
129.4,32.31,18,1
129.6,32.31,17,1
129.8,32.3,17,1
130.0,32.3,17,1
130.2,32.29,18,1
130.4,32.3,18,1
130.6,32.3,18,1
130.8,32.31,18,1
131.0,32.3,18,1
131.2,32.3,17,1
131.4,32.31,18,1
131.6,32.3,18,1
131.8,32.3,17,1
132.0,32.31,18,1
132.2,32.3,18,1
132.4,32.31,17,1
132.6,32.31,18,1
132.8,32.31,17,1
133.0,32.31,17,1
133.2,32.3,17,1
133.4,32.3,17,1
133.6,32.3,18,1
133.8,32.3,18,1
134.0,32.3,18,1
134.2,32.3,18,1
134.4,32.3,18,1
134.6,32.31,18,1
134.8,32.31,18,1
135.0,32.31,17,1
135.2,32.3,17,1
135.4,32.31,17,1
135.6,32.31,18,1
135.8,32.32,17,1
136.0,32.32,17,1
136.2,32.31,17,1
136.4,32.31,17,1
136.6,32.31,17,1
136.8,32.31,17,1
137.0,32.31,17,1
137.2,32.31,17,1
137.4,32.31,17,1
137.6,32.3,17,1
137.8,32.31,17,1
138.0,32.3,18,1
138.2,32.31,17,1
138.4,32.31,18,1
138.6,32.31,17,1
138.8,32.31,17,1
139.0,32.3,17,1
139.2,32.3,17,1
139.4,32.31,18,1
139.6,32.3,18,1
139.8,32.31,17,1
140.0,32.3,18,1
140.2,32.3,17,1
140.4,32.31,18,1
140.6,32.31,18,1
140.8,32.31,17,1
141.0,32.3,17,1
141.2,32.3,17,1
141.4,32.31,18,1
141.6,32.3,18,1
141.8,32.32,17,1
142.0,32.3,18,1
142.2,32.32,17,1
142.4,32.32,18,1
142.6,32.31,17,1
142.8,32.31,17,1
143.0,32.31,17,1
143.2,32.3,17,1
143.4,32.32,17,1
143.6,32.31,18,1
143.8,32.32,17,1
144.0,32.31,17,1
144.2,32.31,17,1
144.4,32.31,17,1
144.6,32.31,17,1
144.8,32.3,17,1
145.0,32.3,17,1
145.2,32.31,18,1
145.4,32.3,18,1
145.6,32.31,17,1
145.8,32.31,18,1
146.0,32.3,17,1
146.2,32.31,17,1
146.4,32.31,18,1
146.6,32.3,17,1
146.8,32.3,17,1
147.0,32.31,18,1
147.2,32.31,18,1
147.4,32.3,17,1
147.6,32.31,17,1
147.8,32.31,18,1
148.0,32.31,17,1
148.2,32.31,17,1
148.4,32.31,17,1
148.6,32.3,17,1
148.8,32.3,17,1
149.0,32.3,18,1
149.2,32.3,18,1
149.4,32.3,18,1
149.6,32.3,18,1
149.8,32.31,18,1
150.0,32.31,18,1
150.2,32.31,17,1
150.4,32.31,17,1
150.6,32.32,17,1
150.8,32.31,17,1
151.0,32.31,17,1
151.2,32.32,17,1
151.4,32.31,17,1
151.6,32.31,17,1
151.8,32.32,17,1
152.0,32.32,17,1
152.2,32.3,17,1
152.4,32.31,17,1
152.6,32.31,18,1
152.8,32.3,17,1
153.0,32.31,17,1
153.2,32.3,18,1
153.4,32.3,17,1
153.6,32.29,18,1
153.8,32.31,18,1
154.0,32.32,18,1
154.2,32.31,17,1
154.4,32.31,17,1
154.6,32.31,17,1
154.8,32.31,17,1
155.0,32.31,17,1
155.2,32.31,17,1
155.4,32.31,17,1
155.6,32.31,17,1
155.8,32.31,17,1
156.0,32.31,17,1
156.2,32.32,17,1
156.4,32.31,17,1
156.6,32.31,17,1
156.8,32.3,17,1
157.0,32.31,17,1
157.2,32.3,18,1
157.4,32.31,17,1
157.6,32.31,18,1
157.8,32.3,17,1
158.0,32.31,17,1
158.2,32.3,18,1
158.4,32.3,17,1
158.6,32.3,18,1
158.8,32.29,18,1
159.0,32.3,18,1
159.2,32.29,18,1
159.4,32.3,18,1
159.6,32.31,18,1
159.8,32.3,18,1
160.0,32.31,17,1
160.2,32.31,18,1
160.4,32.32,17,1
160.6,32.3,17,1
160.8,32.32,17,1
161.0,32.31,18,1
161.2,32.32,17,1
161.4,32.32,17,1
161.6,32.32,17,1
161.8,32.32,17,1
162.0,32.31,17,1
162.2,32.31,17,1
162.4,32.32,17,1
162.6,32.32,17,1
162.8,32.31,17,1
163.0,32.31,17,1
163.2,32.31,17,1
163.4,32.31,17,1
163.6,32.31,17,1
163.8,32.3,17,1
164.0,32.3,17,1
164.2,32.31,18,1
164.4,32.31,18,1
164.6,32.31,17,1
164.8,32.3,17,1
165.0,32.31,17,1
165.2,32.31,18,1
165.4,32.3,17,1
165.6,32.31,17,1
165.8,32.31,18,1
166.0,32.3,17,1
166.2,32.31,17,1
166.4,32.3,18,1
166.6,32.31,17,1
166.8,32.3,18,1
167.0,32.31,17,1
167.2,32.3,18,1
167.4,32.3,17,1
167.6,32.31,18,1
167.8,32.31,18,1
168.0,32.3,17,1
168.2,32.3,17,1
168.4,32.31,18,1
168.6,32.3,18,1
168.8,32.31,17,1
169.0,32.31,18,1
169.2,32.31,17,1
169.4,32.32,17,1
169.6,32.31,17,1
169.8,32.31,17,1
170.0,32.3,17,1
170.2,32.31,17,1
170.4,32.31,18,1
170.6,32.32,17,1
170.8,32.32,17,1
171.0,32.32,17,1
171.2,32.32,17,1
171.4,32.31,17,1
171.6,32.31,17,1
171.8,32.31,17,1
172.0,32.31,17,1
172.2,32.31,17,1
172.4,32.32,17,1
172.6,32.32,17,1
172.8,32.32,17,1
173.0,32.31,17,1
173.2,32.31,17,1
173.4,32.3,17,1
173.6,32.31,17,1
173.8,32.31,18,1
174.0,32.31,17,1
174.2,32.32,17,1
174.4,32.3,17,1
174.6,32.3,17,1
174.8,32.31,18,1
175.0,32.31,18,1
175.2,32.3,17,1
175.4,32.31,17,1
175.6,32.31,18,1
175.8,32.3,17,1
176.0,32.3,17,1
176.2,32.29,18,1
176.4,32.3,18,1
176.6,32.3,18,1
176.8,32.31,18,1
177.0,32.31,18,1
177.2,32.3,17,1
177.4,32.3,17,1
177.6,32.31,18,1
177.8,32.31,18,1
178.0,32.31,17,1
178.2,32.31,17,1
178.4,32.31,17,1
178.6,32.32,17,1
178.8,32.31,17,1
179.0,32.31,17,1
179.2,32.32,17,1
179.4,32.31,17,1
179.6,32.3,17,1
179.8,32.31,17,1
180.0,32.31,7,0
180.2,32.3,33,0
180.4,32.31,33,0
180.6,32.28,107,0
180.8,32.24,108,0
181.0,32.17,132,0
181.2,32.09,181,0
181.4,31.99,204,0
181.6,31.84,227,0
181.8,31.69,255,0
182.0,31.51,255,0
182.2,31.3,255,0
182.4,31.1,255,0
182.6,30.87,255,0
182.8,30.64,255,0
183.0,30.41,255,0
183.2,30.18,255,0
183.4,29.95,255,0
183.6,29.72,255,0
183.8,29.5,255,0
184.0,29.27,255,0
184.2,29.05,255,0
184.4,28.83,255,0
184.6,28.62,255,0
184.8,28.42,251,0
185.0,28.21,241,0
185.2,28.03,236,0
185.4,27.82,236,0
185.6,27.59,226,0
185.8,27.45,220,0
186.0,27.26,220,0
186.2,27.11,211,0
186.4,26.96,207,0
186.6,26.81,203,0
186.8,26.66,203,0
187.0,26.52,199,0
187.2,26.39,195,0
187.4,26.28,192,0
187.6,26.16,185,0
187.8,26.05,182,0
188.0,25.95,179,0
188.2,25.84,179,0
188.4,25.71,176,0
188.6,25.64,174,0
188.8,25.55,168,0
189.0,25.45,166,0
189.2,25.35,166,0
189.4,25.3,161,0
189.6,25.22,159,0
189.8,25.15,158,0
190.0,25.06,155,0
190.2,25.01,154,0
190.4,24.94,154,0
190.6,24.88,150,0
190.8,24.8,149,0
191.0,24.74,147,0
191.2,24.68,147,0
191.4,24.62,145,0
191.6,24.56,143,0
191.8,24.51,142,0
192.0,24.45,139,0
192.2,24.41,138,0
192.4,24.36,136,0
192.6,24.32,136,0
192.8,24.25,135,0
193.0,24.21,133,0
193.2,24.16,131,0
193.4,24.1,130,0
193.6,24.05,130,0
193.8,24.01,129,0
194.0,23.97,126,0
194.2,23.93,125,0
194.4,23.89,125,0
194.6,23.82,124,0
194.8,23.82,122,0
195.0,23.77,120,0
195.2,23.73,120,0
195.4,23.69,119,0
195.6,23.64,119,0
195.8,23.61,118,0
196.0,23.57,117,0
196.2,23.55,116,0
196.4,23.5,115,0
196.6,23.47,114,0
196.8,23.43,114,0
197.0,23.37,112,0
197.2,23.36,112,0
197.4,23.32,109,0
197.6,23.29,109,0
197.8,23.25,108,0
198.0,23.22,107,0
198.2,23.19,106,0
198.4,23.15,106,0
198.6,23.12,105,0
198.8,23.1,104,0
199.0,23.09,104,0
199.2,23.03,103,0
199.4,22.99,102,0
199.6,22.97,101,0
199.8,22.93,101,0
200.0,22.9,99,0
200.2,22.87,99,0
200.4,22.85,97,0
200.6,22.82,97,0
200.8,22.79,97,0
201.0,22.76,96,0
201.2,22.74,95,0
201.4,22.72,95,0
201.6,22.69,94,0
201.8,22.66,93,0
202.0,22.61,92,0
202.2,22.57,92,0
202.4,22.58,90,0
202.6,22.56,89,0
202.8,22.53,89,0
203.0,22.51,89,0
203.2,22.49,88,0
203.4,22.46,88,0
203.6,22.44,87,0
203.8,22.42,87,0
204.0,22.37,86,0
204.2,22.39,86,0
204.4,22.35,84,0
204.6,22.33,85,0
204.8,22.31,84,0
205.0,22.29,83,0
205.2,22.26,83,0
205.4,22.24,82,0
205.6,22.24,82,0
205.8,22.2,81,0
206.0,22.17,81,0
206.2,22.18,80,0
206.4,22.14,79,0
206.6,22.13,80,0
206.8,22.09,79,0
207.0,22.07,78,0
207.2,22.06,77,0
207.4,22.04,77,0
207.6,22.03,76,0
207.8,22.02,76,0
208.0,21.99,76,0
208.2,21.96,75,0
208.4,21.95,75,0
208.6,21.92,75,0
208.8,21.91,74,0
209.0,21.88,73,0
209.2,21.86,73,0
209.4,21.85,72,0
209.6,21.85,71,0
209.8,21.83,71,0
210.0,21.8,71,0
210.2,21.78,71,0
210.4,21.75,70,0
210.6,21.76,70,0
210.8,21.74,69,0
211.0,21.73,69,0
211.2,21.71,68,0
211.4,21.65,68,0
211.6,21.65,68,0
211.8,21.67,66,0
212.0,21.64,66,0
212.2,21.64,67,0
212.4,21.62,66,0
212.6,21.58,66,0
212.8,21.59,66,0
213.0,21.55,66,0
213.2,21.56,65,0
213.4,21.57,64,0
213.6,21.56,64,0
213.8,21.5,64,0
214.0,21.48,64,0
214.2,21.52,62,0
214.4,21.45,62,0
214.6,21.48,63,0
214.8,21.45,61,0
215.0,21.44,62,0
215.2,21.44,61,0
215.4,21.42,61,0
215.6,21.41,61,0
215.8,21.4,61,0
216.0,21.39,60,0
216.2,21.37,60,0
216.4,21.33,60,0
216.6,21.34,59,0
216.8,21.34,59,0
217.0,21.34,58,0
217.2,21.33,58,0
217.4,21.31,58,0
217.6,21.31,58,0
217.8,21.24,58,0
218.0,21.24,58,0
218.2,21.26,57,0
218.4,21.25,58,0
218.6,21.24,60,0
218.8,21.23,61,0
219.0,21.19,62,0
219.2,21.21,64,0
219.4,21.2,64,0
219.6,21.17,65,0
219.8,21.15,65,0
220.0,21.1,64,0
220.2,21.13,64,0
220.4,21.11,63,0
220.6,21.09,64,0
220.8,21.07,63,0
221.0,21.05,63,0
221.2,21.01,62,0
221.4,20.99,62,0
221.6,21.0,60,0
221.8,20.99,60,0
222.0,20.97,60,0
222.2,20.96,60,0
222.4,20.95,59,0
222.6,20.94,59,0
222.8,20.94,58,0
223.0,20.91,58,0
223.2,20.92,58,0
223.4,20.88,57,0
223.6,20.85,58,0
223.8,20.88,56,0
224.0,20.86,56,0
224.2,20.83,56,0
224.4,20.82,56,0
224.6,20.8,55,0
224.8,20.8,55,0
225.0,20.79,54,0
225.2,20.79,54,0
225.4,20.77,54,0
225.6,20.77,54,0
225.8,20.75,54,0
226.0,20.75,53,0
226.2,20.73,52,0
226.4,20.73,52,0
226.6,20.73,52,0
226.8,20.73,52,0
227.0,20.72,52,0
227.2,20.7,52,0
227.4,20.66,52,0
227.6,20.68,51,0
227.8,20.67,51,0
228.0,20.66,50,0
228.2,20.65,50,0
228.4,20.65,50,0
228.6,20.64,49,0
228.8,20.63,49,0
229.0,20.63,49,0
229.2,20.62,49,0
229.4,20.62,49,0
229.6,20.6,49,0
229.8,20.59,49,0
230.0,20.6,48,0
230.2,20.57,48,0
230.4,20.57,48,0
230.6,20.58,47,0
230.8,20.57,47,0
231.0,20.57,47,0
231.2,20.55,47,0
231.4,20.55,47,0
231.6,20.54,47,0
231.8,20.54,47,0
232.0,20.53,46,0
232.2,20.53,46,0
232.4,20.55,46,0
232.6,20.53,46,0
232.8,20.52,47,0
233.0,20.47,46,0
233.2,20.47,46,0
233.4,20.52,44,0
233.6,20.5,44,0
233.8,20.48,46,0
234.0,20.47,45,0
234.2,20.44,44,0
234.4,20.44,44,0
234.6,20.47,43,0
234.8,20.45,43,0
235.0,20.47,44,0
235.2,20.44,43,0
235.4,20.45,44,0
235.6,20.44,44,0
235.8,20.43,43,0
236.0,20.42,43,0
236.2,20.41,43,0
236.4,20.41,43,0
236.6,20.42,42,0
236.8,20.41,42,0
237.0,20.42,43,0
237.2,20.4,42,0
237.4,20.41,43,0
237.6,20.39,42,0
237.8,20.37,42,0
238.0,20.37,42,0
238.2,20.38,41,0
238.4,20.38,41,0
238.6,20.37,41,0
238.8,20.36,41,0
239.0,20.35,41,0
239.2,20.35,41,0
239.4,20.36,41,0
239.6,20.36,41,0
239.8,20.35,41,0
240.0,20.35,41,0
240.2,20.35,41,0
240.4,20.34,41,0
240.6,20.33,41,0
240.8,20.3,40,0
241.0,20.33,39,0
241.2,20.32,37,0
241.4,20.32,37,0
241.6,20.29,36,0
241.8,20.3,36,0
242.0,20.31,35,0
242.2,20.33,34,0
242.4,20.32,34,0
242.6,20.31,35,0
242.8,20.27,34,0
243.0,20.3,33,0
243.2,20.34,32,0
243.4,20.32,33,0
243.6,20.32,34,0
243.8,20.31,33,0
244.0,20.31,33,0
244.2,20.31,33,0
244.4,20.32,33,0
244.6,20.31,33,0
244.8,20.31,33,0
245.0,20.31,33,0
245.2,20.32,33,0
245.4,20.32,33,0
245.6,20.32,33,0
245.8,20.32,33,0
246.0,20.31,33,0
246.2,20.32,33,0
246.4,20.29,32,0
246.6,20.29,32,0
246.8,20.33,30,0
247.0,20.3,30,0
247.2,20.32,30,0
247.4,20.32,28,0
247.6,20.32,27,0
247.8,20.32,27,0
248.0,20.32,27,0
248.2,20.33,27,0
248.4,20.32,27,0
248.6,20.33,27,0
248.8,20.36,26,0
249.0,20.34,27,0
249.2,20.34,27,0
249.4,20.34,27,0
249.6,20.36,27,0
249.8,20.35,27,0
250.0,20.35,27,0
250.2,20.36,27,0
250.4,20.36,27,0
250.6,20.36,27,0
250.8,20.37,27,0
251.0,20.37,27,0
251.2,20.37,27,0
251.4,20.37,27,0
251.6,20.37,27,0
251.8,20.37,27,0
252.0,20.37,27,0
252.2,20.38,27,0
252.4,20.38,27,0
252.6,20.4,28,0
252.8,20.35,28,0
253.0,20.39,28,0
253.2,20.38,27,0
253.4,20.38,28,0
253.6,20.4,28,0
253.8,20.41,28,0
254.0,20.4,28,0
254.2,20.35,28,0
254.4,20.4,28,0
254.6,20.38,27,0
254.8,20.36,28,0
255.0,20.39,28,0
255.2,20.39,27,0
255.4,20.4,28,0
255.6,20.41,28,0
255.8,20.36,28,0
256.0,20.4,28,0
256.2,20.39,27,0
256.4,20.39,28,0
256.6,20.36,28,0
256.8,20.38,28,0
257.0,20.38,27,0
257.2,20.39,28,0
257.4,20.4,28,0
257.6,20.38,28,0
257.8,20.4,28,0
258.0,20.38,28,0
258.2,20.36,28,0
258.4,20.35,28,0
258.6,20.38,27,0
258.8,20.38,27,0
259.0,20.38,28,0
259.2,20.39,28,0
259.4,20.4,28,0
259.6,20.4,28,0
259.8,20.41,28,0
260.0,20.36,28,0
260.2,20.36,28,0
260.4,20.37,27,0
260.6,20.37,27,0
260.8,20.37,27,0
261.0,20.38,27,0
261.2,20.37,27,0
261.4,20.39,28,0
261.6,20.37,27,0
261.8,20.33,28,0
262.0,20.38,27,0
262.2,20.37,27,0
262.4,20.35,28,0
262.6,20.36,27,0
262.8,20.37,27,0
263.0,20.37,27,0
263.2,20.38,27,0
263.4,20.37,27,0
263.6,20.4,28,0
263.8,20.37,27,0
264.0,20.37,28,0
264.2,20.37,27,0
264.4,20.37,27,0
264.6,20.37,27,0
264.8,20.37,27,0
265.0,20.37,27,0
265.2,20.37,27,0
265.4,20.37,27,0
265.6,20.36,27,0
265.8,20.36,27,0
266.0,20.37,27,0
266.2,20.37,27,0
266.4,20.37,27,0
266.6,20.37,27,0
266.8,20.37,27,0
267.0,20.37,27,0
267.2,20.36,27,0
267.4,20.37,27,0
267.6,20.37,27,0
267.8,20.37,27,0
268.0,20.37,27,0
268.2,20.36,27,0
268.4,20.36,27,0
268.6,20.37,27,0
268.8,20.36,27,0
269.0,20.36,27,0
269.2,20.36,27,0
269.4,20.35,27,0
269.6,20.36,27,0
269.8,20.36,27,0
270.0,20.36,27,0
270.2,20.36,27,0
270.4,20.36,27,0
270.6,20.35,27,0
270.8,20.36,27,0
271.0,20.36,27,0
271.2,20.35,27,0
271.4,20.35,27,0
271.6,20.35,27,0
271.8,20.36,27,0
272.0,20.35,27,0
272.2,20.34,27,0
272.4,20.35,27,0
272.6,20.35,27,0
272.8,20.35,27,0
273.0,20.34,27,0
273.2,20.34,27,0
273.4,20.35,27,0
273.6,20.34,27,0
273.8,20.36,27,0
274.0,20.34,27,0
274.2,20.33,27,0
274.4,20.37,27,0
274.6,20.34,27,0
274.8,20.35,27,0
275.0,20.35,27,0
275.2,20.34,27,0
275.4,20.35,27,0
275.6,20.32,27,0
275.8,20.32,27,0
276.0,20.34,26,0
276.2,20.32,26,0
276.4,20.34,27,0
276.6,20.3,26,0
276.8,20.34,27,0
277.0,20.3,26,0
277.2,20.33,27,0
277.4,20.36,26,0
277.6,20.33,27,0
277.8,20.33,27,0
278.0,20.34,27,0
278.2,20.32,27,0
278.4,20.32,27,0
278.6,20.31,26,0
278.8,20.31,26,0
279.0,20.3,26,0
279.2,20.36,26,0
279.4,20.34,26,0
279.6,20.33,27,0
279.8,20.33,27,0
280.0,20.33,27,0
280.2,20.32,27,0
280.4,20.32,27,0
280.6,20.34,26,0
280.8,20.29,26,0
281.0,20.33,27,0
281.2,20.34,26,0
281.4,20.32,27,0
281.6,20.32,27,0
281.8,20.32,26,0
282.0,20.32,26,0
282.2,20.34,26,0
282.4,20.3,26,0
282.6,20.31,27,0
282.8,20.3,26,0
283.0,20.34,26,0
283.2,20.34,26,0
283.4,20.32,27,0
283.6,20.32,27,0
283.8,20.29,26,0
284.0,20.32,26,0
284.2,20.29,26,0
284.4,20.3,26,0
284.6,20.28,26,0
284.8,20.3,26,0
285.0,20.33,26,0
285.2,20.33,26,0
285.4,20.32,27,0
285.6,20.32,27,0
285.8,20.32,26,0
286.0,20.31,26,0
286.2,20.29,26,0
286.4,20.28,26,0
286.6,20.29,26,0
286.8,20.34,26,0
287.0,20.32,26,0
287.2,20.32,27,0
287.4,20.31,26,0
287.6,20.3,26,0
287.8,20.31,26,0
288.0,20.31,26,0
288.2,20.32,26,0
288.4,20.28,26,0
288.6,20.29,26,0
288.8,20.32,26,0
289.0,20.33,26,0
289.2,20.33,26,0
289.4,20.31,27,0
289.6,20.31,27,0
289.8,20.31,26,0
290.0,20.27,26,0
290.2,20.27,26,0
290.4,20.31,25,0
290.6,20.31,25,0
290.8,20.31,26,0
291.0,20.32,26,0
291.2,20.32,26,0
291.4,20.3,26,0
291.6,20.29,26,0
291.8,20.31,26,0
292.0,20.26,26,0
292.2,20.29,26,0
292.4,20.3,25,0
292.6,20.32,26,0
292.8,20.32,26,0
293.0,20.32,26,0
293.2,20.3,26,0
293.4,20.3,26,0
293.6,20.3,26,0
293.8,20.27,26,0
294.0,20.26,26,0
294.2,20.31,25,0
294.4,20.28,25,0
294.6,20.3,26,0
294.8,20.32,26,0
295.0,20.3,26,0
295.2,20.28,26,0
295.4,20.3,26,0
295.6,20.28,26,0
295.8,20.26,26,0
296.0,20.28,26,0
296.2,20.29,25,0
296.4,20.31,26,0
296.6,20.27,26,0
296.8,20.3,26,0
297.0,20.28,25,0
297.2,20.27,26,0
297.4,20.29,26,0
297.6,20.29,25,0
297.8,20.27,26,0
298.0,20.27,26,0
298.2,20.29,25,0
298.4,20.28,25,0
298.6,20.29,26,0
298.8,20.3,26,0
299.0,20.28,26,0
299.2,20.29,26,0
299.4,20.27,26,0
299.6,20.26,26,0
299.8,20.28,25,0
300.0,20.28,25,0
300.2,20.3,26,0
300.4,20.31,26,0
300.6,20.3,26,0
300.8,20.29,26,0
301.0,20.28,26,0
301.2,20.28,26,0
301.4,20.29,26,0
301.6,20.25,26,0
301.8,20.24,26,0
302.0,20.27,25,0
302.2,20.29,25,0
302.4,20.28,25,0
302.6,20.29,26,0
302.8,20.27,26,0
303.0,20.27,26,0
303.2,20.27,25,0
303.4,20.27,25,0
303.6,20.28,25,0
303.8,20.27,25,0
304.0,20.25,26,0
304.2,20.28,25,0
304.4,20.28,25,0
304.6,20.29,26,0
304.8,20.27,26,0
305.0,20.26,26,0
305.2,20.26,25,0
305.4,20.28,25,0
305.6,20.27,25,0
305.8,20.24,26,0
306.0,20.27,25,0
306.2,20.27,25,0
306.4,20.27,25,0
306.6,20.25,25,0
306.8,20.27,25,0
307.0,20.26,25,0
307.2,20.27,25,0
307.4,20.27,25,0
307.6,20.26,25,0
307.8,20.26,25,0
308.0,20.27,25,0
308.2,20.27,25,0
308.4,20.26,25,0
308.6,20.26,25,0
308.8,20.25,25,0
309.0,20.26,25,0
309.2,20.27,25,0
309.4,20.27,25,0
309.6,20.27,25,0
309.8,20.27,25,0
310.0,20.27,25,0
310.2,20.26,25,0
310.4,20.27,25,0
310.6,20.27,25,0
310.8,20.26,25,0
311.0,20.26,25,0
311.2,20.27,25,0
311.4,20.26,25,0
311.6,20.28,25,0
311.8,20.28,25,0
312.0,20.28,26,0
312.2,20.25,26,0
312.4,20.27,26,0
312.6,20.25,25,0
312.8,20.26,25,0
313.0,20.27,25,0
313.2,20.26,25,0
313.4,20.26,25,0
313.6,20.26,25,0
313.8,20.26,25,0
314.0,20.27,25,0
314.2,20.27,25,0
314.4,20.25,25,0
314.6,20.26,25,0
314.8,20.25,25,0
315.0,20.25,25,0
315.2,20.26,25,0
315.4,20.25,25,0
315.6,20.26,25,0
315.8,20.26,25,0
316.0,20.26,25,0
316.2,20.24,25,0
316.4,20.26,25,0
316.6,20.25,25,0
316.8,20.25,25,0
317.0,20.26,25,0
317.2,20.24,25,0
317.4,20.26,25,0
317.6,20.26,25,0
317.8,20.25,25,0
318.0,20.25,25,0
318.2,20.24,25,0
318.4,20.25,25,0
318.6,20.24,25,0
318.8,20.25,25,0
319.0,20.24,25,0
319.2,20.24,25,0
319.4,20.25,25,0
319.6,20.27,25,0
319.8,20.25,25,0
320.0,20.25,25,0
320.2,20.25,25,0
320.4,20.24,25,0
320.6,20.25,25,0
320.8,20.24,25,0
321.0,20.25,25,0
321.2,20.25,25,0
321.4,20.25,25,0
321.6,20.25,25,0
321.8,20.25,25,0
322.0,20.24,25,0
322.2,20.24,25,0
322.4,20.23,25,0
322.6,20.24,25,0
322.8,20.25,25,0
323.0,20.24,25,0
323.2,20.25,25,0
323.4,20.25,25,0
323.6,20.25,25,0
323.8,20.25,25,0
324.0,20.25,25,0
324.2,20.23,25,0
324.4,20.23,25,0
324.6,20.24,25,0
324.8,20.24,25,0
325.0,20.24,25,0
325.2,20.25,25,0
325.4,20.24,25,0
325.6,20.24,25,0
325.8,20.24,25,0
326.0,20.22,25,0
326.2,20.24,25,0
326.4,20.23,24,0
326.6,20.23,25,0
326.8,20.23,25,0
327.0,20.24,25,0
327.2,20.24,25,0
327.4,20.24,25,0
327.6,20.24,25,0
327.8,20.23,25,0
328.0,20.23,25,0
328.2,20.24,25,0
328.4,20.23,25,0
328.6,20.23,25,0
328.8,20.23,25,0
329.0,20.23,25,0
329.2,20.23,25,0
329.4,20.24,25,0
329.6,20.23,25,0
329.8,20.21,25,0
330.0,20.22,25,0
330.2,20.22,24,0
330.4,20.23,24,0
330.6,20.22,24,0
330.8,20.23,25,0
331.0,20.22,24,0
331.2,20.24,25,0
331.4,20.22,24,0
331.6,20.22,25,0
331.8,20.2,24,0
332.0,20.22,24,0
332.2,20.23,24,0
332.4,20.22,24,0
332.6,20.23,25,0
332.8,20.23,24,0
333.0,20.23,25,0
333.2,20.23,25,0
333.4,20.23,25,0
333.6,20.23,25,0
333.8,20.22,25,0
334.0,20.22,25,0
334.2,20.23,24,0
334.4,20.22,24,0
334.6,20.23,25,0
334.8,20.23,24,0
335.0,20.23,25,0
335.2,20.23,25,0
335.4,20.22,25,0
335.6,20.22,25,0
335.8,20.21,24,0
336.0,20.2,24,0
336.2,20.23,24,0
336.4,20.22,24,0
336.6,20.22,25,0
336.8,20.23,24,0
337.0,20.22,24,0
337.2,20.22,25,0
337.4,20.2,24,0
337.6,20.21,24,0
337.8,20.2,24,0
338.0,20.23,24,0
338.2,20.22,24,0
338.4,20.22,25,0
338.6,20.22,24,0
338.8,20.23,24,0
339.0,20.23,24,0
339.2,20.23,25,0
339.4,20.21,25,0
339.6,20.22,25,0
339.8,20.21,24,0
340.0,20.22,24,0
340.2,20.22,24,0
340.4,20.22,24,0
340.6,20.22,24,0
340.8,20.23,24,0
341.0,20.22,24,0
341.2,20.21,25,0
341.4,20.21,24,0
341.6,20.22,24,0
341.8,20.22,24,0
342.0,20.23,24,0
342.2,20.22,24,0
342.4,20.22,25,0
342.6,20.22,24,0
342.8,20.22,24,0
343.0,20.22,24,0
343.2,20.22,24,0
343.4,20.2,24,0
343.6,20.22,24,0
343.8,20.22,24,0
344.0,20.22,24,0
344.2,20.22,24,0
344.4,20.23,24,0
344.6,20.22,24,0
344.8,20.22,25,0
345.0,20.21,24,0
345.2,20.21,24,0
345.4,20.2,24,0
345.6,20.22,24,0
345.8,20.22,24,0
346.0,20.22,24,0
346.2,20.22,24,0
346.4,20.22,24,0
346.6,20.22,24,0
346.8,20.22,24,0
347.0,20.21,24,0
347.2,20.2,24,0
347.4,20.23,24,0
347.6,20.22,24,0
347.8,20.22,25,0
348.0,20.23,24,0
348.2,20.22,24,0
348.4,20.23,25,0
348.6,20.22,24,0
348.8,20.22,25,0
349.0,20.21,24,0
349.2,20.2,24,0
349.4,20.21,24,0
349.6,20.22,24,0
349.8,20.22,24,0
350.0,20.22,24,0
350.2,20.22,24,0
350.4,20.22,24,0
350.6,20.23,24,0
350.8,20.21,24,0
351.0,20.21,25,0
351.2,20.21,24,0
351.4,20.22,24,0
351.6,20.22,24,0
351.8,20.22,24,0
352.0,20.23,24,0
352.2,20.23,24,0
352.4,20.23,25,0
352.6,20.22,25,0
352.8,20.21,25,0
353.0,20.21,24,0
353.2,20.21,24,0
353.4,20.22,24,0
353.6,20.22,24,0
353.8,20.21,24,0
354.0,20.22,24,0
354.2,20.21,24,0
354.4,20.22,24,0
354.6,20.21,24,0
354.8,20.21,24,0
355.0,20.2,24,0
355.2,20.19,24,0
355.4,20.2,24,0
355.6,20.22,24,0
355.8,20.22,24,0
356.0,20.22,24,0
356.2,20.22,24,0
356.4,20.22,24,0
356.6,20.2,24,0
356.8,20.21,24,0
357.0,20.2,24,0
357.2,20.21,24,0
357.4,20.21,24,0
357.6,20.22,24,0
357.8,20.22,24,0
358.0,20.22,24,0
358.2,20.22,24,0
358.4,20.23,24,0
358.6,20.2,24,0
358.8,20.22,25,0
359.0,20.2,24,0
359.2,20.21,24,0
359.4,20.21,24,0
359.6,20.21,24,0
359.8,20.21,24,0
360.0,20.22,24,0
360.2,20.21,24,0
360.4,20.2,24,0
360.6,20.21,24,0
360.8,20.2,24,0
361.0,20.2,24,0
361.2,20.22,24,0
361.4,20.21,24,0
361.6,20.22,24,0
361.8,20.2,24,0
362.0,20.21,24,0
362.2,20.22,24,0
362.4,20.21,24,0
362.6,20.2,24,0
362.8,20.22,24,0
363.0,20.21,24,0
363.2,20.22,24,0
363.4,20.22,24,0
363.6,20.2,24,0
363.8,20.23,24,0
364.0,20.21,24,0
364.2,20.21,25,0
364.4,20.2,24,0
364.6,20.2,24,0
364.8,20.19,24,0
365.0,20.21,24,0
365.2,20.21,24,0
365.4,20.23,24,0
365.6,20.21,24,0
365.8,20.21,25,0
366.0,20.21,24,0
366.2,20.21,24,0
366.4,20.19,24,0
366.6,20.22,24,0
366.8,20.21,24,0
367.0,20.21,24,0
367.2,20.2,24,0
367.4,20.21,24,0
367.6,20.2,24,0
367.8,20.21,24,0
368.0,20.2,24,0
368.2,20.2,24,0
368.4,20.2,24,0
368.6,20.21,24,0
368.8,20.21,24,0
369.0,20.21,24,0
369.2,20.21,24,0
369.4,20.22,24,0
369.6,20.21,24,0
369.8,20.21,24,0
370.0,20.2,24,0
370.2,20.19,24,0
370.4,20.2,24,0
370.6,20.2,24,0
370.8,20.21,24,0
371.0,20.22,24,0
371.2,20.21,24,0
371.4,20.22,24,0
371.6,20.21,24,0
371.8,20.21,24,0
372.0,20.19,24,0
372.2,20.19,24,0
372.4,20.18,24,0
372.6,20.21,24,0
372.8,20.22,24,0
373.0,20.2,24,0
373.2,20.2,24,0
373.4,20.2,24,0
373.6,20.2,24,0
373.8,20.21,24,0
374.0,20.18,24,0
374.2,20.19,24,0
374.4,20.19,24,0
374.6,20.21,24,0
374.8,20.2,24,0
375.0,20.22,24,0
375.2,20.2,24,0
375.4,20.21,24,0
375.6,20.21,24,0
375.8,20.18,24,0
376.0,20.2,24,0
376.2,20.19,24,0
376.4,20.21,24,0
376.6,20.2,24,0
376.8,20.19,24,0
377.0,20.2,24,0
377.2,20.2,24,0
377.4,20.2,24,0
377.6,20.2,24,0
377.8,20.19,24,0
378.0,20.18,24,0
378.2,20.17,24,0
378.4,20.19,24,0
378.6,20.2,23,0
378.8,20.2,24,0
379.0,20.2,24,0
379.2,20.22,24,0
379.4,20.2,24,0
379.6,20.18,24,0
379.8,20.21,24,0
380.0,20.17,24,0
380.2,20.19,24,0
380.4,20.19,23,0
380.6,20.2,24,0
380.8,20.19,24,0
381.0,20.21,24,0
381.2,20.2,24,0
381.4,20.21,24,0
381.6,20.19,24,0
381.8,20.2,24,0
382.0,20.18,24,0
382.2,20.21,24,0
382.4,20.19,24,0
382.6,20.2,24,0
382.8,20.2,24,0
383.0,20.19,24,0
383.2,20.2,24,0
383.4,20.17,24,0
383.6,20.18,24,0
383.8,20.19,23,0
384.0,20.18,24,0
384.2,20.2,24,0
384.4,20.2,24,0
384.6,20.2,1,0
384.8,20.2,1,0
385.0,20.2,1,0
385.2,20.22,1,0
385.4,20.22,1,0
385.6,20.24,1,0
385.8,20.26,1,0
386.0,20.28,1,0
386.2,20.3,1,0
386.4,20.31,1,0
386.6,20.34,1,0
386.8,20.36,1,0
387.0,20.37,1,0
387.2,20.39,1,0
387.4,20.39,1,0
387.6,20.41,1,0
387.8,20.42,1,0
388.0,20.45,1,0
388.2,20.46,1,0
388.4,20.47,1,0
388.6,20.5,1,0
388.8,20.51,1,0
389.0,20.53,2,0
389.2,20.53,2,0
389.4,20.54,2,0
389.6,20.56,2,0
389.8,20.54,2,0
390.0,20.56,2,0
390.2,20.56,2,0
390.4,20.56,2,0
390.6,20.63,2,0
390.8,20.63,2,0
391.0,20.65,2,0
391.2,20.63,2,0
391.4,20.65,2,0
391.6,20.66,2,0
391.8,20.63,2,0
392.0,20.67,2,0
392.2,20.65,8,0
392.4,20.72,8,0
392.6,20.71,8,0
392.8,20.71,9,0
393.0,20.72,9,0
393.2,20.72,9,0
393.4,20.72,9,0
393.6,20.72,9,0
393.8,20.73,9,0
394.0,20.72,9,0
394.2,20.74,9,0
394.4,20.73,9,0
394.6,20.74,9,0
394.8,20.74,9,0
395.0,20.76,9,0
395.2,20.75,9,0
395.4,20.76,9,0
395.6,20.76,9,0
395.8,20.76,9,0
396.0,20.77,9,0
396.2,20.77,9,0
396.4,20.77,9,0
396.6,20.77,9,0
396.8,20.78,9,0
397.0,20.79,9,0
397.2,20.78,9,0
397.4,20.79,9,0
397.6,20.78,9,0
397.8,20.78,9,0
398.0,20.8,9,0
398.2,20.8,9,0
398.4,20.8,9,0
398.6,20.81,9,0
398.8,20.8,9,0
399.0,20.82,9,0
399.2,20.82,9,0
399.4,20.83,9,0
399.6,20.83,9,0
399.8,20.84,9,0
400.0,20.84,9,0
400.2,20.84,9,0
400.4,20.85,9,0
400.6,20.85,9,0
400.8,20.85,9,0
401.0,20.85,9,0
401.2,20.86,9,0
401.4,20.87,9,0
401.6,20.86,9,0
401.8,20.88,9,0
402.0,20.87,9,0
402.2,20.89,9,0
402.4,20.89,9,0
402.6,20.87,9,0
402.8,20.88,9,0
403.0,20.87,9,0
403.2,20.9,9,0
403.4,20.9,9,0
403.6,20.89,9,0
403.8,20.89,9,0
404.0,20.92,9,0
404.2,20.9,9,0
404.4,20.89,10,0
404.6,20.93,9,0
404.8,20.93,9,0
405.0,20.94,10,0
405.2,20.94,10,0
405.4,20.96,10,0
405.6,20.93,10,0
405.8,20.92,10,0
406.0,20.93,10,0
406.2,20.93,10,0
406.4,20.91,10,0
406.6,20.95,10,0
406.8,20.95,10,0
407.0,20.97,10,0
407.2,20.98,10,0
407.4,20.99,10,0
407.6,20.97,10,0
407.8,20.92,10,0
408.0,20.95,10,0
408.2,20.94,10,0
408.4,20.98,10,0
408.6,20.99,10,0
408.8,20.99,10,0
409.0,21.0,10,0
409.2,21.02,10,0
409.4,21.02,10,0
409.6,21.0,10,0
409.8,20.96,10,0
410.0,20.97,10,0
410.2,21.01,0,1
410.4,21.0,0,1
410.6,21.02,10,0
410.8,21.0,10,0
411.0,21.02,0,1
411.2,21.03,0,1
411.4,21.04,0,1
411.6,21.05,0,1
411.8,21.05,0,1
412.0,21.07,1,0
412.2,21.07,1,0
412.4,21.08,1,0
412.6,21.09,1,0
412.8,21.1,1,0
413.0,21.12,1,0
413.2,21.12,1,0
413.4,21.13,1,0
413.6,21.15,1,0
413.8,21.16,1,0
414.0,21.16,1,0
414.2,21.15,1,0
414.4,21.18,1,0
414.6,21.18,1,0
414.8,21.2,1,0
415.0,21.2,0,1
415.2,21.2,0,1
415.4,21.21,0,1
415.6,21.23,0,1
415.8,21.22,0,1
416.0,21.24,0,1
416.2,21.25,0,1
416.4,21.26,0,1
416.6,21.26,0,1
416.8,21.27,0,1
417.0,21.28,1,0
417.2,21.3,1,0
417.4,21.29,1,0
417.6,21.31,1,0
417.8,21.32,1,0
418.0,21.32,1,0
418.2,21.32,1,0
418.4,21.32,1,0
418.6,21.33,1,0
418.8,21.34,1,0
419.0,21.34,1,0
419.2,21.35,1,0
419.4,21.36,1,0
419.6,21.36,1,0
419.8,21.38,1,0
420.0,21.37,1,0
420.2,21.37,1,0
420.4,21.39,1,0
420.6,21.39,1,0
420.8,21.4,1,0
421.0,21.41,1,0
421.2,21.41,1,0
421.4,21.42,1,0
421.6,21.42,1,0
421.8,21.42,1,0
422.0,21.43,1,0
422.2,21.44,1,0
422.4,21.45,1,0
422.6,21.45,1,0
422.8,21.45,1,0
423.0,21.46,1,0
423.2,21.47,1,0
423.4,21.48,1,0
423.6,21.48,1,0
423.8,21.47,1,0
424.0,21.48,1,0
424.2,21.49,1,0
424.4,21.49,1,0
424.6,21.5,1,0
424.8,21.51,1,0
425.0,21.53,1,0
425.2,21.53,1,0
425.4,21.52,1,0
425.6,21.53,1,0
425.8,21.52,1,0
426.0,21.54,1,0
426.2,21.54,1,0
426.4,21.54,1,0
426.6,21.56,1,0
426.8,21.56,1,0
427.0,21.57,1,0
427.2,21.58,1,0
427.4,21.58,1,0
427.6,21.58,1,0
427.8,21.58,1,0
428.0,21.59,1,0
428.2,21.6,1,0
428.4,21.6,1,0
428.6,21.6,1,0
428.8,21.61,1,0
429.0,21.62,1,0
429.2,21.62,1,0
429.4,21.63,1,0
429.6,21.62,1,0
429.8,21.63,1,0
430.0,21.63,1,0
430.2,21.63,1,0
430.4,21.65,1,0
430.6,21.66,1,0
430.8,21.66,1,0
431.0,21.67,1,0
431.2,21.67,1,0
431.4,21.67,1,0
431.6,21.67,1,0
431.8,21.68,1,0
432.0,21.68,1,0
432.2,21.69,1,0
432.4,21.7,1,0
432.6,21.7,1,0
432.8,21.71,1,0
433.0,21.71,1,0
433.2,21.72,1,0
433.4,21.71,1,0
433.6,21.72,1,0
433.8,21.72,1,0
434.0,21.73,1,0
434.2,21.74,1,0
434.4,21.74,1,0
434.6,21.75,1,0
434.8,21.76,1,0
435.0,21.76,1,0
435.2,21.76,1,0
435.4,21.76,1,0
435.6,21.76,1,0
435.8,21.77,1,0
436.0,21.77,1,0
436.2,21.78,1,0
436.4,21.78,1,0
436.6,21.79,1,0
436.8,21.8,1,0
437.0,21.8,1,0
437.2,21.8,1,0
437.4,21.8,1,0
437.6,21.8,1,0
437.8,21.82,1,0
438.0,21.82,1,0
438.2,21.82,1,0
438.4,21.82,1,0
438.6,21.83,1,0
438.8,21.84,1,0
439.0,21.85,1,0
439.2,21.84,1,0
439.4,21.84,1,0
439.6,21.84,1,0
439.8,21.86,1,0
440.0,21.86,1,0
440.2,21.86,1,0
440.4,21.87,1,0
440.6,21.87,1,0
440.8,21.88,1,0
441.0,21.88,1,0
441.2,21.88,1,0
441.4,21.88,1,0
441.6,21.88,1,0
441.8,21.89,1,0
442.0,21.9,1,0
442.2,21.91,1,0
442.4,21.9,1,0
442.6,21.92,1,0
442.8,21.91,1,0
443.0,21.91,1,0
443.2,21.91,1,0
443.4,21.91,1,0
443.6,21.94,1,0
443.8,21.93,1,0
444.0,21.94,1,0
444.2,21.95,1,0
444.4,21.94,1,0
444.6,21.96,1,0
444.8,21.97,1,0
445.0,21.96,1,0
445.2,21.95,1,0
445.4,21.96,1,0
445.6,21.97,1,0
445.8,21.97,1,0
446.0,21.99,1,0
446.2,21.99,1,0
446.4,21.99,1,0
446.6,21.99,1,0
446.8,21.98,1,0
447.0,21.99,1,0
447.2,22.0,1,0
447.4,22.0,1,0
447.6,21.96,2,0
447.8,21.97,2,0
448.0,22.02,1,0
448.2,22.02,1,0
448.4,22.03,2,0
448.6,22.04,2,0
448.8,22.02,2,0
449.0,22.04,2,0
449.2,22.03,2,0
449.4,22.0,2,0
449.6,22.01,2,0
449.8,22.01,2,0
450.0,22.07,2,0
450.2,22.07,2,0
450.4,22.05,2,0
450.6,22.05,2,0
450.8,22.06,2,0
451.0,22.06,2,0
451.2,22.06,2,0
451.4,22.02,2,0
451.6,22.04,2,0
451.8,22.09,2,0
452.0,22.09,2,0
452.2,22.08,2,0
452.4,22.07,2,0
452.6,22.08,2,0
452.8,22.08,2,0
453.0,22.09,2,0
453.2,22.05,2,0
453.4,22.06,2,0
453.6,22.06,2,0
453.8,22.11,2,0
454.0,22.12,2,0
454.2,22.12,2,0
454.4,22.12,2,0
454.6,22.11,2,0
454.8,22.11,2,0
455.0,22.12,2,0
455.2,22.09,2,0
455.4,22.1,2,0
455.6,22.1,2,0
455.8,22.15,2,0
456.0,22.14,2,0
456.2,22.15,2,0
456.4,22.13,2,0
456.6,22.13,2,0
456.8,22.14,2,0
457.0,22.11,2,0
457.2,22.12,2,0
457.4,22.11,2,0
457.6,22.12,2,0
457.8,22.16,2,0
458.0,22.17,2,0
458.2,22.13,2,0
458.4,22.16,2,0
458.6,22.18,2,0
458.8,22.16,2,0
459.0,22.14,2,0
459.2,22.15,2,0
459.4,22.15,2,0
459.6,22.2,2,0
459.8,22.19,2,0
460.0,22.2,2,0
460.2,22.19,2,0
460.4,22.19,2,0
460.6,22.19,2,0
460.8,22.2,2,0
461.0,22.18,2,0
461.2,22.16,2,0
461.4,22.18,2,0
461.6,22.22,2,0
461.8,22.22,2,0
462.0,22.23,2,0
462.2,22.22,2,0
462.4,22.22,2,0
462.6,22.22,2,0
462.8,22.24,2,0
463.0,22.18,2,0
463.2,22.2,2,0
463.4,22.24,2,0
463.6,22.21,2,0
463.8,22.25,2,0
464.0,22.25,2,0
464.2,22.24,2,0
464.4,22.24,2,0
464.6,22.24,2,0
464.8,22.22,2,0
465.0,22.22,2,0
465.2,22.23,2,0
465.4,22.27,2,0
465.6,22.28,2,0
465.8,22.27,2,0
466.0,22.26,2,0
466.2,22.26,2,0
466.4,22.26,2,0
466.6,22.25,2,0
466.8,22.23,2,0
467.0,22.25,2,0
467.2,22.24,2,0
467.4,22.3,2,0
467.6,22.29,2,0
467.8,22.3,2,0
468.0,22.29,2,0
468.2,22.29,2,0
468.4,22.28,2,0
468.6,22.27,2,0
468.8,22.27,2,0
469.0,22.27,2,0
469.2,22.31,2,0
469.4,22.32,2,0
469.6,22.32,2,0
469.8,22.31,2,0
470.0,22.31,2,0
470.2,22.31,2,0
470.4,22.31,2,0
470.6,22.29,2,0
470.8,22.3,2,0
471.0,22.29,2,0
471.2,22.35,2,0
471.4,22.34,2,0
471.6,22.34,2,0
471.8,22.33,2,0
472.0,22.33,2,0
472.2,22.34,2,0
472.4,22.3,2,0
472.6,22.34,2,0
472.8,22.31,2,0
473.0,22.36,2,0
473.2,22.36,2,0
473.4,22.36,2,0
473.6,22.37,2,0
473.8,22.35,2,0
474.0,22.36,2,0
474.2,22.36,2,0
474.4,22.33,2,0
474.6,22.37,2,0
474.8,22.33,2,0
475.0,22.39,2,0
475.2,22.37,2,0
475.4,22.39,2,0
475.6,22.37,2,0
475.8,22.39,2,0
476.0,22.38,2,0
476.2,22.34,2,0
476.4,22.36,2,0
476.6,22.34,2,0
476.8,22.36,2,0
477.0,22.37,2,0
477.2,22.41,2,0
477.4,22.41,2,0
477.6,22.39,2,0
477.8,22.4,2,0
478.0,22.4,2,0
478.2,22.38,2,0
478.4,22.38,2,0
478.6,22.38,2,0
478.8,22.43,2,0
479.0,22.42,2,0
479.2,22.43,2,0
479.4,22.41,2,0
479.6,22.41,2,0
479.8,22.41,2,0
480.0,22.39,2,0
480.2,22.39,2,0
480.4,22.38,2,0
480.6,22.4,2,0
480.8,22.44,2,0
481.0,22.45,2,0
481.2,22.44,2,0
481.4,22.43,2,0
481.6,22.42,2,0
481.8,22.43,2,0
482.0,22.41,2,0
482.2,22.4,2,0
482.4,22.41,2,0
482.6,22.45,2,0
482.8,22.45,2,0
483.0,22.47,2,0
483.2,22.42,2,0
483.4,22.45,2,0
483.6,22.45,2,0
483.8,22.45,2,0
484.0,22.43,2,0
484.2,22.42,2,0
484.4,22.44,2,0
484.6,22.47,2,0
484.8,22.48,2,0
485.0,22.48,2,0
485.2,22.46,2,0
485.4,22.46,2,0
485.6,22.46,2,0
485.8,22.44,2,0
486.0,22.43,2,0
486.2,22.44,2,0
486.4,22.43,2,0
486.6,22.49,2,0
486.8,22.49,2,0
487.0,22.49,2,0
487.2,22.48,2,0
487.4,22.47,2,0
487.6,22.48,2,0
487.8,22.46,2,0
488.0,22.46,2,0
488.2,22.46,2,0
488.4,22.51,2,0
488.6,22.51,2,0
488.8,22.51,2,0
489.0,22.5,2,0
489.2,22.5,2,0
489.4,22.5,2,0
489.6,22.5,2,0
489.8,22.47,2,0
490.0,22.48,2,0
490.2,22.47,2,0
490.4,22.53,2,0
490.6,22.52,2,0
490.8,22.52,2,0
491.0,22.51,2,0
491.2,22.51,2,0
491.4,22.51,2,0
491.6,22.48,2,0
491.8,22.49,2,0
492.0,22.49,2,0
492.2,22.53,2,0
492.4,22.54,2,0
492.6,22.54,2,0
492.8,22.54,2,0
493.0,22.51,2,0
493.2,22.52,2,0
493.4,22.52,2,0
493.6,22.49,2,0
493.8,22.51,2,0
494.0,22.5,2,0
494.2,22.55,2,0
494.4,22.55,2,0
494.6,22.52,2,0
494.8,22.54,2,0
495.0,22.54,2,0
495.2,22.54,2,0
495.4,22.51,2,0
495.6,22.52,2,0
495.8,22.51,2,0
496.0,22.52,2,0
496.2,22.56,2,0
496.4,22.56,2,0
496.6,22.56,2,0
496.8,22.54,2,0
497.0,22.55,2,0
497.2,22.56,2,0
497.4,22.52,2,0
497.6,22.53,2,0
497.8,22.52,2,0
498.0,22.58,2,0
498.2,22.57,2,0
498.4,22.58,2,0
498.6,22.56,2,0
498.8,22.57,2,0
499.0,22.55,2,0
499.2,22.56,2,0
499.4,22.55,2,0
499.6,22.54,2,0
499.8,22.55,2,0
500.0,22.58,2,0
500.2,22.59,2,0
500.4,22.59,2,0
500.6,22.57,2,0
500.8,22.58,2,0
501.0,22.58,2,0
501.2,22.56,2,0
501.4,22.56,2,0
501.6,22.57,2,0
501.8,22.6,2,0
502.0,22.59,2,0
502.2,22.61,2,0
502.4,22.59,2,0
502.6,22.59,2,0
502.8,22.59,2,0
503.0,22.6,2,0
503.2,22.56,2,0
503.4,22.62,2,0
503.6,22.57,2,0
503.8,22.61,2,0
504.0,22.62,2,0
504.2,22.61,2,0
504.4,22.59,2,0
504.6,22.59,2,0
504.8,22.6,2,0
505.0,22.58,2,0
505.2,22.57,2,0
505.4,22.58,2,0
505.6,22.58,2,0
505.8,22.62,2,0
506.0,22.62,2,0
506.2,22.62,2,0
506.4,22.6,2,0
506.6,22.59,2,0
506.8,22.61,2,0
507.0,22.58,2,0
507.2,22.58,2,0
507.4,22.59,2,0
507.6,22.63,2,0
507.8,22.64,2,0
508.0,22.63,2,0
508.2,22.62,2,0
508.4,22.63,2,0
508.6,22.62,2,0
508.8,22.62,2,0
509.0,22.59,2,0
509.2,22.61,2,0
509.4,22.59,2,0
509.6,22.64,2,0
509.8,22.64,2,0
510.0,22.65,2,0
510.2,22.63,2,0
510.4,22.63,2,0
510.6,22.64,2,0
510.8,22.62,2,0
511.0,22.61,2,0
511.2,22.61,2,0
511.4,22.65,2,0
511.6,22.66,2,0
511.8,22.65,2,0
512.0,22.66,2,0
512.2,22.64,2,0
512.4,22.64,2,0
512.6,22.64,2,0
512.8,22.64,2,0
513.0,22.62,2,0
513.2,22.61,2,0
513.4,22.67,2,0
513.6,22.66,2,0
513.8,22.68,2,0
514.0,22.65,2,0
514.2,22.66,2,0
514.4,22.64,2,0
514.6,22.62,2,0
514.8,22.63,2,0
515.0,22.63,2,0
515.2,22.64,2,0
515.4,22.68,2,0
515.6,22.67,2,0
515.8,22.68,2,0
516.0,22.68,2,0
516.2,22.67,2,0
516.4,22.66,2,0
516.6,22.64,2,0
516.8,22.64,2,0
517.0,22.7,2,0
517.2,22.69,2,0
517.4,22.64,2,0
517.6,22.69,2,0
517.8,22.65,2,0
518.0,22.67,2,0
518.2,22.67,2,0
518.4,22.67,2,0
518.6,22.65,2,0
518.8,22.64,2,0
519.0,22.66,2,0
519.2,22.69,2,0
519.4,22.7,2,0
519.6,22.69,2,0
519.8,22.68,2,0
520.0,22.67,2,0
520.2,22.68,2,0
520.4,22.66,2,0
520.6,22.66,2,0
520.8,22.66,2,0
521.0,22.71,2,0
521.2,22.71,2,0
521.4,22.71,2,0
521.6,22.7,2,0
521.8,22.69,2,0
522.0,22.69,2,0
522.2,22.71,2,0
522.4,22.65,2,0
522.6,22.65,2,0
522.8,22.68,2,0
523.0,22.7,2,0
523.2,22.7,2,0
523.4,22.7,2,0
523.6,22.68,2,0
523.8,22.68,2,0
524.0,22.69,2,0
524.2,22.66,2,0
524.4,22.68,2,0
524.6,22.67,2,0
524.8,22.67,2,0
525.0,22.71,2,0
525.2,22.72,2,0
525.4,22.71,2,0
525.6,22.7,2,0
525.8,22.7,2,0
526.0,22.7,2,0
526.2,22.68,2,0
526.4,22.67,2,0
526.6,22.68,2,0
526.8,22.72,2,0
527.0,22.73,2,0
527.2,22.72,2,0
527.4,22.7,2,0
527.6,22.71,2,0
527.8,22.71,2,0
528.0,22.7,2,0
528.2,22.68,2,0
528.4,22.69,2,0
528.6,22.68,2,0
528.8,22.73,2,0
529.0,22.73,2,0
529.2,22.73,2,0
529.4,22.72,2,0
529.6,22.72,2,0
529.8,22.72,2,0
530.0,22.7,2,0
530.2,22.7,2,0
530.4,22.69,2,0
530.6,22.74,2,0
530.8,22.74,2,0
531.0,22.74,2,0
531.2,22.74,2,0
531.4,22.73,2,0
531.6,22.72,2,0
531.8,22.73,2,0
532.0,22.7,2,0
532.2,22.7,2,0
532.4,22.69,2,0
532.6,22.75,2,0
532.8,22.74,2,0
533.0,22.74,2,0
533.2,22.74,2,0
533.4,22.74,2,0
533.6,22.73,2,0
533.8,22.71,2,0
534.0,22.71,2,0
534.2,22.72,2,0
534.4,22.72,2,0
534.6,22.77,2,0
534.8,22.75,2,0
535.0,22.76,2,0
535.2,22.74,2,0
535.4,22.74,2,0
535.6,22.74,2,0
535.8,22.7,2,0
536.0,22.72,2,0
536.2,22.7,2,0
536.4,22.77,2,0
536.6,22.75,2,0
536.8,22.78,2,0
537.0,22.74,2,0
537.2,22.74,2,0
537.4,22.75,2,0
537.6,22.76,2,0
537.8,22.76,2,0
538.0,22.72,2,0
538.2,22.73,2,0
538.4,22.77,2,0
538.6,22.76,2,0
538.8,22.77,2,0
539.0,22.76,2,0
539.2,22.75,2,0
539.4,22.76,2,0
539.6,22.73,2,0
539.8,22.72,2,0
540.0,22.73,2,0
540.2,22.78,2,0
540.4,22.78,2,0
540.6,22.79,2,0
540.8,22.78,2,0
541.0,22.75,2,0
541.2,22.76,2,0
541.4,22.76,2,0
541.6,22.75,2,0
541.8,22.73,2,0
542.0,22.73,2,0
542.2,22.77,2,0
542.4,22.77,2,0
542.6,22.77,2,0
542.8,22.77,2,0
543.0,22.76,2,0
543.2,22.76,2,0
543.4,22.74,2,0
543.6,22.74,2,0
543.8,22.75,2,0
544.0,22.74,2,0
544.2,22.78,2,0
544.4,22.79,2,0
544.6,22.79,2,0
544.8,22.77,2,0
545.0,22.78,2,0
545.2,22.77,2,0
545.4,22.75,2,0
545.6,22.74,2,0
545.8,22.79,2,0
546.0,22.79,2,0
546.2,22.8,2,0
546.4,22.79,2,0
546.6,22.77,2,0
546.8,22.78,2,0
547.0,22.78,2,0
547.2,22.79,2,0
547.4,22.79,2,0
547.6,22.76,2,0
547.8,22.77,2,0
548.0,22.8,2,0
548.2,22.81,2,0
548.4,22.8,2,0
548.6,22.79,2,0
548.8,22.79,2,0
549.0,22.79,2,0
549.2,22.77,2,0
549.4,22.76,2,0
549.6,22.77,2,0
549.8,22.8,2,0
550.0,22.82,2,0
550.2,22.81,2,0
550.4,22.81,2,0
550.6,22.79,2,0
550.8,22.8,2,0
551.0,22.79,2,0
551.2,22.76,2,0
551.4,22.78,2,0
551.6,22.76,2,0
551.8,22.81,2,0
552.0,22.81,2,0
552.2,22.81,2,0
552.4,22.8,2,0
552.6,22.79,2,0
552.8,22.8,2,0
553.0,22.81,2,0
553.2,22.78,2,0
553.4,22.78,2,0
553.6,22.77,2,0
553.8,22.83,2,0
554.0,22.82,2,0
554.2,22.83,2,0
554.4,22.8,2,0
554.6,22.81,2,0
554.8,22.81,2,0
555.0,22.77,2,0
555.2,22.78,2,0
555.4,22.77,2,0
555.6,22.83,2,0
555.8,22.82,2,0
556.0,22.82,2,0
556.2,22.81,2,0
556.4,22.81,2,0
556.6,22.81,2,0
556.8,22.81,2,0
557.0,22.79,2,0
557.2,22.79,2,0
557.4,22.79,2,0
557.6,22.82,2,0
557.8,22.83,2,0
558.0,22.84,2,0
558.2,22.82,2,0
558.4,22.82,2,0
558.6,22.81,2,0
558.8,22.78,2,0
559.0,22.8,2,0
559.2,22.78,2,0
559.4,22.84,2,0
559.6,22.83,2,0
559.8,22.84,2,0
560.0,22.84,2,0
560.2,22.82,2,0
560.4,22.82,2,0
560.6,22.82,2,0
560.8,22.81,2,0
561.0,22.79,2,0
561.2,22.8,2,0
561.4,22.84,2,0
561.6,22.8,2,0
561.8,22.84,2,0
562.0,22.83,2,0
562.2,22.83,2,0
562.4,22.83,2,0
562.6,22.81,2,0
562.8,22.81,2,0
563.0,22.79,2,0
563.2,22.8,2,0
563.4,22.85,2,0
563.6,22.86,2,0
563.8,22.84,2,0
564.0,22.83,2,0
564.2,22.83,2,0
564.4,22.84,2,0
564.6,22.82,2,0
564.8,22.79,2,0
565.0,22.81,2,0
565.2,22.84,2,0
565.4,22.85,2,0
565.6,22.86,2,0
565.8,22.81,2,0
566.0,22.84,2,0
566.2,22.84,2,0
566.4,22.83,2,0
566.6,22.82,2,0
566.8,22.82,2,0
567.0,22.82,2,0
567.2,22.87,2,0
567.4,22.85,2,0
567.6,22.87,2,0
567.8,22.85,2,0
568.0,22.85,2,0
568.2,22.85,2,0
568.4,22.82,2,0
568.6,22.81,2,0
568.8,22.85,2,0
569.0,22.86,2,0
569.2,22.88,2,0
569.4,22.86,2,0
569.6,22.87,2,0
569.8,22.85,2,0
570.0,22.86,2,0
570.2,22.85,2,0
570.4,22.86,2,0
570.6,22.84,2,0
570.8,22.83,2,0
571.0,22.87,2,0
571.2,22.87,2,0
571.4,22.88,2,0
571.6,22.86,2,0
571.8,22.83,2,0
572.0,22.86,2,0
572.2,22.87,2,0
572.4,22.82,2,0
572.6,22.84,2,0
572.8,22.82,2,0
573.0,22.88,2,0
573.2,22.87,2,0
573.4,22.89,2,0
573.6,22.85,2,0
573.8,22.87,2,0
574.0,22.87,2,0
574.2,22.84,2,0
574.4,22.85,2,0
574.6,22.83,2,0
574.8,22.88,2,0
575.0,22.89,2,0
575.2,22.85,2,0
575.4,22.88,2,0
575.6,22.87,2,0
575.8,22.87,2,0
576.0,22.87,2,0
576.2,22.85,2,0
576.4,22.85,2,0
576.6,22.85,2,0
576.8,22.89,2,0
577.0,22.89,2,0
577.2,22.87,2,0
577.4,22.88,2,0
577.6,22.88,2,0
577.8,22.88,2,0
578.0,22.84,2,0
578.2,22.86,2,0
578.4,22.84,2,0
578.6,22.91,2,0
578.8,22.9,2,0
579.0,22.91,2,0
579.2,22.9,2,0
579.4,22.89,2,0
579.6,22.89,2,0
579.8,22.9,2,0
580.0,22.87,2,0
580.2,22.85,2,0
580.4,22.86,2,0
580.6,22.91,2,0
580.8,22.91,2,0
581.0,22.91,2,0
581.2,22.9,2,0
581.4,22.89,2,0
581.6,22.89,2,0
581.8,22.86,2,0
582.0,22.87,2,0
582.2,22.86,2,0
582.4,22.87,2,0
582.6,22.91,2,0
582.8,22.92,2,0
583.0,22.87,2,0
583.2,22.9,2,0
583.4,22.9,2,0
583.6,22.9,2,0
583.8,22.88,2,0
584.0,22.87,2,0
584.2,22.92,2,0
584.4,22.91,2,0
584.6,22.92,2,0
584.8,22.92,2,0
585.0,22.9,2,0
585.2,22.91,2,0
585.4,22.9,2,0
585.6,22.91,2,0
585.8,22.91,2,0
586.0,22.88,2,0
586.2,22.91,2,0
586.4,22.93,2,0
586.6,22.93,2,0
586.8,22.92,2,0
587.0,22.91,2,0
587.2,22.91,2,0
587.4,22.91,2,0
587.6,22.92,2,0
587.8,22.87,2,0
588.0,22.89,2,0
588.2,22.93,2,0
588.4,22.93,2,0
588.6,22.92,2,0
588.8,22.93,2,0
589.0,22.89,2,0
0.4,23.09,0,1
0.6,23.09,0,1
0.8,23.09,0,1
1.0,23.1,0,1
1.2,23.1,0,1
1.4,23.1,0,1
1.6,23.1,0,1
1.8,23.11,0,1
2.0,23.1,0,1
2.2,23.1,0,1
2.4,23.11,0,1
2.6,23.11,0,1
2.8,23.11,0,1
3.0,23.11,0,1
3.2,23.11,0,1
