time_s,temperature_C,pwm,heat_cool
0.4,24.17,0,1
0.4,23.82,0,1
0.6,23.82,0,1
0.8,23.83,0,1
1.0,23.82,0,1
1.2,23.83,0,1
1.4,23.83,0,1
1.6,23.83,0,1
1.8,23.85,0,1
2.0,23.87,0,1
2.2,23.85,0,1
2.4,23.8,0,1
2.6,23.78,0,1
2.8,23.79,0,1
3.0,23.79,0,1
3.2,23.79,0,1
3.4,23.79,0,1
3.6,23.8,0,1
3.8,23.8,0,1
4.0,23.8,0,1
4.2,23.79,0,1
4.4,23.8,0,1
4.6,23.8,0,1
4.8,23.79,0,1
5.0,23.8,0,1
5.2,23.8,0,1
5.4,23.8,0,1
5.6,23.81,0,1
5.8,23.81,0,1
6.0,23.81,0,1
6.2,23.81,0,1
6.4,23.82,0,1
6.6,23.82,0,1
6.8,23.82,0,1
7.0,23.82,0,1
7.2,23.81,0,1
7.4,23.82,0,1
7.6,23.81,0,1
7.8,23.81,0,1
8.0,23.81,0,1
8.2,23.82,0,1
8.4,23.81,0,1
8.6,23.81,0,1
8.8,23.82,0,1
9.0,23.81,0,1
9.2,23.81,0,1
9.4,23.81,0,1
9.6,23.81,0,1
9.8,23.8,0,1
10.0,23.8,0,1
10.2,23.81,0,1
10.4,23.81,0,1
10.6,23.81,0,1
10.8,23.81,0,1
11.0,23.82,0,1
11.2,23.81,0,1
11.4,23.81,0,1
11.6,23.82,0,1
11.8,23.81,0,1
12.0,23.81,0,1
12.2,23.81,0,1
12.4,23.81,0,1
12.6,23.8,155,1
12.8,23.79,155,1
13.0,23.84,155,1
13.2,23.95,155,1
13.4,24.09,202,1
13.6,24.28,202,1
13.8,24.5,208,1
14.0,24.74,208,1
14.2,24.98,208,1
14.4,25.31,246,1
14.6,25.62,247,1
14.8,25.94,247,1
15.0,26.3,247,1
15.2,26.67,247,1
15.4,27.05,247,1
15.6,27.45,247,1
15.8,27.83,247,1
16.0,28.24,247,1
16.2,28.64,247,1
16.4,29.05,247,1
16.6,29.44,247,1
16.8,29.83,247,1
17.0,30.23,247,1
17.2,30.63,247,1
17.4,31.04,247,1
17.6,31.43,247,1
17.8,31.83,247,1
18.0,32.21,247,1
18.2,32.6,247,1
18.4,32.99,247,1
18.6,33.37,247,1
18.8,33.74,247,1
19.0,34.13,247,1
19.2,34.49,247,1
19.4,34.88,247,1
19.6,35.27,247,1
19.8,35.62,247,1
20.0,36.0,247,1
20.2,36.35,247,1
20.4,36.7,247,1
20.6,37.04,247,1
20.8,37.4,247,1
21.0,37.75,247,1
21.2,38.08,247,1
21.4,38.43,247,1
21.6,38.77,247,1
21.8,39.1,255,1
22.0,39.43,255,1
22.2,39.72,250,1
22.4,40.05,250,1
22.6,40.39,240,1
22.8,40.72,240,1
23.0,41.03,240,1
23.2,41.33,240,1
23.4,41.64,240,1
23.6,41.94,240,1
23.8,42.24,240,1
24.0,42.54,240,1
24.2,42.83,240,1
24.4,43.09,240,1
24.6,43.39,240,1
24.8,43.66,240,1
25.0,43.98,240,1
25.2,44.25,240,1
25.4,44.51,240,1
25.6,44.82,240,1
25.8,45.07,240,1
26.0,45.37,240,1
26.2,45.62,240,1
26.4,45.89,240,1
26.6,46.12,240,1
26.8,46.39,240,1
27.0,46.66,240,1
27.2,46.9,240,1
27.4,47.15,240,1
27.6,47.41,240,1
27.8,47.66,240,1
28.0,47.91,240,1
28.2,48.13,240,1
28.4,48.38,240,1
28.6,48.62,240,1
28.8,48.88,240,1
29.0,49.14,240,1
29.2,49.36,240,1
29.4,49.58,240,0
29.6,49.8,240,0
29.8,49.97,240,0
30.0,50.05,240,0
30.2,49.99,240,0
30.4,49.87,240,0
30.6,49.73,240,0
30.8,49.54,240,0
31.0,49.31,240,0
31.2,49.04,240,0
31.4,48.76,240,0
31.6,48.51,240,0
31.8,48.17,240,0
32.0,47.88,240,0
32.2,47.56,240,0
32.4,47.24,240,0
32.6,46.94,240,0
32.8,46.7,22,0
33.0,46.38,22,0
33.2,46.11,22,0
33.4,45.87,0,0
33.6,45.66,0,0
33.8,45.49,0,0
34.0,45.33,0,0
34.2,45.17,0,0
34.4,45.03,0,0
34.6,44.92,10,0
34.8,44.8,10,0
35.0,44.67,10,0
35.2,44.55,10,0
35.4,44.4,10,0
35.6,44.3,10,0
35.8,44.17,10,0
36.0,44.1,10,0
36.2,44.0,10,0
36.4,43.88,10,0
36.6,43.8,10,0
36.8,43.69,10,0
37.0,43.6,10,0
37.2,43.46,10,0
37.4,43.36,10,0
37.6,43.26,10,0
37.8,43.2,10,0
38.0,43.11,10,0
38.2,43.02,10,0
38.4,42.91,10,0
38.6,42.84,10,0
38.8,42.75,10,0
39.0,42.66,10,0
39.2,42.53,10,0
39.4,42.45,10,0
39.6,42.34,10,0
39.8,42.32,10,0
40.0,42.24,10,0
40.2,42.14,10,0
40.4,42.07,10,0
40.6,41.99,10,0
40.8,41.94,10,0
41.0,41.8,10,0
41.2,41.72,10,0
41.4,41.64,10,0
41.6,41.57,10,0
41.8,41.52,10,0
42.0,41.44,10,0
42.2,41.38,10,0
42.4,41.29,10,0
42.6,41.23,10,0
42.8,41.19,10,0
43.0,41.06,10,0
43.2,41.01,10,0
43.4,40.92,10,0
43.6,40.88,10,0
43.8,40.81,10,0
44.0,40.75,10,0
44.2,40.69,10,0
44.4,40.63,10,0
44.6,40.56,10,0
44.8,40.52,10,0
45.0,40.42,10,0
45.2,40.35,10,0
45.4,40.29,10,0
45.6,40.25,10,0
45.8,40.18,10,0
46.0,40.13,10,0
46.2,40.07,10,0
46.4,40.02,10,0
46.6,39.97,10,0
46.8,39.88,10,0
47.0,39.82,10,0
47.2,39.76,10,0
47.4,39.72,10,0
47.6,39.68,10,0
47.8,39.62,10,0
48.0,39.56,10,0
48.2,39.53,10,0
48.4,39.47,10,0
48.6,39.42,10,0
48.8,39.33,10,0
49.0,39.26,10,0
49.2,39.21,10,0
49.4,39.18,10,0
49.6,39.13,10,0
49.8,39.09,10,0
50.0,39.05,10,0
50.2,38.98,10,0
50.4,38.93,10,0
50.6,38.84,10,0
50.8,38.8,10,0
51.0,38.74,10,0
51.2,38.7,10,0
51.4,38.67,10,0
51.6,38.62,10,0
51.8,38.57,10,0
52.0,38.53,10,0
52.2,38.48,10,0
52.4,38.44,10,0
52.6,38.35,10,0
52.8,38.3,10,0
53.0,38.25,10,0
53.2,38.24,10,0
53.4,38.19,10,0
53.6,38.13,10,0
53.8,38.11,10,0
54.0,38.05,10,0
54.2,38.01,10,0
54.4,37.96,10,0
54.6,37.86,10,0
54.8,37.83,10,0
55.0,37.77,10,0
55.2,37.76,10,0
55.4,37.72,10,0
55.6,37.68,10,0
55.8,37.64,10,0
56.0,37.59,10,0
56.2,37.55,10,0
56.4,37.46,10,0
56.6,37.43,10,0
56.8,37.38,10,0
57.0,37.36,10,0
57.2,37.31,10,0
57.4,37.27,10,0
57.6,37.22,10,0
57.8,37.19,10,0
58.0,37.16,10,0
58.2,37.1,10,0
58.4,37.01,10,0
58.6,36.98,10,0
58.8,36.93,10,0
59.0,36.93,10,0
59.2,36.88,10,0
59.4,36.83,10,0
59.6,36.81,10,0
59.8,36.79,10,0
60.0,36.72,10,0
60.2,36.63,10,0
60.4,36.6,10,0
60.6,36.57,10,0
60.8,36.53,10,0
61.0,36.5,10,0
61.2,36.46,10,0
61.4,36.42,10,0
61.6,36.38,10,0
61.8,36.36,10,0
62.0,36.31,10,0
62.2,36.23,10,0
62.4,36.19,10,0
62.6,36.14,10,0
62.8,36.14,10,0
63.0,36.11,10,0
63.2,36.07,10,0
63.4,36.03,10,0
63.6,36.0,10,0
63.8,35.96,10,0
64.0,35.93,10,0
64.2,35.84,10,0
64.4,35.8,10,0
64.6,35.78,10,0
64.8,35.76,10,0
65.0,35.73,10,0
65.2,35.68,10,0
65.4,35.65,10,0
65.6,35.61,10,0
65.8,35.57,10,0
66.0,35.51,10,0
66.2,35.47,10,0
66.4,35.41,10,0
66.6,35.42,10,0
66.8,35.38,10,0
67.0,35.34,10,0
67.2,35.3,10,0
67.4,35.29,10,0
67.6,35.25,10,0
67.8,35.22,10,0
68.0,35.14,10,0
68.2,35.1,10,0
68.4,35.07,10,0
68.6,35.05,10,0
68.8,35.02,10,0
69.0,34.98,10,0
69.2,34.97,10,0
69.4,34.92,10,0
69.6,34.89,10,0
69.8,34.82,10,0
70.0,34.78,10,0
70.2,34.75,10,0
70.4,34.7,10,0
70.6,34.7,10,0
70.8,34.66,10,0
71.0,34.63,10,0
71.2,34.62,10,0
71.4,34.57,10,0
71.6,34.55,10,0
71.8,34.47,10,0
72.0,34.42,10,0
72.2,34.41,10,0
72.4,34.39,10,0
72.6,34.36,10,0
72.8,34.32,10,0
73.0,34.31,10,0
73.2,34.27,10,0
73.4,34.25,10,0
73.6,34.2,10,0
73.8,34.11,10,0
74.0,34.09,10,0
74.2,34.06,10,0
74.4,34.04,10,0
74.6,34.02,10,0
74.8,33.98,10,0
75.0,33.96,10,0
75.2,33.94,10,0
75.4,33.91,10,0
75.6,33.84,10,0
75.8,33.83,0,0
76.0,33.79,0,0
76.2,33.78,0,0
76.4,33.72,6,0
76.6,33.7,6,0
76.8,33.67,6,0
77.0,33.66,6,0
77.2,33.63,6,0
77.4,33.6,6,0
77.6,33.57,6,0
77.8,33.54,6,0
78.0,33.51,6,0
78.2,33.49,49,0
78.4,33.45,49,0
78.6,33.41,49,0
78.8,33.38,49,0
79.0,33.33,49,0
79.2,33.28,49,0
79.4,33.22,49,0
79.6,33.17,49,0
79.8,33.12,49,0
80.0,33.07,49,0
80.2,33.0,49,0
80.4,32.95,49,0
80.6,32.9,49,0
80.8,32.85,49,0
81.0,32.78,49,0
81.2,32.73,49,0
81.4,32.68,49,0
81.6,32.63,49,0
81.8,32.58,49,0
82.0,32.52,49,0
82.2,32.47,167,0
82.4,32.41,166,0
82.6,32.35,166,0
82.8,32.28,166,0
83.0,32.16,166,0
83.2,32.05,166,0
83.4,31.92,176,0
83.6,31.82,176,0
83.8,31.68,176,0
84.0,31.54,176,0
84.2,31.41,176,0
84.4,31.28,176,0
84.6,31.13,176,0
84.8,30.98,176,0
85.0,30.88,228,0
85.2,30.75,228,0
85.4,30.61,228,0
85.6,30.46,228,0
85.8,30.3,228,0
86.0,30.14,228,0
86.2,30.02,255,0
86.4,29.85,255,0
86.6,29.7,255,0
86.8,29.52,255,0
87.0,29.36,255,0
87.2,29.19,255,0
87.4,29.02,255,0
87.6,28.85,255,0
87.8,28.68,255,0
88.0,28.52,255,0
88.2,28.34,255,0
88.4,28.18,255,0
88.6,28.02,255,0
88.8,27.85,255,0
89.0,27.68,255,0
89.2,27.52,255,0
89.4,27.37,255,0
89.6,27.21,255,0
89.8,27.05,255,0
90.0,26.9,255,0
90.2,26.73,255,0
90.4,26.58,255,0
90.6,26.44,255,0
90.8,26.29,255,0
91.0,26.14,255,0
91.2,25.99,255,0
91.4,25.85,255,0
91.6,25.71,255,0
91.8,25.56,255,0
92.0,25.43,255,0
92.2,25.28,255,0
92.4,25.15,255,0
92.6,25.0,255,0
92.8,24.85,255,0
93.0,24.72,255,0
93.2,24.58,255,0
93.4,24.44,255,0
93.6,24.31,255,0
93.8,24.17,255,0
94.0,24.05,255,0
94.2,23.92,255,0
94.4,23.79,255,0
94.6,23.67,255,0
94.8,23.53,255,0
95.0,23.41,255,0
95.2,23.29,255,0
95.4,23.16,255,0
95.6,23.03,255,0
95.8,22.9,255,0
96.0,22.78,255,0
96.2,22.66,255,0
96.4,22.54,255,0
96.6,22.42,255,0
96.8,22.29,255,0
97.0,22.18,255,0
97.2,22.06,255,0
97.4,21.94,255,0
97.6,21.82,255,0
97.8,21.71,255,0
98.0,21.59,255,0
98.2,21.48,255,0
98.4,21.37,255,0
98.6,21.25,255,0
98.8,21.14,255,0
99.0,21.03,255,0
99.2,20.92,255,0
99.4,20.8,255,0
99.6,20.69,255,0
99.8,20.57,255,0
100.0,20.46,255,0
100.2,20.36,255,0
100.4,20.24,255,0
100.6,20.13,255,0
100.8,20.02,255,0
101.0,19.92,255,0
101.2,19.8,255,0
101.4,19.7,255,0
101.6,19.59,255,0
101.8,19.49,255,0
102.0,19.37,255,0
102.2,19.27,255,0
102.4,18.83,255,0
102.6,18.72,255,0
102.8,18.62,255,0
103.0,18.51,255,0
103.2,18.41,255,0
103.4,18.3,255,0
103.6,18.21,255,0
103.8,18.1,255,0
104.0,18.0,255,0
104.2,17.9,255,0
104.4,17.8,255,0
104.6,17.69,255,0
104.8,17.6,255,0
105.0,17.5,255,0
105.2,17.4,0,0
105.4,17.32,0,0
105.6,17.25,0,0
105.8,17.23,0,0
106.0,17.25,0,0
106.2,17.3,0,0
106.4,17.36,0,0
106.6,17.44,0,0
106.8,17.52,0,0
107.0,17.6,0,0
107.2,17.69,0,0
107.4,17.77,0,0
107.6,17.87,0,0
107.8,17.94,0,0
108.0,18.04,0,0
108.2,18.12,0,0
108.4,18.2,0,0
108.6,18.28,0,0
108.8,18.36,0,0
109.0,18.43,0,0
109.2,18.5,0,0
109.4,18.57,0,0
109.6,18.64,0,0
109.8,18.71,0,0
110.0,18.77,0,0
110.2,18.83,0,0
110.4,18.9,0,0
110.6,18.95,0,0
110.8,19.01,0,0
111.0,19.07,0,0
111.2,19.12,0,0
111.4,19.17,0,0
111.6,19.22,0,0
111.8,19.26,0,0
112.0,19.31,0,0
112.2,19.36,0,0
112.4,19.41,0,0
112.6,19.45,0,0
112.8,19.49,0,0
113.0,19.53,0,0
113.2,19.57,0,0
113.4,19.61,0,0
113.6,19.65,0,0
113.8,19.68,0,0
114.0,19.72,0,0
114.2,19.75,0,0
114.4,19.79,0,0
114.6,19.82,0,0
114.8,19.86,0,0
115.0,19.88,0,0
115.2,19.91,0,0
115.4,19.94,0,0
115.6,19.97,0,0
115.8,20.01,0,0
116.0,20.03,0,0
116.2,20.06,0,0
116.4,20.08,0,0
116.6,20.11,0,0
116.8,20.12,0,0
117.0,20.15,0,0
117.2,20.18,0,0
117.4,20.21,0,0
117.6,20.23,0,0
117.8,20.25,0,0
118.0,20.27,0,0
118.2,20.3,0,0
118.4,20.32,0,0
118.6,20.33,0,0
118.8,20.36,0,0
119.0,20.38,0,0
119.2,20.4,0,0
119.4,20.42,0,0
119.6,20.44,0,0
119.8,20.46,0,0
120.0,20.48,0,0
120.2,20.49,0,0
120.4,20.51,0,0
120.6,20.53,0,0
120.8,20.55,0,0
121.0,20.56,0,0
121.2,20.58,0,0
121.4,20.6,0,0
121.6,20.61,0,0
121.8,20.63,0,0
122.0,20.64,0,0
122.2,20.66,0,0
122.4,20.68,0,0
122.6,20.69,0,0
122.8,20.71,0,0
123.0,20.72,0,0
123.2,20.73,0,0
123.4,20.75,0,0
123.6,20.76,0,0
123.8,20.78,0,0
124.0,20.79,0,0
124.2,20.8,0,0
124.4,20.82,0,0
124.6,20.83,0,0
124.8,20.85,0,0
125.0,20.86,0,0
125.2,20.88,0,0
125.4,20.88,0,0
125.6,20.9,0,0
125.8,20.91,0,0
126.0,20.92,0,0
126.2,20.93,0,0
126.4,20.95,0,0
126.6,20.96,0,0
126.8,20.96,0,0
127.0,20.97,0,0
127.2,20.99,0,0
127.4,21.0,0,0
127.6,21.01,0,0
127.8,21.03,0,0
128.0,21.04,0,0
128.2,21.05,0,0
128.4,21.06,0,0
128.6,21.07,0,0
128.8,21.08,0,0
129.0,21.1,0,0
129.2,21.1,0,0
129.4,21.12,0,0
129.6,21.12,0,0
129.8,21.13,0,0
130.0,21.14,0,0
130.2,21.16,0,0
130.4,21.17,0,0
130.6,21.17,0,0
130.8,21.18,0,0
131.0,21.19,0,0
131.2,21.2,0,0
131.4,21.21,0,0
131.6,21.22,0,0
131.8,21.23,0,0
132.0,21.24,0,1
132.2,21.25,0,1
132.4,21.26,0,1
132.6,21.27,0,1
132.8,21.28,0,1
133.0,21.28,0,1
133.2,21.29,0,1
133.4,21.3,0,1
133.6,21.31,0,1
133.8,21.32,0,1
134.0,21.33,0,1
134.2,21.33,0,1
134.4,21.35,0,1
134.6,21.36,0,1
134.8,21.37,0,1
135.0,21.37,0,1
135.2,21.38,0,1
135.4,21.38,0,1
135.6,21.4,0,1
135.8,21.41,0,1
136.0,21.41,0,1
136.2,21.42,0,1
136.4,21.43,0,1
136.6,21.44,0,1
136.8,21.44,0,1
137.0,21.45,0,1
137.2,21.46,0,1
137.4,21.47,0,1
137.6,21.48,0,1
137.8,21.49,0,1
138.0,21.49,0,1
138.2,21.5,0,1
138.4,21.51,0,1
138.6,21.51,0,1
138.8,21.52,0,1
139.0,21.53,0,1
139.2,21.53,0,1
139.4,21.54,0,1
139.6,21.55,0,1
139.8,21.56,0,1
140.0,21.57,0,1
140.2,21.57,0,1
140.4,21.58,0,1
140.6,21.6,0,1
140.8,21.6,0,1
141.0,21.61,0,1
141.2,21.61,0,1
141.4,21.62,0,1
141.6,21.63,0,1
141.8,21.63,0,1
142.0,21.64,0,1
142.2,21.64,0,1
142.4,21.65,0,1
142.6,21.66,0,1
142.8,21.67,0,1
143.0,21.67,0,1
143.2,21.68,0,1
143.4,21.69,0,1
143.6,21.69,0,1
143.8,21.7,0,1
144.0,21.7,0,1
144.2,21.72,0,1
144.4,21.72,0,1
144.6,21.73,0,1
144.8,21.73,0,1
145.0,21.74,0,1
145.2,21.75,0,1
145.4,21.75,0,1
145.6,21.76,0,1
145.8,21.77,0,1
146.0,21.77,0,1
146.2,21.78,0,1
146.4,21.78,0,1
146.6,21.79,0,1
146.8,21.8,0,1
147.0,21.8,0,1
147.2,21.81,0,1
147.4,21.82,0,1
147.6,21.82,0,1
147.8,21.83,0,1
148.0,21.83,0,1
148.2,21.84,0,1
148.4,21.84,0,1
148.6,21.85,0,1
148.8,21.85,0,1
149.0,21.87,0,1
149.2,21.87,0,1
149.4,21.88,0,1
149.6,21.88,0,1
149.8,21.9,0,1
150.0,21.89,0,1
150.2,21.9,0,1
150.4,21.9,0,1
150.6,21.91,0,1
150.8,21.92,0,1
151.0,21.92,0,1
151.2,21.93,0,1
151.4,21.93,0,1
151.6,21.94,0,1
151.8,21.94,0,1
152.0,21.95,0,1
152.2,21.95,0,1
152.4,21.96,0,1
152.6,21.97,0,1
152.8,21.97,0,1
153.0,21.98,0,1
153.2,21.98,0,1
153.4,21.99,0,1
153.6,21.99,0,1
153.8,22.0,0,1
154.0,22.0,0,1
154.2,22.01,0,1
154.4,22.01,0,1
154.6,22.02,0,1
154.8,22.03,0,1
155.0,22.03,0,1
155.2,22.04,0,1
155.4,22.04,0,1
155.6,22.05,0,1
155.8,22.05,0,1
156.0,22.06,0,1
156.2,22.04,10,1
156.4,22.04,10,1
156.6,22.06,10,1
156.8,22.06,10,1
157.0,22.1,20,1
157.2,22.12,20,1
157.4,22.13,20,1
157.6,22.13,20,1
157.8,22.19,30,1
158.0,22.23,30,1
158.2,22.26,30,1
158.4,22.27,40,1
158.6,22.33,40,1
158.8,22.4,40,1
159.0,22.46,40,1
159.2,22.52,40,1
159.4,22.59,40,1
159.6,22.67,40,1
159.8,22.73,40,1
160.0,22.8,40,1
160.2,22.83,40,1
160.4,22.92,40,1
160.6,22.99,40,1
160.8,23.08,50,1
161.0,23.14,60,1
161.2,23.23,70,1
161.4,23.34,70,1
161.6,23.42,70,1
161.8,23.52,70,1
162.0,23.59,70,1
162.2,23.69,70,1
162.4,23.84,80,1
162.6,23.92,90,1
162.8,24.05,100,1
163.0,24.17,110,1
163.2,24.31,130,1
163.4,24.44,140,1
163.6,24.59,140,1
163.8,24.79,140,1
164.0,25.01,140,1
164.2,25.22,140,1
164.4,25.43,140,1
164.6,25.63,140,1
164.8,25.85,140,1
165.0,26.08,140,1
165.2,26.28,140,1
165.4,26.5,140,1
165.6,26.73,140,1
165.8,26.99,140,1
166.0,27.22,140,1
166.2,27.45,140,1
166.4,27.65,140,1
166.6,27.87,140,1
166.8,28.09,140,1
167.0,28.32,140,1
167.2,28.52,140,1
167.4,28.71,140,1
167.6,28.94,140,1
167.8,29.18,140,1
168.0,29.41,140,1
168.2,29.61,140,1
168.4,29.8,140,1
168.6,30.01,140,1
168.8,30.21,140,1
169.0,30.39,140,1
169.2,30.59,140,1
169.4,30.8,140,1
169.6,30.99,140,1
169.8,31.23,140,1
170.0,31.42,140,1
170.2,31.62,140,1
170.4,31.8,140,1
170.6,31.98,140,1
170.8,32.18,140,1
171.0,32.35,140,1
171.2,32.53,140,1
171.4,32.74,130,1
171.6,32.93,110,1
171.8,33.11,110,1
172.0,33.28,110,1
172.2,33.42,110,1
172.4,33.57,110,1
172.6,33.73,110,1
172.8,33.85,110,1
173.0,33.99,110,1
173.2,34.14,120,1
173.4,34.27,130,1
173.6,34.37,130,1
173.8,34.48,130,1
174.0,34.64,130,1
174.2,34.8,130,1
174.4,34.94,130,1
174.6,35.08,140,1
174.8,35.22,150,1
175.0,35.37,160,1
175.2,35.5,170,1
175.4,35.69,170,1
175.6,35.86,170,1
175.8,36.05,170,1
176.0,36.23,170,1
176.2,36.4,170,1
176.4,36.6,170,1
176.6,36.8,170,1
176.8,36.96,170,1
177.0,37.18,170,1
177.2,37.37,170,1
177.4,37.62,170,1
177.6,37.82,170,1
177.8,38.03,170,1
178.0,38.18,160,1
178.2,38.41,140,1
178.4,38.61,130,1
178.6,38.79,120,1
178.8,38.95,110,1
179.0,39.15,100,1
179.2,39.3,100,1
179.4,39.42,90,1
179.6,39.54,90,1
179.8,39.64,90,1
180.0,39.75,80,1
180.2,39.84,70,1
180.4,39.9,70,1
180.6,40.0,70,1
180.8,40.05,70,1
181.0,40.09,70,1
181.2,40.1,70,1
181.4,40.13,70,1
181.6,40.17,70,1
181.8,40.23,70,1
182.0,40.25,70,1
182.2,40.28,70,1
182.4,40.3,70,1
182.6,40.34,70,1
182.8,40.36,70,1
183.0,40.38,70,1
183.2,40.36,70,1
183.4,40.36,70,1
183.6,40.4,70,1
183.8,40.44,70,1
184.0,40.46,70,1
184.2,40.49,70,1
184.4,40.52,70,1
184.6,40.53,70,1
184.8,40.56,70,1
185.0,40.55,70,1
185.2,40.55,70,1
185.4,40.59,70,1
185.6,40.6,70,1
185.8,40.64,70,1
186.0,40.68,70,1
186.2,40.71,70,1
186.4,40.73,70,1
186.6,40.75,70,1
186.8,40.8,70,1
187.0,40.78,70,1
187.2,40.81,70,1
187.4,40.82,70,1
187.6,40.88,70,1
187.8,40.9,70,1
188.0,40.93,80,1
188.2,40.93,80,1
188.4,40.98,80,1
188.6,41.0,80,1
188.8,41.04,80,1
189.0,41.11,80,1
189.2,41.15,80,1
189.4,41.21,80,1
189.6,41.23,80,1
189.8,41.27,80,1
190.0,41.31,80,1
190.2,41.33,80,1
190.4,41.39,80,1
190.6,41.43,80,1
190.8,41.53,80,1
191.0,41.57,80,1
191.2,41.62,80,1
191.4,41.66,80,1
191.6,41.7,80,1
191.8,41.76,80,1
192.0,41.8,80,1
192.2,41.83,80,1
192.4,41.87,80,1
192.6,41.93,80,1
192.8,42.02,80,1
193.0,42.06,80,1
193.2,42.11,80,1
193.4,42.15,80,1
193.6,42.21,80,1
193.8,42.25,80,1
194.0,42.29,80,1
194.2,42.34,80,1
194.4,42.39,80,1
194.6,42.47,80,1
194.8,42.52,80,1
195.0,42.58,80,1
195.2,42.62,80,1
195.4,42.66,80,1
195.6,42.71,80,1
195.8,42.76,80,1
196.0,42.77,80,1
196.2,42.82,80,1
196.4,42.89,80,1
196.6,42.94,80,1
196.8,43.02,80,1
197.0,43.06,80,1
197.2,43.09,80,1
197.4,43.13,80,1
197.6,43.19,80,1
197.8,43.22,80,1
198.0,43.26,80,1
198.2,43.31,80,1
198.4,43.36,80,1
198.6,43.45,80,1
198.8,43.49,80,1
199.0,43.53,80,1
199.2,43.58,80,1
199.4,43.61,80,1
199.6,43.66,80,1
199.8,43.69,80,1
200.0,43.73,80,1
200.2,43.78,80,1
200.4,43.87,80,1
200.6,43.92,80,1
200.8,43.94,80,1
201.0,44.0,80,1
201.2,44.03,80,1
201.4,44.08,80,1
201.6,44.14,80,1
201.8,44.14,80,1
202.0,44.2,80,1
202.2,44.22,80,1
202.4,44.29,70,1
202.6,44.31,70,1
202.8,44.38,70,1
203.0,44.45,70,1
203.2,44.48,70,1
203.4,44.51,70,1
203.6,44.56,70,1
203.8,44.57,70,1
204.0,44.61,70,1
204.2,44.6,70,1
204.4,44.62,70,1
204.6,44.67,70,1
204.8,44.7,70,1
205.0,44.75,70,1
205.2,44.78,70,1
205.4,44.81,70,1
205.6,44.85,70,1
205.8,44.87,70,1
206.0,44.9,70,1
206.2,44.9,70,1
206.4,44.91,70,1
206.6,44.94,70,1
206.8,44.99,60,1
207.0,45.0,60,1
207.2,45.04,60,1
207.4,45.08,60,1
207.6,45.09,60,1
207.8,45.12,60,1
208.0,45.12,60,1
208.2,45.13,60,1
208.4,45.15,60,1
208.6,45.17,60,1
208.8,45.16,60,1
209.0,45.16,60,1
209.2,45.18,60,1
209.4,45.22,60,1
209.6,45.22,60,1
209.8,45.23,60,1
210.0,45.23,60,1
210.2,45.25,60,1
210.4,45.26,60,1
210.6,45.26,60,1
210.8,45.26,60,1
211.0,45.29,50,1
211.2,45.31,50,1
211.4,45.29,50,1
211.6,45.29,50,1
211.8,45.34,40,1
212.0,45.31,40,1
212.2,45.29,40,1
212.4,45.29,40,1
212.6,45.3,40,1
212.8,45.27,40,1
213.0,45.29,40,1
213.2,45.28,40,1
213.4,45.26,40,1
213.6,45.24,40,1
213.8,45.17,40,1
214.0,45.16,40,1
214.2,45.14,40,1
214.4,45.12,40,1
214.6,45.13,40,1
214.8,45.1,40,1
215.0,45.09,40,1
215.2,45.08,40,1
215.4,45.02,50,1
215.6,45.01,50,1
215.8,45.03,50,1
216.0,45.01,50,1
216.2,45.01,50,1
216.4,44.99,50,1
216.6,44.96,50,1
216.8,44.97,50,1
217.0,44.95,50,1
217.2,44.93,50,1
217.4,44.94,50,1
217.6,44.94,50,1
217.8,44.97,50,1
218.0,44.97,50,1
218.2,44.97,50,1
218.4,44.96,50,1
218.6,44.97,50,1
218.8,44.96,50,1
219.0,44.95,50,1
219.2,44.94,50,1
219.4,44.95,50,1
219.6,44.99,50,1
219.8,45.0,50,1
220.0,45.0,50,1
220.2,44.98,50,1
220.4,44.99,50,1
220.6,45.0,50,1
220.8,45.0,50,1
221.0,44.97,50,1
221.2,44.99,50,1
221.4,44.97,50,1
221.6,45.02,50,1
221.8,45.04,50,1
222.0,45.03,50,1
222.2,45.02,50,1
222.4,45.03,50,1
222.6,45.04,50,1
222.8,45.0,50,1
223.0,45.02,50,1
223.2,45.01,50,1
223.4,45.06,50,1
223.6,45.07,50,1
223.8,45.08,50,1
224.0,45.08,50,1
224.2,45.09,50,1
224.4,45.07,50,1
224.6,45.07,50,1
224.8,45.05,50,1
225.0,45.07,50,1
225.2,45.07,50,1
225.4,45.11,50,1
225.6,45.12,50,1
225.8,45.12,50,1
226.0,45.13,50,1
226.2,45.12,50,1
226.4,45.13,50,1
226.6,45.1,50,1
226.8,45.12,50,1
227.0,45.13,50,1
227.2,45.12,50,1
227.4,45.15,50,1
227.6,45.19,50,1
227.8,45.16,50,1
228.0,45.16,50,1
228.2,45.16,50,1
228.4,45.18,50,1
228.6,45.16,50,1
228.8,45.17,50,1
229.0,45.17,50,1
229.2,45.22,50,1
229.4,45.22,50,1
229.6,45.22,50,1
229.8,45.2,50,1
230.0,45.22,50,1
230.2,45.23,50,1
230.4,45.23,50,1
230.6,45.21,50,1
230.8,45.2,50,1
231.0,45.22,50,1
231.2,45.27,50,1
231.4,45.27,50,1
231.6,45.27,50,1
231.8,45.26,50,1
232.0,45.26,50,1
232.2,45.26,50,1
232.4,45.26,50,1
232.6,45.25,50,1
232.8,45.27,50,1
233.0,45.31,50,1
233.2,45.31,50,1
233.4,45.32,50,1
233.6,45.33,50,1
233.8,45.31,50,1
234.0,45.31,50,1
234.2,45.32,50,1
234.4,45.31,50,1
234.6,45.3,50,1
234.8,45.32,50,1
235.0,45.36,50,1
235.2,45.35,50,1
235.4,45.36,50,1
235.6,45.35,50,1
235.8,45.35,50,1
236.0,45.36,50,1
236.2,45.35,50,1
236.4,45.33,50,1
236.6,45.35,50,1
236.8,45.35,50,1
237.0,45.4,50,1
237.2,45.4,50,1
237.4,45.43,50,1
237.6,45.41,50,1
237.8,45.41,50,1
238.0,45.43,50,1
238.2,45.38,50,1
238.4,45.41,50,1
238.6,45.41,50,1
238.8,45.45,50,1
239.0,45.43,50,1
239.2,45.42,40,1
239.4,45.44,40,1
239.6,45.45,40,1
239.8,45.45,40,1
240.0,45.44,40,1
240.2,45.45,40,1
240.4,45.45,40,0
240.6,45.43,40,0
240.8,45.37,40,0
241.0,45.32,40,0
241.2,45.27,40,0
241.4,45.22,50,0
241.6,45.14,50,0
241.8,45.05,50,0
242.0,44.92,50,0
242.2,44.85,50,0
242.4,44.73,50,0
242.6,44.62,40,0
242.8,44.55,30,0
243.0,44.42,10,0
243.2,44.35,0,0
243.4,44.25,0,0
243.6,44.16,0,0
243.8,44.08,0,0
244.0,44.0,0,0
244.2,43.92,0,0
244.4,43.85,10,0
244.6,43.72,10,0
244.8,43.66,10,0
245.0,43.58,10,0
245.2,43.55,10,0
245.4,43.46,10,0
245.6,43.39,10,0
245.8,43.32,10,0
246.0,43.25,10,0
246.2,43.17,10,0
246.4,43.11,10,0
246.6,42.99,10,0
246.8,42.92,10,0
247.0,42.86,10,0
247.2,42.81,10,0
247.4,42.75,10,0
247.6,42.67,10,0
247.8,42.61,10,0
248.0,42.55,10,0
248.2,42.48,10,0
248.4,42.36,10,0
248.6,42.3,10,0
248.8,42.23,10,0
249.0,42.2,10,0
249.2,42.14,10,0
249.4,42.07,10,0
249.6,42.0,10,0
249.8,41.96,10,0
250.0,41.88,10,0
250.2,41.84,10,0
250.4,41.74,10,0
250.6,41.66,10,0
250.8,41.59,10,0
251.0,41.56,10,0
251.2,41.51,10,0
251.4,41.44,10,0
251.6,41.39,10,0
251.8,41.33,10,0
252.0,41.27,10,0
252.2,41.18,10,0
252.4,41.13,10,0
252.6,41.06,10,0
252.8,41.02,10,0
253.0,40.98,10,0
253.2,40.92,10,0
253.4,40.87,10,0
253.6,40.82,10,0
253.8,40.77,10,0
254.0,40.71,10,0
254.2,40.62,10,0
254.4,40.55,10,0
254.6,40.51,10,0
254.8,40.48,10,0
255.0,40.42,10,0
255.2,40.36,10,0
255.4,40.33,10,0
255.6,40.27,10,0
255.8,40.22,10,0
256.0,40.16,10,0
256.2,40.08,10,0
256.4,40.04,10,0
256.6,39.98,10,0
256.8,39.95,10,0
257.0,39.89,10,0
257.2,39.84,10,0
257.4,39.82,10,0
257.6,39.75,10,0
257.8,39.71,10,0
258.0,39.63,10,0
258.2,39.57,10,0
258.4,39.53,10,0
258.6,39.5,10,0
258.8,39.45,10,0
259.0,39.4,10,0
259.2,39.36,10,0
259.4,39.31,10,0
259.6,39.27,10,0
259.8,39.22,10,0
260.0,39.12,10,0
260.2,39.09,10,0
260.4,39.04,10,0
260.6,39.02,10,0
260.8,38.97,10,0
261.0,38.94,10,0
261.2,38.88,10,0
261.4,38.85,10,0
261.6,38.8,10,0
261.8,38.71,10,0
262.0,38.66,10,0
262.2,38.63,10,0
262.4,38.57,10,0
262.6,38.56,10,0
262.8,38.51,10,0
263.0,38.47,10,0
263.2,38.44,10,0
263.4,38.4,10,0
263.6,38.35,10,0
263.8,38.26,10,0
264.0,38.22,10,0
264.2,38.17,10,0
264.4,38.16,10,0
264.6,38.12,10,0
264.8,38.07,10,0
265.0,38.04,10,0
265.2,38.0,10,0
265.4,37.95,10,0
265.6,37.91,10,0
265.8,37.84,10,0
266.0,37.79,10,0
266.2,37.75,10,0
266.4,37.73,10,0
266.6,37.69,10,0
266.8,37.65,10,0
267.0,37.61,10,0
267.2,37.58,10,0
267.4,37.53,10,0
267.6,37.44,10,0
267.8,37.41,10,0
268.0,37.36,10,0
268.2,37.35,10,0
268.4,37.31,10,0
268.6,37.26,10,0
268.8,37.22,10,0
269.0,37.2,10,0
269.2,37.16,10,0
269.4,37.12,10,0
269.6,37.04,10,0
269.8,36.99,10,0
270.0,36.96,10,0
270.2,36.95,10,0
270.4,36.91,10,0
270.6,36.85,10,0
270.8,36.84,10,0
271.0,36.79,10,0
271.2,36.76,10,0
271.4,36.68,10,0
271.6,36.65,10,0
271.8,36.6,10,0
272.0,36.57,10,0
272.2,36.55,10,0
272.4,36.5,10,0
272.6,36.47,10,0
272.8,36.46,10,0
273.0,36.41,10,0
273.2,36.37,10,0
273.4,36.29,10,0
273.6,36.24,10,0
273.8,36.22,10,0
274.0,36.21,10,0
274.2,36.16,10,0
274.4,36.13,10,0
274.6,36.1,10,0
274.8,36.06,10,0
275.0,36.02,10,0
275.2,35.99,10,0
275.4,35.93,10,0
275.6,35.89,10,0
275.8,35.84,10,0
276.0,35.83,10,0
276.2,35.79,10,0
276.4,35.76,10,0
276.6,35.74,10,0
276.8,35.7,10,0
277.0,35.66,10,0
277.2,35.62,0,0
277.4,35.59,0,0
277.6,35.54,0,0
277.8,35.51,0,0
278.0,35.47,0,0
278.2,35.45,0,0
278.4,35.42,0,0
278.6,35.39,0,0
278.8,35.36,0,0
279.0,35.34,10,0
279.2,35.28,10,0
279.4,35.25,10,0
279.6,35.23,31,0
279.8,35.2,31,0
280.0,35.16,31,0
280.2,35.12,31,0
280.4,35.08,31,0
280.6,35.04,31,0
280.8,34.99,31,0
281.0,34.94,31,0
281.2,34.9,31,0
281.4,34.84,41,0
281.6,34.79,41,0
281.8,34.75,41,0
282.0,34.7,41,0
282.2,34.64,41,0
282.4,34.6,41,0
282.6,34.54,41,0
282.8,34.48,41,0
283.0,34.43,41,0
283.2,34.38,41,0
283.4,34.28,172,0
283.6,34.26,175,0
283.8,34.19,175,0
284.0,34.1,175,0
284.2,33.98,175,0
284.4,33.87,175,0
284.6,33.74,175,0
284.8,33.62,175,0
285.0,33.49,175,0
285.2,33.34,175,0
285.4,33.21,175,0
285.6,33.06,175,0
285.8,32.93,175,0
286.0,32.78,175,0
286.2,32.66,175,0
286.4,32.53,175,0
286.6,32.4,175,0
286.8,32.27,175,0
287.0,32.14,175,0
287.2,32.0,175,0
287.4,31.87,175,0
287.6,31.75,175,0
287.8,31.62,175,0
288.0,31.49,175,0
288.2,31.38,175,0
288.4,31.25,175,0
288.6,31.14,175,0
288.8,31.01,255,0
289.0,30.89,255,0
289.2,30.76,255,0
289.4,30.61,255,0
289.6,30.46,255,0
289.8,30.31,255,0
290.0,30.14,255,0
290.2,29.99,255,0
290.4,29.82,255,0
290.6,29.65,255,0
290.8,29.48,255,0
291.0,29.33,255,0
291.2,29.16,255,0
291.4,29.0,255,0
291.6,28.84,255,0
291.8,28.68,255,0
292.0,28.52,255,0
292.2,28.37,255,0
292.4,28.22,255,0
292.6,28.06,255,0
292.8,27.91,255,0
293.0,27.76,255,0
293.2,27.61,255,0
293.4,27.47,255,0
293.6,27.32,255,0
293.8,27.17,255,0
294.0,27.02,255,0
294.2,26.88,255,0
294.4,26.74,255,0
294.6,26.59,255,0
294.8,26.45,255,0
295.0,26.31,255,0
295.2,26.18,255,0
295.4,26.04,255,0
295.6,25.9,255,0
295.8,25.77,255,0
296.0,25.63,255,0
296.2,25.5,255,0
296.4,25.36,255,0
296.6,25.24,255,0
296.8,25.11,255,0
297.0,24.97,255,0
297.2,24.83,255,0
297.4,24.71,255,0
297.6,24.58,255,0
297.8,24.45,255,0
298.0,24.32,255,0
298.2,24.21,255,0
298.4,24.08,255,0
298.6,23.96,255,0
298.8,23.83,255,0
299.0,23.71,255,0
299.2,23.59,255,0
299.4,23.47,255,0
299.6,23.35,255,0
299.8,23.23,255,0
300.0,23.12,255,0
300.2,23.0,255,0
300.4,22.88,255,0
300.6,22.76,255,0
300.8,22.64,255,0
301.0,22.53,255,0
301.2,22.41,255,0
301.4,22.3,255,0
301.6,22.18,255,0
301.8,22.07,255,0
302.0,21.95,255,0
302.2,21.84,255,0
302.4,21.73,255,0
302.6,21.62,255,0
302.8,21.51,255,0
303.0,21.4,255,0
303.2,21.29,255,0
303.4,21.17,255,0
303.6,21.06,255,0
303.8,20.97,255,0
304.0,20.85,255,0
304.2,20.74,255,0
304.4,20.63,255,0
304.6,20.53,255,0
304.8,20.41,255,0
305.0,20.31,255,0
305.2,20.2,255,0
305.4,20.1,255,0
305.6,20.0,255,0
305.8,19.89,255,0
306.0,19.79,255,0
306.2,19.69,255,0
306.4,19.58,255,0
306.6,19.48,255,0
306.8,19.37,255,0
307.0,19.27,255,0
307.2,19.16,255,0
307.4,19.07,255,0
307.6,18.97,255,0
307.8,18.87,255,0
308.0,18.77,255,0
308.2,18.68,255,0
308.4,18.57,255,0
308.6,18.47,255,0
308.8,18.37,255,0
309.0,18.27,255,0
309.2,18.17,255,0
309.4,18.07,255,0
309.6,17.98,255,0
309.8,17.88,255,0
310.0,17.78,255,0
310.2,17.7,255,0
310.4,17.59,255,0
310.6,17.5,255,0
310.8,17.4,255,0
311.0,17.31,255,0
311.2,17.21,255,0
311.4,17.1,255,0
311.6,17.02,255,0
311.8,16.92,255,0
312.0,16.83,255,0
312.2,16.73,255,0
312.4,16.64,255,0
312.6,16.55,255,0
312.8,16.46,255,0
313.0,16.36,255,0
313.2,16.27,255,0
313.4,16.17,255,0
313.6,16.09,255,0
313.8,16.0,255,0
314.0,15.91,255,0
314.2,15.81,255,0
314.4,15.72,255,0
314.6,15.63,255,0
314.8,15.54,255,0
315.0,15.45,255,0
315.2,15.37,255,0
315.4,15.27,255,0
315.6,15.18,255,0
315.8,15.1,255,0
316.0,15.0,255,0
316.2,14.92,255,0
316.4,14.83,255,0
316.6,14.75,255,0
316.8,14.66,255,0
317.0,14.57,255,0
317.2,14.49,255,0
317.4,14.39,255,0
317.6,14.31,255,0
317.8,14.23,255,0
318.0,14.14,255,0
318.2,14.05,255,0
318.4,13.98,255,0
318.6,13.89,255,0
318.8,13.81,255,0
319.0,13.72,255,0
319.2,13.64,255,0
319.4,13.56,255,0
319.6,13.47,255,0
319.8,13.39,255,0
320.0,13.31,255,0
320.2,13.22,255,0
320.4,13.14,255,0
320.6,13.06,255,0
320.8,12.97,255,0
321.0,12.9,255,0
321.2,12.81,255,0
321.4,12.74,255,0
321.6,12.66,255,0
321.8,12.57,255,0
322.0,12.5,255,0
322.2,12.42,255,0
322.4,12.34,255,0
322.6,12.26,255,0
322.8,12.18,255,0
323.0,12.1,255,0
323.2,12.02,255,0
323.4,11.94,255,0
323.6,11.86,255,0
323.8,11.79,255,0
324.0,11.71,255,0
324.2,11.63,255,0
324.4,11.55,255,0
324.6,11.48,255,0
324.8,11.4,255,0
325.0,11.33,255,0
325.2,11.25,255,0
325.4,11.18,255,0
325.6,11.1,255,0
325.8,11.02,255,0
326.0,10.94,255,0
326.2,10.87,255,0
326.4,10.79,255,0
326.6,10.72,255,0
326.8,10.64,255,0
327.0,10.56,255,0
327.2,10.49,255,0
327.4,10.42,255,0
327.6,10.35,255,0
327.8,10.27,255,0
328.0,10.19,255,0
328.2,10.12,255,0
328.4,10.04,255,0
328.6,9.98,255,0
328.8,9.9,255,0
329.0,9.82,255,0
329.2,9.75,255,0
329.4,9.67,255,0
329.6,9.6,255,0
329.8,9.53,255,0
330.0,9.45,255,0
330.2,9.38,255,0
330.4,9.31,255,0
330.6,9.24,255,0
330.8,9.17,255,0
331.0,9.1,255,0
331.2,9.03,255,0
331.4,8.96,255,0
331.6,8.88,255,0
331.8,8.81,255,0
332.0,8.75,255,0
332.2,8.67,255,0
332.4,8.6,255,0
332.6,8.54,255,0
332.8,8.46,255,0
333.0,8.39,255,0
333.2,8.32,255,0
333.4,8.25,255,0
333.6,8.18,255,0
333.8,8.12,255,0
334.0,8.05,255,0
334.2,7.98,255,0
334.4,7.91,255,0
334.6,7.85,255,0
334.8,7.77,245,0
335.0,7.7,245,0
335.2,7.66,235,0
335.4,7.57,235,0
335.6,7.51,235,0
335.8,7.44,235,0
336.0,7.39,235,0
336.2,7.35,235,0
336.4,7.29,235,0
336.6,7.24,235,0
336.8,7.18,30,0
337.0,7.15,30,0
337.2,7.12,30,0
337.4,7.12,30,0
337.6,7.19,30,0
337.8,7.22,30,0
338.0,7.34,30,0
338.2,7.42,30,0
338.4,7.52,30,0
338.6,7.62,30,1
338.8,7.72,30,1
339.0,7.82,30,1
339.2,7.95,30,1
339.4,8.09,30,1
339.6,8.21,30,1
339.8,8.38,30,1
340.0,8.54,30,1
340.2,8.69,30,1
340.4,8.85,30,1
340.6,9.01,30,1
340.8,9.15,30,1
341.0,9.31,30,1
341.2,9.46,30,1
341.4,9.62,30,1
341.6,9.76,20,1
341.8,9.88,20,1
342.0,10.03,20,1
342.2,10.16,20,0
342.4,10.28,20,0
342.6,10.45,20,0
342.8,10.56,20,0
343.0,10.64,20,0
343.2,10.71,10,0
343.4,10.79,10,0
343.6,10.86,10,0
343.8,10.94,10,0
344.0,11.02,10,0
344.2,11.07,10,0
344.4,11.07,10,0
344.6,11.15,10,0
344.8,11.21,10,0
345.0,11.3,10,0
345.2,11.35,0,0
345.4,11.4,0,0
345.6,11.45,0,0
345.8,11.51,0,0
346.0,11.57,0,0
346.2,11.61,0,0
346.4,11.67,0,0
346.6,11.7,10,0
346.8,11.73,10,0
347.0,11.82,10,0
347.2,11.87,10,0
347.4,11.92,10,0
347.6,11.98,10,0
347.8,12.0,150,0
348.0,12.04,150,0
348.2,12.06,150,0
348.4,12.05,150,0
348.6,12.03,150,0
348.8,11.99,150,0
349.0,11.93,150,0
349.2,11.91,160,0
349.4,11.85,160,0
349.6,11.81,160,0
349.8,11.73,223,0
350.0,11.66,223,0
350.2,11.61,223,0
350.4,11.52,223,0
350.6,11.43,223,0
350.8,11.32,223,0
351.0,11.21,223,0
351.2,11.12,223,0
351.4,11.02,223,0
351.6,10.92,223,0
351.8,10.82,223,0
352.0,10.72,223,0
352.2,10.59,82,0
352.4,10.49,82,0
352.6,10.44,0,0
352.8,10.39,0,0
353.0,10.37,0,0
353.2,10.38,0,0
353.4,10.41,0,0
353.6,10.46,0,0
353.8,10.51,0,0
354.0,10.58,0,0
354.2,10.64,0,0
354.4,10.71,0,0
354.6,10.78,0,0
354.8,10.85,0,0
355.0,10.92,0,0
355.2,11.0,0,0
355.4,11.06,0,0
355.6,11.14,0,0
355.8,11.21,0,0
356.0,11.27,0,0
356.2,11.34,0,0
356.4,11.41,0,0
356.6,11.46,0,0
356.8,11.53,0,0
357.0,11.59,0,0
357.2,11.64,71,0
357.4,11.71,72,0
357.6,11.75,72,0
357.8,11.78,72,0
358.0,11.81,72,0
358.2,11.82,72,0
358.4,11.84,72,0
358.6,11.85,136,0
358.8,11.85,136,0
359.0,11.85,136,0
359.2,11.83,255,0
359.4,11.8,255,0
359.6,11.76,255,0
359.8,11.68,255,0
360.0,11.59,255,0
360.2,11.49,255,0
360.4,11.37,255,0
360.6,11.25,255,0
360.8,11.14,255,0
361.0,10.99,128,0
361.2,10.89,127,0
361.4,10.78,127,0
361.6,10.7,127,0
361.8,10.64,127,0
362.0,10.61,128,0
362.2,10.55,128,0
362.4,10.49,128,0
362.6,10.46,128,0
362.8,10.43,128,0
363.0,10.38,86,0
363.2,10.35,86,0
363.4,10.35,86,0
363.6,10.37,87,0
363.8,10.36,87,0
364.0,10.38,87,0
364.2,10.38,87,0
364.4,10.39,87,0
364.6,10.4,87,0
364.8,10.41,87,0
365.0,10.42,87,0
365.2,10.44,87,0
365.4,10.45,87,0
365.6,10.46,87,0
365.8,10.49,87,0
366.0,10.49,87,0
366.2,10.5,87,0
366.4,10.52,87,0
366.6,10.53,87,0
366.8,10.53,87,0
367.0,10.56,87,0
367.2,10.56,87,0
367.4,10.58,87,0
367.6,10.59,87,0
367.8,10.6,87,0
368.0,10.61,97,0
368.2,10.62,107,0
368.4,10.63,107,0
368.6,10.64,107,0
368.8,10.63,107,0
369.0,10.63,107,0
369.2,10.62,107,0
369.4,10.63,117,0
369.6,10.62,117,0
369.8,10.62,117,0
370.0,10.6,117,0
370.2,10.59,117,0
370.4,10.58,117,0
370.6,10.56,117,0
370.8,10.55,117,0
371.0,10.53,117,0
371.2,10.52,117,0
371.4,10.52,117,0
371.6,10.5,117,0
371.8,10.49,117,0
372.0,10.47,117,0
372.2,10.46,117,0
372.4,10.45,117,0
372.6,10.43,117,0
372.8,10.41,117,0
373.0,10.41,117,0
373.2,10.39,117,0
373.4,10.38,117,0
373.6,10.37,117,0
373.8,10.36,117,0
374.0,10.34,117,0
374.2,10.33,117,0
374.4,10.32,117,0
374.6,10.31,117,0
374.8,10.3,117,0
375.0,10.28,117,0
375.2,10.27,117,0
375.4,10.26,117,0
375.6,10.25,117,0
375.8,10.24,117,0
376.0,10.23,117,0
376.2,10.21,117,0
376.4,10.2,117,0
376.6,10.19,117,0
376.8,10.19,117,0
377.0,10.17,117,0
377.2,10.16,117,0
377.4,10.15,117,0
377.6,10.14,117,0
377.8,10.12,117,0
378.0,10.12,117,0
378.2,10.1,117,0
378.4,10.09,117,0
378.6,10.08,117,0
378.8,10.07,117,0
379.0,10.06,117,0
379.2,10.06,117,0
379.4,10.04,117,0
379.6,10.04,117,0
379.8,10.02,117,0
380.0,10.01,117,0
380.2,10.0,117,0
380.4,9.99,117,0
380.6,9.99,117,0
380.8,9.97,117,0
381.0,9.97,117,0
381.2,9.95,117,0
381.4,9.95,117,0
381.6,9.94,117,0
381.8,9.93,117,0
382.0,9.92,117,0
382.2,9.91,117,0
382.4,9.9,117,0
382.6,9.89,107,0
382.8,9.87,107,0
383.0,9.87,107,0
383.2,9.86,107,0
383.4,9.88,107,0
383.6,9.87,107,0
383.8,9.87,107,0
384.0,9.85,97,0
384.2,9.85,97,0
384.4,9.86,97,0
384.6,9.86,97,0
384.8,9.86,97,0
385.0,9.87,97,0
385.2,9.88,97,0
385.4,9.86,97,0
385.6,9.86,97,0
385.8,9.87,97,0
386.0,9.89,87,0
386.2,9.89,77,0
386.4,9.9,77,0
386.6,9.9,77,0
386.8,9.91,77,0
387.0,9.93,77,0
387.2,9.94,77,0
387.4,9.98,77,0
387.6,9.99,77,0
387.8,10.01,77,0
388.0,10.02,77,0
388.2,10.04,77,0
388.4,10.06,77,0
388.6,10.07,77,0
388.8,10.08,77,0
389.0,10.1,77,0
389.2,10.13,77,0
389.4,10.14,77,0
389.6,10.16,77,0
389.8,10.17,77,0
390.0,10.19,77,0
390.2,10.19,77,0
390.4,10.23,87,0
390.6,10.23,97,0
390.8,10.26,97,0
391.0,10.25,97,0
391.2,10.25,97,0
391.4,10.24,97,0
391.6,10.25,97,0
391.8,10.26,97,0
392.0,10.26,97,0
392.2,10.26,97,0
392.4,10.26,97,0
392.6,10.27,97,0
392.8,10.26,97,0
393.0,10.24,97,0
393.2,10.25,97,0
393.4,10.24,97,0
393.6,10.24,97,0
393.8,10.24,97,0
394.0,10.24,97,0
394.2,10.24,97,0
394.4,10.23,97,0
394.6,10.24,97,0
394.8,10.23,97,0
395.0,10.21,97,0
395.2,10.21,97,0
395.4,10.22,97,0
395.6,10.22,97,0
395.8,10.22,97,0
396.0,10.22,97,0
396.2,10.22,97,0
396.4,10.23,97,0
396.6,10.22,97,0
396.8,10.22,97,0
397.0,10.19,97,0
397.2,10.2,97,0
397.4,10.2,97,0
397.6,10.2,97,0
397.8,10.2,97,0
398.0,10.2,97,0
398.2,10.2,97,0
398.4,10.2,97,0
398.6,10.2,97,0
398.8,10.19,97,0
399.0,10.18,97,0
399.2,10.18,97,0
399.4,10.19,97,0
399.6,10.19,97,0
399.8,10.18,97,0
400.0,10.19,97,0
400.2,10.2,97,0
400.4,10.19,97,0
400.6,10.19,97,0
400.8,10.17,97,0
401.0,10.17,97,0
401.2,10.17,97,0
401.4,10.18,97,0
401.6,10.17,97,0
401.8,10.17,97,0
402.0,10.18,97,0
402.2,10.17,97,0
402.4,10.18,97,0
402.6,10.16,97,0
402.8,10.16,97,0
403.0,10.16,97,0
403.2,10.16,97,0
403.4,10.17,97,0
403.6,10.16,97,0
403.8,10.16,97,0
404.0,10.17,97,0
404.2,10.16,97,0
404.4,10.16,97,0
404.6,10.14,97,0
404.8,10.14,97,0
405.0,10.14,97,0
405.2,10.15,97,0
405.4,10.15,97,0
405.6,10.15,97,0
405.8,10.15,97,0
406.0,10.15,97,0
406.2,10.15,97,0
406.4,10.14,97,0
406.6,10.13,97,0
406.8,10.14,97,0
407.0,10.13,97,0
407.2,10.14,97,0
407.4,10.13,97,0
407.6,10.14,97,0
407.8,10.14,97,0
408.0,10.14,97,0
408.2,10.14,97,0
408.4,10.12,97,0
408.6,10.12,97,0
408.8,10.11,97,0
409.0,10.12,97,0
409.2,10.13,97,0
409.4,10.13,97,0
409.6,10.12,97,0
409.8,10.13,97,0
410.0,10.13,97,0
410.2,10.13,97,0
410.4,10.11,97,0
410.6,10.1,97,0
410.8,10.11,97,0
411.0,10.12,97,0
411.2,10.11,97,0
411.4,10.11,97,0
411.6,10.12,97,0
411.8,10.11,97,0
412.0,10.12,97,0
412.2,10.1,97,0
412.4,10.1,97,0
412.6,10.1,97,0
412.8,10.1,97,0
413.0,10.1,97,0
413.2,10.11,97,0
413.4,10.1,97,0
413.6,10.11,97,0
413.8,10.11,97,0
414.0,10.11,97,0
414.2,10.09,97,0
414.4,10.09,97,0
414.6,10.09,97,0
414.8,10.1,97,0
415.0,10.09,97,0
415.2,10.09,97,0
415.4,10.1,97,0
415.6,10.1,97,0
415.8,10.1,97,0
416.0,10.09,97,0
416.2,10.08,97,0
416.4,10.08,97,0
416.6,10.07,97,0
416.8,10.08,97,0
417.0,10.09,97,0
417.2,10.08,97,0
417.4,10.09,97,0
417.6,10.09,97,0
417.8,10.08,97,0
418.0,10.07,97,0
418.2,10.07,97,0
418.4,10.07,97,0
418.6,10.08,97,0
418.8,10.07,97,0
419.0,10.07,97,0
419.2,10.07,97,0
419.4,10.07,97,0
419.6,10.07,97,0
419.8,10.07,97,0
420.0,10.06,97,0
420.2,10.05,97,0
420.4,10.04,97,0
420.6,10.06,97,0
420.8,10.06,97,0
421.0,10.06,97,0
421.2,10.06,97,0
421.4,10.06,97,0
421.6,10.06,97,0
421.8,10.04,97,0
422.0,10.04,97,0
422.2,10.04,97,0
422.4,10.04,97,0
422.6,10.05,97,0
422.8,10.05,97,0
423.0,10.04,97,0
423.2,10.05,97,0
423.4,10.05,97,0
423.6,10.05,97,0
423.8,10.02,97,0
424.0,10.03,97,0
424.2,10.02,97,0
424.4,10.04,97,0
424.6,10.03,97,0
424.8,10.03,97,0
425.0,10.03,97,0
425.2,10.03,97,0
425.4,10.04,97,0
425.6,10.03,97,0
425.8,10.02,97,0
426.0,10.02,97,0
426.2,10.01,97,0
426.4,10.02,97,0
426.6,10.02,97,0
426.8,10.02,97,0
427.0,10.02,97,0
427.2,10.02,97,0
427.4,10.02,97,0
427.6,10.01,97,0
427.8,10.0,97,0
428.0,10.0,97,0
428.2,10.0,97,0
428.4,10.0,97,0
428.6,10.01,97,0
428.8,10.01,97,0
429.0,10.01,97,0
429.2,10.0,97,0
429.4,10.01,97,0
429.6,9.99,97,0
429.8,9.99,97,0
430.0,9.99,97,0
430.2,9.99,97,0
430.4,10.0,97,0
430.6,9.99,97,0
430.8,9.99,97,0
431.0,10.0,97,0
431.2,10.0,97,0
431.4,9.98,97,0
431.6,9.98,97,0
431.8,9.97,97,0
432.0,9.97,97,0
432.2,9.99,97,0
432.4,9.98,97,0
432.6,9.98,97,0
432.8,9.99,97,0
433.0,9.98,97,0
433.2,9.98,97,0
433.4,9.97,97,0
433.6,9.96,97,0
433.8,9.96,97,0
434.0,9.97,97,0
434.2,9.97,97,0
434.4,9.97,97,0
434.6,9.97,97,0
434.8,9.97,97,0
435.0,9.97,97,0
435.2,9.97,97,0
435.4,9.96,97,0
435.6,9.96,97,0
435.8,9.96,97,0
436.0,9.96,97,0
436.2,9.96,97,0
436.4,9.96,97,0
436.6,9.97,97,0
436.8,9.96,97,0
437.0,9.96,97,0
437.2,9.94,97,0
437.4,9.94,97,0
437.6,9.94,97,0
437.8,9.95,97,0
438.0,9.95,96,0
438.2,9.95,96,0
438.4,9.94,95,0
438.6,9.94,95,0
438.8,9.94,95,0
439.0,9.94,95,0
439.2,9.96,95,0
439.4,9.96,95,0
439.6,9.97,95,0
439.8,9.95,95,0
440.0,9.95,95,0
440.2,9.95,95,0
440.4,9.94,95,0
440.6,9.94,95,0
440.8,9.95,95,0
441.0,9.96,95,0
441.2,9.97,95,0
441.4,9.96,95,0
441.6,9.96,95,0
441.8,9.96,95,0
442.0,9.96,95,0
442.2,9.96,95,0
442.4,9.95,95,0
442.6,9.94,95,0
442.8,9.95,95,0
443.0,9.96,94,0
443.2,9.96,94,0
443.4,9.95,128,0
443.6,9.93,128,0
443.8,9.91,128,0
444.0,9.91,128,0
444.2,9.95,128,0
444.4,9.91,63,0
444.6,9.88,63,0
444.8,9.88,63,0
445.0,9.88,63,0
445.2,9.89,0,0
445.4,9.9,0,0
445.6,9.93,0,0
445.8,9.97,0,0
446.0,10.02,0,0
446.2,10.08,0,0
446.4,10.14,0,0
446.6,10.21,0,0
446.8,10.27,0,0
447.0,10.33,76,0
447.2,10.39,76,0
447.4,10.46,76,0
447.6,10.47,85,0
447.8,10.51,85,0
448.0,10.53,85,0
448.2,10.54,85,0
448.4,10.55,85,0
448.6,10.56,85,0
448.8,10.54,85,0
449.0,10.55,85,0
449.2,10.54,85,0
449.4,10.56,85,0
449.6,10.56,85,0
449.8,10.56,85,0
450.0,10.56,85,0
450.2,10.56,85,0
450.4,10.55,85,0
450.6,10.53,85,0
450.8,10.54,85,0
451.0,10.54,85,0
451.2,10.54,85,0
451.4,10.54,85,0
451.6,10.53,85,0
451.8,10.53,85,0
452.0,10.57,86,0
452.2,10.54,87,0
452.4,10.53,87,0
452.6,10.53,87,0
452.8,10.54,87,0
453.0,10.53,87,0
453.2,10.52,87,0
453.4,10.53,87,0
453.6,10.52,87,0
453.8,10.52,87,0
454.0,10.53,87,0
454.2,10.52,87,0
454.4,10.51,89,0
454.6,10.53,89,0
454.8,10.53,89,0
455.0,10.53,89,0
455.2,10.52,89,0
455.4,10.52,89,0
455.6,10.52,89,0
455.8,10.51,89,0
456.0,10.49,89,0
456.2,10.5,89,0
456.4,10.52,89,0
456.6,10.51,89,0
456.8,10.51,89,0
457.0,10.5,89,0
457.2,10.5,89,0
457.4,10.5,89,0
457.6,10.5,89,0
457.8,10.49,89,0
458.0,10.49,89,0
458.2,10.49,89,0
458.4,10.51,89,0
458.6,10.5,89,0
458.8,10.5,89,0
459.0,10.49,89,0
459.2,10.49,89,0
459.4,10.49,89,0
459.6,10.49,89,0
459.8,10.48,89,0
460.0,10.48,89,0
460.2,10.5,89,0
460.4,10.49,89,0
460.6,10.49,89,0
460.8,10.5,89,0
461.0,10.49,89,0
461.2,10.48,89,0
461.4,10.48,89,0
461.6,10.48,89,0
461.8,10.48,89,0
462.0,10.47,89,0
462.2,10.49,89,0
462.4,10.49,89,0
462.6,10.49,89,0
462.8,10.49,89,0
463.0,10.48,89,0
463.2,10.48,89,0
463.4,10.47,89,0
463.6,10.47,89,0
463.8,10.47,89,0
464.0,10.47,89,0
464.2,10.49,89,0
464.4,10.49,89,0
464.6,10.5,89,0
464.8,10.48,89,0
465.0,10.48,89,0
465.2,10.48,89,0
465.4,10.46,89,0
465.6,10.47,89,0
465.8,10.47,89,0
466.0,10.5,89,0
466.2,10.49,89,0
466.4,10.49,89,0
466.6,10.48,89,0
466.8,10.48,89,0
467.0,10.49,89,0
467.2,10.49,89,0
467.4,10.47,89,0
467.6,10.48,89,0
467.8,10.47,89,0
468.0,10.5,89,0
468.2,10.49,89,0
468.4,10.49,89,0
468.6,10.49,89,0
468.8,10.49,89,0
469.0,10.49,89,0
469.2,10.48,89,0
469.4,10.48,89,0
469.6,10.48,89,0
469.8,10.49,89,0
470.0,10.5,89,0
470.2,10.49,89,0
470.4,10.5,89,0
470.6,10.49,89,0
470.8,10.49,89,0
471.0,10.49,89,0
471.2,10.48,89,0
471.4,10.48,89,0
471.6,10.48,89,0
471.8,10.49,89,0
472.0,10.5,89,0
472.2,10.49,89,0
472.4,10.49,89,0
472.6,10.48,89,0
472.8,10.49,89,0
473.0,10.48,89,0
473.2,10.48,89,0
473.4,10.48,89,0
473.6,10.48,89,0
473.8,10.5,89,0
474.0,10.5,89,0
474.2,10.5,89,0
474.4,10.49,89,0
474.6,10.49,89,0
474.8,10.49,89,0
475.0,10.48,89,0
475.2,10.49,89,0
475.4,10.48,89,0
475.6,10.5,89,0
475.8,10.5,89,0
476.0,10.5,89,0
476.2,10.49,89,0
476.4,10.49,89,0
476.6,10.49,89,0
476.8,10.49,89,0
477.0,10.48,89,0
477.2,10.49,89,0
477.4,10.49,89,0
477.6,10.5,89,0
477.8,10.5,89,0
478.0,10.5,89,0
478.2,10.49,89,0
478.4,10.5,89,0
478.6,10.49,89,0
478.8,10.49,89,0
479.0,10.48,89,0
479.2,10.49,89,0
479.4,10.5,89,0
479.6,10.5,89,0
479.8,10.5,89,0
480.0,10.5,89,0
480.2,10.5,89,0
480.4,10.49,89,0
480.6,10.5,89,0
480.8,10.49,89,0
481.0,10.48,89,0
481.2,10.49,89,0
481.4,10.52,89,0
481.6,10.51,89,0
481.8,10.51,89,0
482.0,10.5,89,0
482.2,10.49,89,0
482.4,10.5,89,0
482.6,10.49,89,0
482.8,10.48,89,0
483.0,10.49,89,0
483.2,10.49,89,0
483.4,10.5,89,0
483.6,10.51,89,0
483.8,10.51,89,0
484.0,10.5,89,0
484.2,10.5,89,0
484.4,10.5,89,0
484.6,10.49,89,0
484.8,10.49,89,0
485.0,10.49,89,0
485.2,10.5,89,0
485.4,10.51,89,0
485.6,10.51,89,0
485.8,10.5,89,0
486.0,10.5,89,0
486.2,10.5,89,0
486.4,10.5,89,0
486.6,10.49,89,0
486.8,10.49,89,0
487.0,10.48,89,0
487.2,10.5,89,0
487.4,10.51,89,0
487.6,10.51,89,0
487.8,10.49,89,0
488.0,10.5,89,0
488.2,10.5,89,0
488.4,10.49,89,0
488.6,10.49,89,0
488.8,10.49,89,0
489.0,10.5,89,0
489.2,10.51,89,0
489.4,10.51,89,0
489.6,10.5,89,0
489.8,10.5,89,0
490.0,10.5,89,0
490.2,10.49,89,0
490.4,10.49,89,0
490.6,10.5,89,0
490.8,10.49,89,0
491.0,10.51,89,0
491.2,10.51,89,0
491.4,10.5,89,0
491.6,10.5,89,0
491.8,10.5,89,0
492.0,10.5,89,0
492.2,10.49,89,0
492.4,10.5,89,0
492.6,10.49,89,0
492.8,10.49,89,0
493.0,10.51,89,0
493.2,10.51,89,0
493.4,10.51,89,0
493.6,10.5,89,0
493.8,10.5,89,0
494.0,10.5,89,0
494.2,10.5,89,0
494.4,10.5,89,0
494.6,10.49,89,0
494.8,10.51,89,0
495.0,10.51,89,0
495.2,10.51,89,0
495.4,10.5,89,0
495.6,10.51,89,0
495.8,10.49,89,0
496.0,10.49,89,0
496.2,10.5,89,0
496.4,10.49,89,0
496.6,10.5,89,0
496.8,10.51,89,0
497.0,10.51,89,0
497.2,10.52,89,0
497.4,10.5,89,0
497.6,10.5,89,0
497.8,10.51,89,0
498.0,10.5,89,0
498.2,10.5,89,0
498.4,10.49,89,0
498.6,10.51,89,0
498.8,10.51,89,0
499.0,10.52,89,0
499.2,10.51,89,0
499.4,10.5,89,0
499.6,10.51,89,0
499.8,10.5,89,0
500.0,10.5,89,0
500.2,10.49,89,0
500.4,10.51,89,0
500.6,10.52,89,0
500.8,10.52,89,0
501.0,10.52,89,0
501.2,10.5,89,0
501.4,10.5,89,0
501.6,10.51,89,0
501.8,10.51,89,0
502.0,10.5,89,0
502.2,10.5,89,0
502.4,10.5,89,0
502.6,10.51,89,0
502.8,10.51,89,0
503.0,10.51,89,0
503.2,10.51,89,0
503.4,10.51,89,0
503.6,10.51,89,0
503.8,10.5,89,0
504.0,10.5,89,0
504.2,10.5,89,0
504.4,10.51,89,0
504.6,10.52,89,0
504.8,10.52,89,0
505.0,10.51,89,0
505.2,10.5,89,0
505.4,10.51,89,0
505.6,10.5,89,0
505.8,10.5,89,0
506.0,10.5,89,0
506.2,10.49,89,0
506.4,10.52,89,0
506.6,10.52,89,0
506.8,10.52,89,0
507.0,10.51,89,0
507.2,10.51,89,0
507.4,10.52,89,0
507.6,10.5,89,0
507.8,10.5,89,0
508.0,10.51,89,0
508.2,10.51,89,0
508.4,10.51,89,0
508.6,10.52,89,0
508.8,10.52,89,0
509.0,10.51,89,0
509.2,10.51,89,0
509.4,10.51,89,0
509.6,10.49,89,0
509.8,10.49,89,0
510.0,10.5,89,0
510.2,10.51,89,0
510.4,10.52,89,0
510.6,10.51,89,0
510.8,10.51,89,0
511.0,10.51,89,0
511.2,10.51,89,0
511.4,10.49,89,0
511.6,10.5,89,0
511.8,10.5,89,0
512.0,10.5,89,0
512.2,10.51,89,0
512.4,10.52,89,0
512.6,10.51,89,0
512.8,10.5,89,0
513.0,10.51,89,0
513.2,10.5,89,0
513.4,10.49,89,0
513.6,10.5,89,0
513.8,10.49,89,0
514.0,10.51,89,0
514.2,10.51,89,0
514.4,10.51,89,0
514.6,10.51,89,0
514.8,10.5,89,0
515.0,10.5,89,0
515.2,10.5,89,0
515.4,10.5,89,0
515.6,10.5,89,0
515.8,10.5,89,0
516.0,10.52,89,0
516.2,10.52,89,0
516.4,10.51,89,0
516.6,10.5,89,0
516.8,10.5,89,0
517.0,10.51,89,0
517.2,10.5,89,0
517.4,10.5,89,0
517.6,10.5,89,0
517.8,10.51,89,0
518.0,10.51,89,0
518.2,10.51,89,0
518.4,10.51,89,0
518.6,10.51,89,0
518.8,10.5,89,0
519.0,10.5,89,0
519.2,10.5,89,0
519.4,10.5,89,0
519.6,10.49,89,0
519.8,10.52,89,0
520.0,10.51,89,0
520.2,10.51,89,0
520.4,10.5,89,0
520.6,10.5,89,0
520.8,10.5,89,0
521.0,10.5,89,0
521.2,10.49,89,0
521.4,10.49,89,0
521.6,10.5,89,0
521.8,10.51,89,0
522.0,10.52,89,0
522.2,10.5,89,0
522.4,10.5,89,0
522.6,10.5,89,0
522.8,10.5,89,0
523.0,10.49,89,0
523.2,10.49,89,0
523.4,10.49,89,0
523.6,10.51,89,0
523.8,10.51,89,0
524.0,10.51,89,0
524.2,10.51,89,0
524.4,10.5,89,0
524.6,10.5,89,0
524.8,10.5,89,0
525.0,10.48,89,0
525.2,10.49,89,0
525.4,10.49,89,0
525.6,10.51,89,0
525.8,10.5,89,0
526.0,10.5,89,0
526.2,10.49,89,0
526.4,10.51,89,0
526.6,10.5,89,0
526.8,10.5,89,0
527.0,10.49,89,0
527.2,10.5,89,0
527.4,10.51,89,0
527.6,10.51,89,0
527.8,10.51,89,0
528.0,10.5,89,0
528.2,10.5,89,0
528.4,10.49,89,0
528.6,10.52,89,0
528.8,10.47,89,0
529.0,10.5,89,0
529.2,10.5,89,0
529.4,10.49,89,0
529.6,10.5,89,0
529.8,10.5,89,0
530.0,10.49,89,0
530.2,10.5,89,0
530.4,10.5,89,0
530.6,10.49,89,0
530.8,10.49,89,0
531.0,10.49,89,0
531.2,10.49,89,0
531.4,10.5,89,0
531.6,10.5,89,0
531.8,10.5,89,0
532.0,10.49,89,0
532.2,10.49,89,0
532.4,10.5,89,0
532.6,10.48,89,0
532.8,10.48,89,0
533.0,10.48,89,0
533.2,10.5,89,0
533.4,10.51,89,0
533.6,10.51,89,0
533.8,10.49,89,0
534.0,10.5,89,0
534.2,10.49,89,0
534.4,10.49,89,0
534.6,10.49,89,0
534.8,10.49,89,0
535.0,10.49,89,0
535.2,10.51,89,0
535.4,10.5,89,0
535.6,10.5,89,0
535.8,10.49,89,0
536.0,10.49,89,0
536.2,10.49,89,0
536.4,10.49,89,0
536.6,10.49,89,0
536.8,10.48,89,0
537.0,10.51,89,0
537.2,10.51,89,0
537.4,10.51,89,0
537.6,10.51,89,0
537.8,10.49,89,0
538.0,10.5,89,0
538.2,10.49,89,0
538.4,10.49,89,0
538.6,10.48,89,0
538.8,10.49,89,0
539.0,10.5,89,0
539.2,10.5,89,0
539.4,10.5,89,0
539.6,10.5,89,0
539.8,10.49,89,0
540.0,10.49,89,0
540.2,10.48,89,0
540.4,10.48,89,0
540.6,10.48,89,0
540.8,10.48,89,0
541.0,10.49,89,0
541.2,10.49,89,0
541.4,10.5,89,0
541.6,10.48,89,0
541.8,10.49,89,0
542.0,10.5,89,0
542.2,10.48,89,0
542.4,10.46,89,0
542.6,10.47,89,0
542.8,10.49,89,0
543.0,10.5,89,0
543.2,10.5,89,0
543.4,10.49,89,0
543.6,10.49,89,0
543.8,10.48,89,0
544.0,10.48,89,0
544.2,10.48,89,0
544.4,10.47,89,0
544.6,10.48,89,0
544.8,10.49,89,0
545.0,10.49,89,0
545.2,10.49,89,0
545.4,10.48,89,0
545.6,10.48,89,0
545.8,10.48,89,0
546.0,10.48,89,0
546.2,10.47,89,0
546.4,10.47,89,0
546.6,10.49,89,0
546.8,10.48,89,0
547.0,10.49,89,0
547.2,10.48,89,0
547.4,10.47,89,0
547.6,10.47,89,0
547.8,10.47,89,0
548.0,10.47,89,0
548.2,10.47,89,0
548.4,10.46,89,0
548.6,10.48,89,0
548.8,10.49,89,0
549.0,10.48,89,0
549.2,10.48,89,0
549.4,10.48,89,0
549.6,10.47,89,0
549.8,10.47,89,0
550.0,10.47,89,0
550.2,10.47,89,0
550.4,10.46,89,0
550.6,10.49,89,0
550.8,10.48,89,0
551.0,10.47,89,0
551.2,10.47,89,0
551.4,10.47,89,0
551.6,10.47,89,0
551.8,10.46,89,0
552.0,10.47,89,0
552.2,10.46,89,0
552.4,10.47,89,0
552.6,10.48,89,0
552.8,10.48,89,0
553.0,10.47,89,0
553.2,10.47,89,0
553.4,10.47,89,0
553.6,10.46,89,0
553.8,10.46,89,0
554.0,10.45,89,0
554.2,10.46,89,0
554.4,10.48,89,0
554.6,10.47,89,0
554.8,10.47,89,0
555.0,10.47,89,0
555.2,10.46,89,0
555.4,10.46,89,0
555.6,10.45,89,0
555.8,10.46,89,0
556.0,10.45,89,0
556.2,10.47,89,0
556.4,10.47,89,0
556.6,10.47,89,0
556.8,10.47,89,0
557.0,10.46,89,0
557.2,10.46,89,0
557.4,10.46,89,0
557.6,10.45,89,0
557.8,10.45,89,0
558.0,10.46,89,0
558.2,10.48,89,0
558.4,10.46,89,0
558.6,10.47,89,0
558.8,10.46,89,0
559.0,10.45,89,0
559.2,10.46,89,0
559.4,10.46,89,0
559.6,10.45,89,0
559.8,10.45,89,0
560.0,10.45,89,0
560.2,10.47,89,0
560.4,10.46,89,0
560.6,10.47,89,0
560.8,10.46,89,0
561.0,10.46,89,0
561.2,10.45,89,0
561.4,10.45,89,0
561.6,10.45,89,0
561.8,10.45,89,0
562.0,10.47,89,0
562.2,10.47,89,0
562.4,10.47,89,0
562.6,10.45,89,0
562.8,10.46,89,0
563.0,10.46,89,0
563.2,10.46,89,0
563.4,10.44,89,0
563.6,10.45,89,0
563.8,10.45,89,0
564.0,10.46,89,0
564.2,10.46,89,0
564.4,10.47,89,0
564.6,10.46,89,0
564.8,10.45,89,0
565.0,10.46,89,0
565.2,10.45,89,0
565.4,10.44,89,0
565.6,10.45,89,0
565.8,10.47,89,0
566.0,10.46,89,0
566.2,10.47,89,0
566.4,10.46,89,0
566.6,10.45,89,0
566.8,10.45,89,0
567.0,10.45,89,0
567.2,10.45,89,0
567.4,10.45,89,0
567.6,10.45,89,0
567.8,10.46,89,0
568.0,10.46,89,0
568.2,10.46,89,0
568.4,10.46,89,0
568.6,10.45,89,0
568.8,10.45,89,0
569.0,10.44,89,0
569.2,10.45,89,0
569.4,10.45,89,0
569.6,10.44,89,0
569.8,10.46,89,0
570.0,10.46,89,0
570.2,10.46,89,0
570.4,10.45,89,0
570.6,10.45,89,0
570.8,10.45,89,0
571.0,10.44,89,0
571.2,10.45,89,0
571.4,10.44,89,0
571.6,10.46,89,0
571.8,10.45,89,0
572.0,10.46,89,0
572.2,10.45,89,0
572.4,10.45,89,0
572.6,10.44,89,0
572.8,10.45,89,0
573.0,10.44,89,0
573.2,10.44,89,0
573.4,10.45,89,0
573.6,10.45,89,0
573.8,10.46,89,0
574.0,10.46,89,0
574.2,10.45,89,0
574.4,10.44,89,0
574.6,10.45,89,0
574.8,10.43,89,0
575.0,10.44,89,0
575.2,10.43,89,0
575.4,10.46,89,0
575.6,10.45,89,0
575.8,10.46,89,0
576.0,10.46,89,0
576.2,10.45,89,0
576.4,10.45,89,0
576.6,10.44,89,0
576.8,10.44,89,0
577.0,10.43,89,0
577.2,10.44,89,0
577.4,10.45,89,0
577.6,10.45,89,0
577.8,10.45,89,0
578.0,10.45,89,0
578.2,10.44,89,0
578.4,10.44,89,0
578.6,10.43,89,0
578.8,10.44,89,0
579.0,10.44,89,0
579.2,10.44,89,0
579.4,10.46,89,0
579.6,10.46,89,0
579.8,10.45,89,0
580.0,10.44,89,0
580.2,10.44,89,0
580.4,10.44,89,0
580.6,10.44,89,0
580.8,10.43,89,0
581.0,10.42,89,0
581.2,10.45,89,0
581.4,10.44,89,0
581.6,10.44,89,0
581.8,10.45,89,0
582.0,10.43,89,0
582.2,10.45,89,0
582.4,10.44,89,0
582.6,10.43,89,0
582.8,10.42,89,0
583.0,10.44,89,0
583.2,10.44,89,0
583.4,10.45,89,0
583.6,10.45,89,0
583.8,10.45,89,0
584.0,10.44,89,0
584.2,10.43,89,0
584.4,10.43,89,0
584.6,10.44,89,0
584.8,10.43,89,0
585.0,10.46,89,0
585.2,10.45,89,0
585.4,10.44,89,0
585.6,10.45,89,0
585.8,10.43,89,0
586.0,10.43,89,0
586.2,10.45,89,0
586.4,10.42,89,0
586.6,10.44,89,0
586.8,10.43,89,0
587.0,10.45,89,0
587.2,10.44,89,0
587.4,10.45,89,0
587.6,10.44,89,0
587.8,10.44,89,0
588.0,10.44,89,0
588.2,10.42,89,0
588.4,10.42,89,0
588.6,10.42,89,0
588.8,10.41,89,0
589.0,10.44,89,0
589.2,10.44,89,0
589.4,10.44,89,0
589.6,10.43,89,0
589.8,10.43,89,0
590.0,10.44,89,0
590.2,10.42,89,0
590.4,10.42,89,0
590.6,10.42,89,0
590.8,10.43,89,0
591.0,10.44,89,0
591.2,10.44,89,0
591.4,10.43,89,0
591.6,10.44,89,0
591.8,10.43,89,0
592.0,10.43,89,0
592.2,10.43,89,0
592.4,10.43,89,0
592.6,10.42,89,0
592.8,10.44,89,0
593.0,10.45,89,0
593.2,10.44,89,0
593.4,10.43,89,0
593.6,10.43,89,0
593.8,10.43,89,0
594.0,10.42,89,0
594.2,10.42,89,0
594.4,10.42,89,0
594.6,10.44,89,0
594.8,10.44,89,0
595.0,10.43,89,0
595.2,10.43,89,0
595.4,10.43,89,0
595.6,10.43,89,0
595.8,10.43,89,0
596.0,10.42,89,0
596.2,10.42,89,0
596.4,10.42,89,0
596.6,10.44,89,0
596.8,10.43,89,0
597.0,10.44,89,0
597.2,10.43,89,0
597.4,10.43,89,0
597.6,10.43,89,0
597.8,10.42,89,0
598.0,10.42,89,0
598.2,10.42,89,0
598.4,10.42,89,0
598.6,10.44,89,0
598.8,10.43,89,0
599.0,10.44,89,0
599.2,10.43,89,0
599.4,10.42,89,0
599.6,10.43,89,0
599.8,10.42,89,0
600.0,10.42,89,0
600.2,10.42,89,0
600.4,10.44,89,0
600.6,10.43,89,0
600.8,10.44,89,0
601.0,10.42,89,0
601.2,10.43,89,0
601.4,10.43,89,0
601.6,10.43,89,0
601.8,10.43,89,0
602.0,10.42,89,0
602.2,10.42,89,0
602.4,10.44,89,0
602.6,10.43,89,0
602.8,10.44,89,0
603.0,10.43,89,0
603.2,10.43,89,0
603.4,10.43,89,0
603.6,10.42,89,0
603.8,10.41,89,0
604.0,10.42,89,0
604.2,10.43,89,0
604.4,10.44,89,0
604.6,10.43,89,0
604.8,10.45,89,0
605.0,10.42,89,0
605.2,10.42,89,0
605.4,10.44,89,0
605.6,10.43,89,0
605.8,10.41,89,0
606.0,10.42,89,0
606.2,10.43,89,0
606.4,10.43,89,0
606.6,10.42,89,0
606.8,10.43,89,0
607.0,10.43,89,0
607.2,10.42,89,0
607.4,10.42,89,0
607.6,10.42,89,0
607.8,10.42,89,0
608.0,10.41,89,0
608.2,10.43,89,0
608.4,10.43,89,0
608.6,10.43,89,0
608.8,10.42,89,0
609.0,10.41,89,0
609.2,10.42,89,0
609.4,10.41,89,0
609.6,10.42,89,0
609.8,10.4,89,0
610.0,10.42,89,0
610.2,10.42,89,0
610.4,10.42,89,0
610.6,10.41,89,0
610.8,10.42,89,0
611.0,10.41,89,0
611.2,10.41,89,0
611.4,10.41,89,0
611.6,10.41,89,0
611.8,10.4,89,0
612.0,10.42,89,0
612.2,10.42,89,0
612.4,10.42,89,0
612.6,10.41,89,0
612.8,10.42,89,0
613.0,10.41,89,0
613.2,10.4,89,0
613.4,10.41,89,0
613.6,10.4,89,0
613.8,10.42,89,0
614.0,10.43,89,0
614.2,10.42,89,0
614.4,10.42,89,0
614.6,10.42,89,0
614.8,10.42,89,0
615.0,10.41,89,0
615.2,10.41,89,0
615.4,10.4,89,0
615.6,10.41,89,0
615.8,10.42,89,0
616.0,10.42,89,0
616.2,10.42,89,0
616.4,10.42,89,0
616.6,10.41,89,0
616.8,10.41,89,0
617.0,10.41,89,0
617.2,10.4,89,0
617.4,10.4,89,0
617.6,10.41,89,0
617.8,10.43,89,0
618.0,10.42,89,0
618.2,10.42,89,0
618.4,10.41,89,0
618.6,10.41,89,0
618.8,10.4,89,0
619.0,10.4,89,0
619.2,10.39,89,0
619.4,10.4,89,0
619.6,10.41,89,0
619.8,10.42,89,0
620.0,10.41,89,0
620.2,10.4,89,0
620.4,10.4,89,0
620.6,10.42,89,0
620.8,10.4,89,0
621.0,10.4,89,0
621.2,10.39,89,0
621.4,10.39,89,0
621.6,10.42,89,0
621.8,10.41,89,0
622.0,10.42,89,0
622.2,10.41,89,0
622.4,10.4,89,0
622.6,10.4,89,0
622.8,10.39,89,0
623.0,10.39,89,0
623.2,10.4,89,0
623.4,10.42,89,0
623.6,10.41,89,0
623.8,10.41,89,0
624.0,10.41,89,0
624.2,10.41,89,0
624.4,10.41,89,0
624.6,10.4,89,0
624.8,10.4,89,0
625.0,10.39,89,0
625.2,10.41,89,0
625.4,10.41,89,0
625.6,10.41,89,0
625.8,10.42,89,0
626.0,10.38,89,0
626.2,10.4,89,0
626.4,10.39,89,0
626.6,10.39,89,0
626.8,10.38,89,0
627.0,10.38,89,0
627.2,10.39,89,0
627.4,10.41,89,0
627.6,10.4,89,0
627.8,10.41,89,0
628.0,10.39,89,0
628.2,10.39,89,0
628.4,10.4,89,0
628.6,10.38,89,0
628.8,10.39,89,0
629.0,10.39,89,0
629.2,10.4,89,0
629.4,10.4,89,0
629.6,10.4,89,0
629.8,10.4,89,0
630.0,10.39,89,0
630.2,10.4,89,0
630.4,10.39,89,0
630.6,10.37,89,0
630.8,10.38,89,0
631.0,10.38,89,0
631.2,10.39,89,0
631.4,10.4,89,0
631.6,10.4,89,0
631.8,10.39,89,0
632.0,10.38,89,0
632.2,10.39,89,0
632.4,10.38,89,0
632.6,10.37,89,0
632.8,10.37,89,0
633.0,10.39,89,0
633.2,10.4,89,0
633.4,10.39,89,0
633.6,10.4,89,0
633.8,10.39,89,0
634.0,10.39,89,0
634.2,10.39,89,0
634.4,10.37,89,0
634.6,10.39,89,0
634.8,10.37,89,0
635.0,10.39,89,0
635.2,10.39,89,0
635.4,10.39,89,0
635.6,10.38,89,0
635.8,10.38,89,0
636.0,10.38,89,0
636.2,10.37,89,0
636.4,10.38,89,0
636.6,10.36,89,0
636.8,10.37,89,0
637.0,10.39,89,0
637.2,10.38,89,0
637.4,10.39,89,0
637.6,10.37,89,0
637.8,10.39,89,0
638.0,10.38,89,0
638.2,10.37,89,0
638.4,10.37,89,0
638.6,10.37,89,0
638.8,10.38,89,0
639.0,10.38,89,0
639.2,10.38,89,0
639.4,10.38,89,0
639.6,10.38,89,0
639.8,10.38,89,0
640.0,10.38,89,0
640.2,10.38,89,0
640.4,10.36,89,0
640.6,10.37,89,0
640.8,10.39,89,0
641.0,10.39,89,0
641.2,10.38,89,0
641.4,10.38,89,0
641.6,10.38,89,0
641.8,10.37,89,0
642.0,10.36,89,0
642.2,10.36,89,0
642.4,10.36,89,0
642.6,10.38,89,0
642.8,10.38,89,0
643.0,10.38,89,0
643.2,10.38,89,0
643.4,10.37,89,0
643.6,10.37,89,0
643.8,10.37,89,0
644.0,10.37,89,0
644.2,10.36,89,0
644.4,10.36,89,0
644.6,10.38,89,0
644.8,10.38,89,0
645.0,10.38,89,0
645.2,10.37,89,0
645.4,10.37,89,0
645.6,10.37,89,0
645.8,10.37,89,0
646.0,10.36,89,0
646.2,10.37,89,0
646.4,10.35,89,0
646.6,10.37,89,0
646.8,10.38,89,0
647.0,10.38,89,0
647.2,10.38,89,0
647.4,10.36,89,0
647.6,10.37,89,0
647.8,10.36,89,0
648.0,10.36,89,0
648.2,10.36,89,0
648.4,10.38,89,0
648.6,10.37,89,0
648.8,10.38,89,0
649.0,10.37,89,0
649.2,10.38,89,0
649.4,10.36,89,0
649.6,10.37,89,0
649.8,10.35,89,0
650.0,10.35,89,0
650.2,10.35,89,0
650.4,10.38,89,0
650.6,10.39,89,0
650.8,10.36,89,0
651.0,10.35,89,0
651.2,10.36,89,0
651.4,10.37,89,0
651.6,10.36,89,0
651.8,10.36,89,0
652.0,10.36,89,0
652.2,10.37,89,0
652.4,10.38,89,0
652.6,10.37,89,0
652.8,10.38,89,0
653.0,10.37,89,0
653.2,10.35,89,0
653.4,10.36,89,0
653.6,10.36,89,0
653.8,10.36,89,0
654.0,10.35,89,0
654.2,10.36,89,0
654.4,10.37,89,0
654.6,10.37,89,0
654.8,10.37,89,0
655.0,10.37,89,0
655.2,10.37,89,0
655.4,10.35,89,0
655.6,10.36,89,0
655.8,10.35,89,0
656.0,10.35,89,0
656.2,10.37,89,0
656.4,10.36,89,0
656.6,10.36,89,0
656.8,10.35,89,0
657.0,10.36,89,0
657.2,10.35,89,0
657.4,10.35,89,0
657.6,10.35,89,0
657.8,10.35,89,0
658.0,10.36,89,0
658.2,10.37,89,0
658.4,10.36,89,0
658.6,10.34,89,0
658.8,10.35,89,0
659.0,10.35,89,0
659.2,10.35,89,0
659.4,10.36,89,0
659.6,10.34,89,0
659.8,10.35,89,0
660.0,10.37,89,0
660.2,10.37,89,0
660.4,10.36,89,0
660.6,10.35,89,0
660.8,10.36,89,0
661.0,10.35,89,0
661.2,10.34,89,0
661.4,10.34,89,0
661.6,10.35,89,0
661.8,10.36,89,0
662.0,10.36,89,0
662.2,10.36,89,0
662.4,10.36,89,0
662.6,10.35,89,0
662.8,10.35,89,0
663.0,10.35,89,0
663.2,10.35,89,0
663.4,10.34,89,0
663.6,10.34,89,0
663.8,10.37,89,0
664.0,10.36,89,0
664.2,10.36,89,0
664.4,10.35,89,0
664.6,10.35,89,0
664.8,10.35,89,0
665.0,10.35,89,0
665.2,10.34,89,0
665.4,10.36,89,0
665.6,10.34,89,0
665.8,10.37,89,0
666.0,10.36,89,0
666.2,10.36,89,0
666.4,10.35,89,0
666.6,10.35,89,0
666.8,10.36,89,0
667.0,10.35,89,0
667.2,10.34,89,0
667.4,10.34,89,0
667.6,10.36,89,0
667.8,10.36,89,0
668.0,10.36,89,0
668.2,10.35,89,0
668.4,10.35,89,0
668.6,10.35,89,0
668.8,10.35,89,0
669.0,10.33,89,0
669.2,10.34,89,0
669.4,10.34,89,0
669.6,10.36,89,0
669.8,10.36,89,0
670.0,10.36,89,0
670.2,10.34,89,0
670.4,10.35,89,0
670.6,10.35,89,0
670.8,10.34,89,0
671.0,10.35,89,0
671.2,10.33,89,0
671.4,10.35,89,0
671.6,10.35,89,0
671.8,10.36,89,0
672.0,10.35,89,0
672.2,10.35,89,0
672.4,10.34,89,0
672.6,10.34,89,0
672.8,10.33,89,0
673.0,10.34,89,0
673.2,10.34,89,0
673.4,10.35,89,0
673.6,10.35,89,0
673.8,10.35,89,0
674.0,10.34,89,0
674.2,10.34,89,0
674.4,10.34,89,0
674.6,10.33,89,0
674.8,10.33,89,0
675.0,10.32,89,0
675.2,10.33,89,0
675.4,10.35,89,0
675.6,10.35,89,0
675.8,10.34,89,0
676.0,10.34,89,0
676.2,10.33,89,0
676.4,10.34,89,0
676.6,10.33,89,0
676.8,10.33,89,0
677.0,10.32,89,0
677.2,10.34,89,0
677.4,10.35,89,0
677.6,10.34,89,0
677.8,10.33,89,0
678.0,10.33,89,0
678.2,10.33,89,0
678.4,10.33,89,0
678.6,10.33,89,0
678.8,10.32,89,0
679.0,10.33,89,0
679.2,10.34,89,0
679.4,10.34,89,0
679.6,10.34,89,0
679.8,10.33,89,0
680.0,10.34,89,0
680.2,10.33,89,0
680.4,10.33,89,0
680.6,10.32,89,0
680.8,10.32,89,0
681.0,10.34,89,0
681.2,10.34,89,0
681.4,10.34,89,0
681.6,10.34,89,0
681.8,10.33,89,0
682.0,10.33,89,0
682.2,10.33,89,0
682.4,10.32,89,0
682.6,10.32,89,0
682.8,10.32,89,0
683.0,10.34,89,0
683.2,10.34,89,0
683.4,10.35,89,0
683.6,10.32,89,0
683.8,10.33,89,0
684.0,10.33,89,0
684.2,10.33,89,0
684.4,10.31,89,0
684.6,10.32,89,0
684.8,10.31,89,0
685.0,10.33,89,0
685.2,10.33,89,0
685.4,10.33,89,0
685.6,10.32,89,0
685.8,10.32,89,0
686.0,10.32,89,0
686.2,10.32,89,0
686.4,10.32,89,0
686.6,10.33,89,0
686.8,10.33,89,0
687.0,10.33,89,0
687.2,10.33,89,0
687.4,10.31,89,0
687.6,10.33,89,0
687.8,10.32,89,0
688.0,10.32,89,0
688.2,10.32,89,0
688.4,10.33,89,0
688.6,10.31,89,0
688.8,10.33,89,0
689.0,10.33,89,0
689.2,10.32,89,0
689.4,10.32,89,0
689.6,10.32,89,0
689.8,10.32,89,0
690.0,10.31,89,0
690.2,10.31,89,0
690.4,10.31,89,0
690.6,10.33,89,0
690.8,10.33,89,0
691.0,10.32,89,0
691.2,10.33,89,0
691.4,10.31,89,0
691.6,10.32,89,0
691.8,10.32,89,0
692.0,10.31,89,0
692.2,10.31,89,0
692.4,10.3,89,0
692.6,10.33,89,0
692.8,10.32,89,0
693.0,10.32,89,0
693.2,10.32,89,0
693.4,10.32,89,0
693.6,10.31,89,0
693.8,10.3,89,0
694.0,10.3,89,0
694.2,10.31,89,0
694.4,10.3,89,0
694.6,10.32,89,0
694.8,10.32,89,0
695.0,10.33,89,0
695.2,10.31,89,0
695.4,10.31,89,0
695.6,10.31,89,0
695.8,10.3,89,0
696.0,10.31,89,0
696.2,10.3,89,0
696.4,10.32,89,0
696.6,10.32,89,0
696.8,10.32,89,0
697.0,10.31,89,0
697.2,10.32,89,0
697.4,10.31,89,0
697.6,10.31,89,0
697.8,10.31,89,0
698.0,10.3,89,0
698.2,10.3,89,0
698.4,10.31,89,0
698.6,10.32,89,0
698.8,10.32,89,0
699.0,10.31,89,0
699.2,10.31,89,0
699.4,10.31,89,0
699.6,10.29,89,0
699.8,10.3,89,0
700.0,10.3,89,0
700.2,10.32,89,0
700.4,10.32,89,0
700.6,10.31,89,0
700.8,10.32,89,0
701.0,10.31,89,0
701.2,10.3,89,0
701.4,10.31,89,0
701.6,10.3,89,0
701.8,10.29,89,0
702.0,10.3,89,0
702.2,10.32,89,0
702.4,10.31,89,0
702.6,10.32,89,0
702.8,10.3,89,0
703.0,10.31,89,0
703.2,10.31,89,0
703.4,10.3,89,0
703.6,10.3,89,0
703.8,10.3,89,0
704.0,10.3,89,0
704.2,10.31,89,0
704.4,10.31,89,0
704.6,10.31,89,0
704.8,10.31,89,0
705.0,10.3,89,0
705.2,10.3,89,0
705.4,10.29,89,0
705.6,10.29,89,0
705.8,10.3,89,0
706.0,10.31,89,0
706.2,10.31,89,0
706.4,10.32,89,0
706.6,10.3,89,0
706.8,10.3,89,0
707.0,10.31,89,0
707.2,10.31,89,0
707.4,10.29,89,0
707.6,10.3,89,0
707.8,10.29,89,0
708.0,10.31,89,0
708.2,10.31,89,0
708.4,10.31,89,0
708.6,10.3,89,0
708.8,10.3,89,0
709.0,10.31,89,0
709.2,10.3,89,0
709.4,10.29,89,0
709.6,10.3,89,0
709.8,10.31,89,0
710.0,10.31,89,0
710.2,10.32,89,0
710.4,10.3,89,0
710.6,10.3,89,0
710.8,10.3,89,0
711.0,10.3,89,0
711.2,10.29,89,0
711.4,10.29,89,0
711.6,10.29,89,0
711.8,10.31,89,0
712.0,10.31,89,0
712.2,10.31,89,0
712.4,10.3,89,0
712.6,10.3,89,0
712.8,10.3,89,0
713.0,10.29,89,0
713.2,10.29,89,0
713.4,10.29,89,0
713.6,10.29,89,0
713.8,10.31,89,0
714.0,10.31,89,0
714.2,10.31,89,0
714.4,10.29,89,0
714.6,10.3,89,0
714.8,10.3,89,0
715.0,10.29,89,0
715.2,10.29,89,0
715.4,10.28,89,0
715.6,10.31,89,0
715.8,10.31,89,0
716.0,10.3,89,0
716.2,10.3,89,0
716.4,10.31,89,0
716.6,10.31,89,0
716.8,10.3,89,0
717.0,10.29,89,0
717.2,10.29,89,0
717.4,10.29,89,0
717.6,10.3,89,0
717.8,10.31,89,0
718.0,10.31,89,0
718.2,10.3,89,0
718.4,10.3,89,0
718.6,10.29,89,0
718.8,10.28,89,0
719.0,10.29,89,0
719.2,10.29,89,0
719.4,10.3,89,0
719.6,10.31,89,0
719.8,10.3,89,0
720.0,10.31,89,0
720.2,10.29,89,0
720.4,10.29,89,0
720.6,10.29,89,0
720.8,10.29,89,0
721.0,10.29,89,0
721.2,10.29,89,0
721.4,10.31,89,0
721.6,10.31,89,0
721.8,10.31,89,0
722.0,10.3,89,0
722.2,10.3,89,0
722.4,10.3,89,0
722.6,10.29,89,0
722.8,10.29,89,0
723.0,10.29,89,0
723.2,10.29,89,0
723.4,10.31,89,0
723.6,10.31,89,0
723.8,10.3,89,0
724.0,10.3,89,0
724.2,10.3,89,0
724.4,10.3,89,0
724.6,10.29,89,0
724.8,10.29,89,0
725.0,10.29,89,0
725.2,10.3,89,0
725.4,10.31,89,0
725.6,10.31,89,0
725.8,10.29,89,0
726.0,10.29,89,0
726.2,10.3,89,0
726.4,10.3,89,0
726.6,10.28,89,0
726.8,10.29,89,0
727.0,10.29,89,0
727.2,10.3,89,0
727.4,10.3,89,0
727.6,10.31,89,0
727.8,10.3,89,0
728.0,10.3,89,0
728.2,10.3,89,0
728.4,10.29,89,0
728.6,10.28,89,0
728.8,10.29,89,0
729.0,10.3,89,0
729.2,10.31,89,0
729.4,10.31,89,0
729.6,10.31,89,0
729.8,10.3,89,0
730.0,10.3,89,0
730.2,10.3,89,0
730.4,10.29,89,0
730.6,10.29,89,0
730.8,10.29,89,0
731.0,10.31,89,0
731.2,10.31,89,0
731.4,10.31,89,0
731.6,10.31,89,0
731.8,10.3,89,0
732.0,10.3,89,0
732.2,10.3,89,0
732.4,10.29,89,0
732.6,10.3,89,0
732.8,10.28,89,0
733.0,10.31,89,0
733.2,10.31,89,0
733.4,10.31,89,0
733.6,10.29,89,0
733.8,10.31,89,0
734.0,10.3,89,0
734.2,10.29,89,0
734.4,10.29,89,0
734.6,10.3,89,0
734.8,10.31,89,0
735.0,10.3,89,0
735.2,10.31,89,0
735.4,10.3,89,0
735.6,10.3,89,0
735.8,10.3,89,0
736.0,10.3,89,0
736.2,10.29,89,0
736.4,10.29,89,0
736.6,10.29,89,0
736.8,10.31,89,0
737.0,10.31,89,0
737.2,10.3,89,0
737.4,10.3,89,0
737.6,10.3,89,0
737.8,10.3,89,0
738.0,10.29,89,0
738.2,10.29,89,0
738.4,10.29,89,0
738.6,10.31,89,0
738.8,10.32,89,0
739.0,10.3,89,0
739.2,10.31,89,0
739.4,10.3,89,0
739.6,10.3,89,0
739.8,10.3,89,0
740.0,10.29,89,0
740.2,10.29,89,0
740.4,10.29,89,0
740.6,10.31,89,0
740.8,10.31,89,0
741.0,10.31,89,0
741.2,10.3,89,0
741.4,10.3,89,0
741.6,10.3,89,0
741.8,10.29,89,0
742.0,10.29,89,0
742.2,10.28,89,0
742.4,10.3,89,0
742.6,10.32,89,0
742.8,10.3,89,0
743.0,10.31,89,0
743.2,10.3,89,0
743.4,10.3,89,0
743.6,10.29,89,0
743.8,10.29,89,0
744.0,10.29,89,0
744.2,10.29,89,0
744.4,10.31,89,0
744.6,10.31,89,0
744.8,10.3,89,0
745.0,10.29,89,0
745.2,10.29,89,0
745.4,10.3,89,0
745.6,10.3,89,0
745.8,10.29,89,0
746.0,10.29,89,0
746.2,10.29,89,0
746.4,10.31,89,0
746.6,10.31,89,0
746.8,10.31,89,0
747.0,10.3,89,0
747.2,10.3,89,0
747.4,10.3,89,0
747.6,10.29,89,0
747.8,10.28,89,0
748.0,10.3,89,0
748.2,10.31,89,0
748.4,10.31,89,0
748.6,10.32,89,0
748.8,10.31,89,0
749.0,10.29,89,0
749.2,10.31,89,0
749.4,10.3,89,0
749.6,10.28,89,0
749.8,10.29,89,0
750.0,10.3,89,0
750.2,10.31,89,0
750.4,10.32,89,0
750.6,10.31,89,0
750.8,10.3,89,0
751.0,10.3,89,0
751.2,10.31,89,0
751.4,10.3,89,0
751.6,10.29,89,0
751.8,10.3,89,0
752.0,10.3,89,0
752.2,10.31,89,0
752.4,10.31,89,0
752.6,10.31,89,0
752.8,10.3,89,0
753.0,10.3,89,0
753.2,10.3,89,0
753.4,10.3,89,0
753.6,10.29,89,0
753.8,10.3,89,0
754.0,10.3,89,0
754.2,10.31,89,0
754.4,10.32,89,0
754.6,10.3,89,0
754.8,10.3,89,0
755.0,10.3,89,0
755.2,10.3,89,0
755.4,10.3,89,0
755.6,10.3,89,0
755.8,10.3,89,0
756.0,10.32,89,0
756.2,10.32,89,0
756.4,10.32,89,0
756.6,10.31,89,0
756.8,10.31,89,0
757.0,10.31,89,0
757.2,10.29,89,0
757.4,10.3,89,0
757.6,10.29,89,0
757.8,10.31,89,0
758.0,10.31,89,0
758.2,10.32,89,0
758.4,10.32,89,0
758.6,10.31,89,0
758.8,10.3,89,0
759.0,10.3,89,0
759.2,10.31,89,0
759.4,10.3,89,0
759.6,10.3,89,0
759.8,10.31,89,0
760.0,10.33,89,0
760.2,10.31,89,0
760.4,10.3,89,0
760.6,10.31,89,0
760.8,10.3,89,0
761.0,10.29,89,0
761.2,10.3,89,0
761.4,10.3,89,0
761.6,10.3,89,0
761.8,10.32,89,0
762.0,10.3,89,0
762.2,10.32,89,0
762.4,10.31,89,0
762.6,10.31,89,0
762.8,10.31,89,0
763.0,10.3,89,0
763.2,10.3,89,0
763.4,10.3,89,0
763.6,10.32,89,0
763.8,10.31,89,0
764.0,10.32,89,0
764.2,10.3,89,0
764.4,10.31,89,0
764.6,10.31,89,0
764.8,10.31,89,0
765.0,10.3,89,0
765.2,10.3,89,0
765.4,10.3,89,0
765.6,10.31,89,0
765.8,10.32,89,0
766.0,10.32,89,0
766.2,10.31,89,0
766.4,10.31,89,0
766.6,10.3,89,0
766.8,10.3,89,0
767.0,10.29,89,0
767.2,10.31,89,0
767.4,10.32,89,0
767.6,10.31,89,0
767.8,10.32,89,0
768.0,10.31,89,0
768.2,10.31,89,0
768.4,10.31,89,0
768.6,10.31,89,0
768.8,10.3,89,0
769.0,10.3,89,0
769.2,10.3,89,0
769.4,10.31,89,0
769.6,10.31,89,0
769.8,10.32,89,0
770.0,10.31,89,0
770.2,10.3,89,0
770.4,10.3,89,0
770.6,10.31,89,0
770.8,10.3,89,0
771.0,10.3,89,0
771.2,10.29,89,0
771.4,10.32,89,0
771.6,10.32,89,0
771.8,10.32,89,0
772.0,10.31,89,0
772.2,10.3,89,0
772.4,10.3,89,0
772.6,10.29,89,0
772.8,10.3,89,0
773.0,10.3,89,0
773.2,10.31,89,0
773.4,10.31,89,0
773.6,10.32,89,0
773.8,10.31,89,0
774.0,10.31,89,0
774.2,10.31,89,0
774.4,10.3,89,0
774.6,10.3,89,0
774.8,10.3,89,0
775.0,10.29,89,0
775.2,10.32,89,0
775.4,10.32,89,0
775.6,10.31,89,0
775.8,10.31,89,0
776.0,10.3,89,0
776.2,10.31,89,0
776.4,10.3,89,0
776.6,10.3,89,0
776.8,10.3,89,0
777.0,10.33,89,0
777.2,10.32,89,0
777.4,10.31,89,0
777.6,10.31,89,0
777.8,10.31,89,0
778.0,10.31,89,0
778.2,10.31,89,0
778.4,10.3,89,0
778.6,10.31,89,0
778.8,10.3,89,0
779.0,10.31,89,0
779.2,10.32,89,0
779.4,10.31,89,0
779.6,10.3,89,0
779.8,10.32,89,0
780.0,10.3,89,0
780.2,10.29,89,0
780.4,10.3,89,0
780.6,10.3,89,0
780.8,10.3,89,0
781.0,10.32,89,0
781.2,10.32,89,0
781.4,10.32,89,0
781.6,10.32,89,0
781.8,10.31,89,0
782.0,10.31,89,0
782.2,10.3,89,0
782.4,10.29,89,0
782.6,10.3,89,0
782.8,10.31,89,0
783.0,10.32,89,0
783.2,10.31,89,0
783.4,10.31,89,0
783.6,10.3,89,0
783.8,10.3,89,0
784.0,10.31,89,0
784.2,10.3,89,0
784.4,10.3,89,0
784.6,10.3,89,0
784.8,10.32,89,0
785.0,10.31,89,0
785.2,10.32,89,0
785.4,10.31,89,0
785.6,10.3,89,0
785.8,10.3,89,0
786.0,10.29,89,0
786.2,10.29,89,0
786.4,10.3,89,0
786.6,10.31,89,0
786.8,10.32,89,0
787.0,10.31,89,0
787.2,10.31,89,0
787.4,10.3,89,0
787.6,10.3,89,0
787.8,10.31,89,0
788.0,10.29,89,0
788.2,10.3,89,0
788.4,10.3,89,0
788.6,10.31,89,0
788.8,10.31,89,0
789.0,10.31,89,0
789.2,10.3,89,0
789.4,10.3,89,0
789.6,10.3,89,0
789.8,10.3,89,0
790.0,10.28,89,0
790.2,10.3,89,0
790.4,10.29,89,0
790.6,10.31,89,0
790.8,10.31,89,0
791.0,10.31,89,0
791.2,10.3,89,0
791.4,10.3,89,0
791.6,10.3,89,0
791.8,10.28,89,0
792.0,10.29,89,0
792.2,10.29,89,0
792.4,10.3,89,0
792.6,10.3,89,0
792.8,10.31,89,0
793.0,10.3,89,0
793.2,10.31,89,0
793.4,10.3,89,0
793.6,10.3,89,0
793.8,10.29,89,0
794.0,10.29,89,0
794.2,10.29,89,0
794.4,10.3,89,0
794.6,10.31,89,0
794.8,10.3,89,0
795.0,10.3,89,0
795.2,10.3,89,0
795.4,10.3,89,0
795.6,10.29,89,0
795.8,10.28,89,0
796.0,10.29,89,0
796.2,10.3,89,0
796.4,10.3,89,0
796.6,10.3,89,0
796.8,10.3,89,0
797.0,10.3,89,0
797.2,10.3,89,0
797.4,10.29,89,0
797.6,10.3,89,0
797.8,10.29,89,0
798.0,10.28,89,0
798.2,10.31,89,0
798.4,10.31,89,0
798.6,10.3,89,0
798.8,10.3,89,0
799.0,10.3,89,0
799.2,10.3,89,0
799.4,10.29,89,0
799.6,10.29,89,0
799.8,10.28,89,0
800.0,10.29,89,0
800.2,10.31,89,0
800.4,10.3,89,0
800.6,10.3,89,0
800.8,10.29,89,0
801.0,10.29,89,0
801.2,10.3,89,0
801.4,10.29,89,0
801.6,10.29,89,0
801.8,10.28,89,0
802.0,10.29,89,0
802.2,10.3,89,0
802.4,10.3,89,0
802.6,10.28,89,0
802.8,10.3,89,0
803.0,10.3,89,0
803.2,10.29,89,0
803.4,10.28,89,0
803.6,10.28,89,0
803.8,10.29,89,0
804.0,10.3,89,0
804.2,10.29,89,0
804.4,10.29,89,0
804.6,10.29,89,0
804.8,10.29,89,0
805.0,10.29,89,0
805.2,10.28,89,0
805.4,10.28,89,0
805.6,10.28,89,0
805.8,10.3,89,0
806.0,10.31,89,0
806.2,10.3,89,0
806.4,10.3,89,0
806.6,10.28,89,0
806.8,10.29,89,0
807.0,10.29,89,0
807.2,10.28,89,0
807.4,10.27,89,0
807.6,10.28,89,0
807.8,10.3,89,0
808.0,10.3,89,0
808.2,10.3,89,0
808.4,10.29,89,0
808.6,10.29,89,0
808.8,10.29,89,0
809.0,10.29,89,0
809.2,10.28,89,0
809.4,10.28,89,0
809.6,10.28,89,0
809.8,10.3,89,0
810.0,10.3,89,0
810.2,10.3,89,0
810.4,10.29,89,0
810.6,10.29,89,0
810.8,10.29,89,0
811.0,10.28,89,0
811.2,10.29,89,0
811.4,10.28,89,0
811.6,10.3,89,0
811.8,10.29,89,0
812.0,10.3,89,0
812.2,10.29,89,0
812.4,10.28,89,0
812.6,10.29,89,0
812.8,10.29,89,0
813.0,10.28,89,0
813.2,10.29,89,0
813.4,10.28,89,0
813.6,10.3,89,0
813.8,10.3,89,0
814.0,10.29,89,0
814.2,10.29,89,0
814.4,10.29,89,0
814.6,10.29,89,0
814.8,10.28,89,0
815.0,10.28,89,0
815.2,10.28,89,0
815.4,10.3,89,0
815.6,10.29,89,0
815.8,10.3,89,0
816.0,10.3,89,0
816.2,10.29,89,0
816.4,10.28,89,0
816.6,10.29,89,0
816.8,10.28,89,0
817.0,10.29,89,0
817.2,10.28,89,0
817.4,10.3,89,0
817.6,10.3,89,0
817.8,10.3,89,0
818.0,10.29,89,0
818.2,10.29,89,0
818.4,10.29,89,0
818.6,10.28,89,0
818.8,10.29,89,0
819.0,10.29,89,0
819.2,10.28,89,0
819.4,10.3,89,0
819.6,10.3,89,0
819.8,10.3,89,0
820.0,10.29,89,0
820.2,10.29,89,0
820.4,10.29,89,0
820.6,10.29,89,0
820.8,10.29,89,0
821.0,10.28,89,0
821.2,10.3,89,0
821.4,10.3,89,0
821.6,10.3,89,0
821.8,10.29,89,0
822.0,10.3,89,0
822.2,10.28,89,0
822.4,10.29,89,0
822.6,10.29,89,0
822.8,10.29,89,0
823.0,10.28,89,0
823.2,10.3,89,0
823.4,10.29,89,0
823.6,10.31,89,0
823.8,10.29,89,0
824.0,10.28,89,0
824.2,10.29,89,0
824.4,10.28,89,0
824.6,10.29,89,0
824.8,10.28,89,0
825.0,10.31,89,0
825.2,10.3,89,0
825.4,10.3,89,0
825.6,10.3,89,0
825.8,10.29,89,0
826.0,10.29,89,0
826.2,10.29,89,0
826.4,10.29,89,0
826.6,10.28,89,0
826.8,10.29,89,0
827.0,10.3,89,0
827.2,10.31,89,0
827.4,10.3,89,0
827.6,10.29,89,0
827.8,10.29,89,0
828.0,10.29,89,0
828.2,10.29,89,0
828.4,10.28,89,0
828.6,10.28,89,0
828.8,10.28,89,0
829.0,10.3,89,0
829.2,10.3,89,0
829.4,10.3,89,0
829.6,10.29,89,1
829.8,10.3,89,1
830.0,10.34,89,1
830.2,10.41,89,1
830.4,10.54,89,1
830.6,10.68,89,1
830.8,10.86,89,1
831.0,11.05,89,1
831.2,11.25,0,1
831.4,11.44,0,1
831.6,11.63,0,1
831.8,11.77,0,1
832.0,11.9,0,1
832.2,12.01,0,1
832.4,12.11,0,1
832.6,12.19,0,1
832.8,12.27,0,1
833.0,12.34,0,1
833.2,12.41,0,1
833.4,12.47,0,1
833.6,12.52,0,1
833.8,12.57,0,1
834.0,12.62,0,1
834.2,12.66,0,1
834.4,12.71,0,1
834.6,12.75,0,1
834.8,12.8,0,1
835.0,12.83,0,1
835.2,12.87,0,1
835.4,12.91,0,1
835.6,12.94,0,1
835.8,12.98,0,1
836.0,13.02,0,1
836.2,13.05,0,1
836.4,13.08,0,1
836.6,13.12,0,1
836.8,13.15,0,1
837.0,13.19,0,1
837.2,13.22,0,1
837.4,13.25,0,1
837.6,13.28,0,1
837.8,13.31,0,1
838.0,13.34,0,1
838.2,13.37,0,1
838.4,13.4,0,1
838.6,13.43,0,1
838.8,13.46,0,1
839.0,13.48,0,1
839.2,13.52,0,1
839.4,13.55,0,1
839.6,13.58,0,1
839.8,13.6,0,1
840.0,13.63,0,1
840.2,13.66,0,1
840.4,13.68,0,1
840.6,13.71,0,1
840.8,13.74,0,1
841.0,13.77,0,1
841.2,13.8,0,1
841.4,13.82,0,1
841.6,13.85,0,1
841.8,13.88,0,1
842.0,13.9,0,1
842.2,13.93,0,1
842.4,13.96,0,1
842.6,13.98,0,1
842.8,14.01,0,1
843.0,14.04,0,1
843.2,14.06,0,1
843.4,14.09,0,1
843.6,14.11,0,1
843.8,14.14,0,1
844.0,14.16,0,1
844.2,14.19,0,1
844.4,14.22,0,1
844.6,14.24,0,1
844.8,14.27,0,1
845.0,14.29,0,1
845.2,14.32,0,1
845.4,14.35,0,1
845.6,14.37,0,1
845.8,14.39,0,1
846.0,14.42,0,1
846.2,14.44,0,1
846.4,14.47,0,1
846.6,14.49,0,1
846.8,14.51,0,1
847.0,14.55,0,1
847.2,14.57,0,1
847.4,14.59,0,1
847.6,14.62,0,1
847.8,14.64,0,1
848.0,14.66,0,1
848.2,14.69,0,1
848.4,14.71,0,1
848.6,14.74,0,1
848.8,14.76,0,1
849.0,14.79,0,1
849.2,14.81,0,1
849.4,14.84,0,1
849.6,14.86,0,1
849.8,14.88,0,1
850.0,14.91,0,1
850.2,14.93,0,1
850.4,14.95,0,1
850.6,14.97,0,1
850.8,15.0,0,1
851.0,15.03,0,1
851.2,15.04,0,1
851.4,15.07,0,1
851.6,15.09,0,1
851.8,15.11,0,1
852.0,15.14,0,1
852.2,15.16,0,1
852.4,15.18,0,1
852.6,15.21,0,1
852.8,15.23,0,1
853.0,15.25,0,1
853.2,15.27,0,1
853.4,15.29,0,1
853.6,15.31,0,1
853.8,15.33,0,1
854.0,15.36,0,1
854.2,15.38,0,1
854.4,15.46,0,1
854.6,15.44,0,1
854.8,15.46,0,1
855.0,15.48,0,1
855.2,15.5,0,1
855.4,15.52,0,1
855.6,15.54,0,1
855.8,15.57,0,1
856.0,15.58,0,1
856.2,15.6,0,1
856.4,15.63,0,1
856.6,15.65,0,1
856.8,15.67,0,1
857.0,15.69,0,1
857.2,15.71,0,1
857.4,15.73,0,1
857.6,15.76,0,1
857.8,15.78,0,1
858.0,15.8,0,1
858.2,15.82,0,1
858.4,15.84,0,1
858.6,15.86,0,1
858.8,15.88,0,1
859.0,15.9,0,1
859.2,15.92,0,1
859.4,15.94,0,1
859.6,15.96,0,1
859.8,15.98,0,1
860.0,16.0,0,1
860.2,16.03,0,1
860.4,16.05,0,1
860.6,16.06,0,1
860.8,16.08,0,1
861.0,16.1,0,1
861.2,16.12,0,1
861.4,16.14,0,1
861.6,16.17,0,1
861.8,16.18,0,1
862.0,16.19,0,1
862.2,16.22,0,1
862.4,16.24,0,1
862.6,16.26,0,1
862.8,16.27,0,1
863.0,16.3,0,1
863.2,16.31,0,1
863.4,16.34,0,1
863.6,16.35,0,1
863.8,16.36,0,1
864.0,16.39,0,1
864.2,16.41,0,1
864.4,16.43,0,1
864.6,16.44,0,1
864.8,16.46,0,1
865.0,16.49,0,1
865.2,16.5,0,1
865.4,16.53,0,1
865.6,16.54,0,1
865.8,16.57,0,1
866.0,16.57,0,1
866.2,16.59,0,1
866.4,16.61,0,1
866.6,16.63,0,1
866.8,16.64,0,1
867.0,16.65,0,1
867.2,16.68,0,1
867.4,16.69,0,1
867.6,16.71,0,1
867.8,16.73,0,1
868.0,16.75,0,1
868.2,16.76,0,1
868.4,16.79,0,1
868.6,16.8,0,1
868.8,16.81,0,1
869.0,16.83,0,1
869.2,16.85,0,1
869.4,16.87,0,1
869.6,16.88,0,1
869.8,16.91,0,1
870.0,16.91,0,1
870.2,16.93,0,1
870.4,16.95,0,1
870.6,16.96,0,1
870.8,16.98,0,1
871.0,17.0,0,1
871.2,17.02,0,1
871.4,17.04,0,1
871.6,17.05,0,1
871.8,17.07,0,1
872.0,17.09,0,1
872.2,17.1,0,1
872.4,17.12,0,1
872.6,17.13,0,1
872.8,17.15,0,1
873.0,17.17,0,1
873.2,17.19,0,1
873.4,17.2,0,1
873.6,17.22,0,1
873.8,17.24,0,1
874.0,17.25,0,1
874.2,17.27,0,1
874.4,17.28,0,1
874.6,17.3,0,1
874.8,17.31,0,1
875.0,17.33,0,1
875.2,17.34,0,1
875.4,17.35,0,1
875.6,17.37,0,1
875.8,17.38,0,1
876.0,17.39,0,1
876.2,17.42,0,1
876.4,17.43,0,1
876.6,17.44,0,1
876.8,17.46,0,1
877.0,17.48,0,1
877.2,17.49,0,1
877.4,17.51,0,1
877.6,17.52,0,1
877.8,17.54,0,1
878.0,17.55,0,1
878.2,17.57,0,1
878.4,17.58,0,1
878.6,17.59,0,1
878.8,17.62,0,1
879.0,17.63,0,1
879.2,17.64,0,1
879.4,17.65,0,1
879.6,17.66,0,1
879.8,17.69,0,1
880.0,17.7,0,1
880.2,17.71,0,1
880.4,17.72,0,1
880.6,17.74,0,1
880.8,17.76,0,1
881.0,17.77,0,1
881.2,17.78,0,1
881.4,17.79,0,1
881.6,17.81,0,1
881.8,17.82,0,1
882.0,17.83,0,1
882.2,17.85,0,1
882.4,17.86,0,1
882.6,17.88,0,1
882.8,17.89,0,1
883.0,17.9,0,1
883.2,17.92,0,1
883.4,17.93,0,1
883.6,17.94,0,1
883.8,17.96,0,1
884.0,17.97,0,1
884.2,17.98,0,1
884.4,18.0,0,1
884.6,18.01,0,1
884.8,18.02,0,1
885.0,18.04,0,1
885.2,18.05,0,1
885.4,18.07,0,1
885.6,18.08,0,1
885.8,18.09,0,1
886.0,18.1,0,1
886.2,18.11,0,1
886.4,18.14,0,1
886.6,18.14,0,1
886.8,18.16,0,1
887.0,18.17,0,1
887.2,18.19,0,1
887.4,18.2,0,1
887.6,18.21,0,1
887.8,18.22,0,1
888.0,18.24,0,1
888.2,18.25,0,1
888.4,18.26,0,1
888.6,18.27,0,1
888.8,18.29,0,1
889.0,18.3,0,1
889.2,18.31,0,1
889.4,18.32,0,1
889.6,18.34,0,1
889.8,18.35,0,1
890.0,18.36,0,1
890.2,18.38,0,1
890.4,18.39,0,1
890.6,18.4,0,1
890.8,18.41,0,1
891.0,18.43,0,1
891.2,18.44,0,1
891.4,18.45,0,1
891.6,18.47,0,1
891.8,18.48,0,1
892.0,18.48,0,1
892.2,18.5,0,1
892.4,18.52,0,1
892.6,18.53,0,1
892.8,18.54,0,1
893.0,18.55,0,1
893.2,18.56,0,1
893.4,18.57,0,1
893.6,18.58,0,1
893.8,18.6,0,1
894.0,18.61,0,1
894.2,18.62,0,1
894.4,18.63,0,1
894.6,18.64,0,1
894.8,18.66,0,1
895.0,18.66,0,1
895.2,18.68,0,1
895.4,18.69,0,1
895.6,18.7,0,1
895.8,18.71,0,1
896.0,18.72,0,1
896.2,18.73,0,1
896.4,18.74,0,1
896.6,18.76,0,1
896.8,18.77,0,1
897.0,18.78,0,1
897.2,18.79,0,1
897.4,18.81,0,1
897.6,18.82,0,1
897.8,18.83,0,1
898.0,18.84,0,1
898.2,18.85,0,1
898.4,18.86,0,1
898.6,18.87,0,1
898.8,18.89,0,1
899.0,18.89,0,1
899.2,18.9,0,1
899.4,18.91,0,1
899.6,18.93,0,1
899.8,18.93,0,1
900.0,18.94,0,1
900.2,18.96,0,1
900.4,18.96,0,1
900.6,18.98,0,1
900.8,18.99,0,1
901.0,18.99,0,1
901.2,19.0,0,1
901.4,19.02,0,1
901.6,19.03,0,1
901.8,19.04,0,1
902.0,19.05,0,1
902.2,19.06,0,1
902.4,19.07,0,1
902.6,19.08,0,1
902.8,19.09,0,1
903.0,19.1,0,1
903.2,19.11,0,1
903.4,19.12,0,1
903.6,19.13,0,1
903.8,19.14,0,1
904.0,19.15,0,1
904.2,19.16,0,1
904.4,19.17,0,1
904.6,19.18,0,1
904.8,19.19,0,1
905.0,19.2,0,1
905.2,19.22,0,1
905.4,19.22,0,1
905.6,19.23,0,1
905.8,19.24,0,1
906.0,19.25,0,1
906.2,19.27,0,1
906.4,19.28,0,1
906.6,19.28,0,1
906.8,19.29,0,1
907.0,19.3,0,1
907.2,19.31,0,1
907.4,19.32,0,1
907.6,19.33,0,1
907.8,19.35,0,1
908.0,19.35,0,1
908.2,19.36,0,1
908.4,19.37,0,1
908.6,19.38,0,1
908.8,19.39,0,1
909.0,19.4,0,1
909.2,19.41,0,1
909.4,19.42,0,1
909.6,19.43,0,1
909.8,19.44,0,1
910.0,19.45,0,1
910.2,19.45,0,1
910.4,19.46,0,1
910.6,19.47,0,1
910.8,19.48,0,1
911.0,19.49,0,1
911.2,19.5,0,1
911.4,19.51,0,1
911.6,19.52,0,1
911.8,19.53,0,1
912.0,19.54,0,1
912.2,19.55,0,1
912.4,19.56,0,1
912.6,19.57,0,1
912.8,19.57,0,1
913.0,19.59,0,1
913.2,19.59,0,1
913.4,19.6,0,1
913.6,19.61,0,1
913.8,19.62,0,1
914.0,19.62,0,1
914.2,19.64,0,1
914.4,19.65,0,1
914.6,19.65,0,1
914.8,19.67,0,1
915.0,19.68,0,1
915.2,19.68,0,1
915.4,19.69,0,1
915.6,19.7,0,1
915.8,19.71,0,1
916.0,19.72,0,1
916.2,19.73,0,1
916.4,19.74,0,1
916.6,19.75,0,1
916.8,19.75,0,1
917.0,19.76,0,1
917.2,19.77,0,1
917.4,19.77,0,1
917.6,19.79,0,1
917.8,19.79,0,1
918.0,19.8,0,1
918.2,19.81,0,1
918.4,19.82,0,1
918.6,19.82,0,1
918.8,19.83,0,1
919.0,19.84,0,1
919.2,19.85,0,1
919.4,19.86,0,1
919.6,19.86,0,1
919.8,19.87,0,1
920.0,19.88,0,1
920.2,19.89,0,1
920.4,19.89,0,1
920.6,19.91,0,1
920.8,19.91,0,1
921.0,19.92,0,1
921.2,19.93,0,1
921.4,19.94,0,1
921.6,19.95,0,1
921.8,19.95,0,1
922.0,19.97,0,1
922.2,19.97,0,1
922.4,19.98,0,1
922.6,19.99,0,1
922.8,19.99,0,1
923.0,20.0,0,1
923.2,20.01,0,1
923.4,20.02,0,1
923.6,20.03,0,1
923.8,20.03,0,1
924.0,20.04,0,1
924.2,20.05,0,1
924.4,20.06,0,1
924.6,20.06,0,1
924.8,20.07,0,1
925.0,20.08,0,1
925.2,20.09,0,1
925.4,20.1,0,1
925.6,20.1,0,1
925.8,20.11,0,1
926.0,20.12,0,1
926.2,20.12,0,1
926.4,20.13,0,1
926.6,20.14,0,1
926.8,20.14,0,1
927.0,20.15,0,1
927.2,20.16,0,1
927.4,20.16,0,1
927.6,20.17,0,1
927.8,20.18,0,1
928.0,20.19,0,1
928.2,20.2,0,1
928.4,20.2,0,1
928.6,20.21,0,1
928.8,20.23,0,1
929.0,20.23,0,1
929.2,20.24,0,1
929.4,20.25,0,1
929.6,20.25,0,1
929.8,20.26,0,1
930.0,20.27,0,1
930.2,20.28,0,1
930.4,20.28,0,1
930.6,20.28,0,1
930.8,20.29,0,1
931.0,20.3,0,1
931.2,20.31,0,1
931.4,20.32,0,1
931.6,20.32,0,1
931.8,20.33,0,1
932.0,20.34,0,1
932.2,20.35,0,1
932.4,20.35,0,1
932.6,20.36,0,1
932.8,20.37,0,1
933.0,20.38,0,1
933.2,20.38,0,1
933.4,20.39,0,1
933.6,20.4,0,1
933.8,20.4,0,1
934.0,20.41,0,1
934.2,20.42,0,1
934.4,20.42,0,1
934.6,20.43,0,1
934.8,20.44,0,1
935.0,20.44,0,1
935.2,20.45,0,1
935.4,20.45,0,1
935.6,20.47,0,1
935.8,20.47,0,1
936.0,20.48,0,1
936.2,20.49,0,1
936.4,20.49,0,1
936.6,20.5,0,1
936.8,20.5,0,1
937.0,20.51,0,1
937.2,20.53,0,1
937.4,20.52,0,1
937.6,20.53,0,1
937.8,20.53,0,1
938.0,20.54,0,1
938.2,20.55,0,1
938.4,20.55,0,1
938.6,20.56,0,1
938.8,20.56,0,1
939.0,20.57,0,1
939.2,20.57,0,1
939.4,20.58,0,1
939.6,20.59,0,1
939.8,20.59,0,1
940.0,20.61,0,1
940.2,20.62,0,1
940.4,20.62,0,1
940.6,20.63,0,1
940.8,20.64,0,1
941.0,20.64,0,1
941.2,20.65,0,1
941.4,20.65,0,1
941.6,20.66,0,1
941.8,20.67,0,1
942.0,20.67,0,1
942.2,20.68,0,1
942.4,20.69,0,1
942.6,20.69,0,1
942.8,20.7,0,1
943.0,20.71,0,1
943.2,20.71,0,1
943.4,20.72,0,1
943.6,20.72,0,1
943.8,20.72,0,1
944.0,20.74,0,1
944.2,20.74,0,1
944.4,20.75,0,1
944.6,20.75,0,1
944.8,20.76,0,1
945.0,20.76,0,1
945.2,20.77,0,1
945.4,20.78,0,1
945.6,20.79,0,1
945.8,20.79,0,1
946.0,20.8,0,1
946.2,20.8,0,1
946.4,20.81,0,1
946.6,20.82,0,1
946.8,20.82,0,1
947.0,20.83,0,1
947.2,20.84,0,1
947.4,20.84,0,1
947.6,20.84,0,1
947.8,20.85,0,1
948.0,20.86,0,1
948.2,20.86,0,1
948.4,20.87,0,1
948.6,20.87,0,1
948.8,20.87,0,1
949.0,20.89,0,1
949.2,20.89,0,1
949.4,20.9,0,1
949.6,20.9,0,1
949.8,20.91,0,1
950.0,20.92,0,1
950.2,20.92,0,1
950.4,20.93,0,1
950.6,20.94,0,1
950.8,21.48,0,1
951.0,21.04,0,1
951.2,21.01,0,1
951.4,21.0,0,1
951.6,21.01,0,1
951.8,21.02,0,1
952.0,21.02,0,1
952.2,21.03,0,1
952.4,21.16,0,1
952.6,21.07,0,1
952.8,21.08,0,1
953.0,21.09,0,1
953.2,21.09,0,1
953.4,21.1,0,1
953.6,21.1,0,1
953.8,21.11,0,1
954.0,21.12,0,1
954.2,21.13,0,1
954.4,21.14,0,1
954.6,21.15,0,1
954.8,21.16,0,1
955.0,21.17,0,1
955.2,21.18,0,1
955.4,21.18,0,1
955.6,21.19,0,1
955.8,21.2,0,1
956.0,21.2,0,1
956.2,21.2,0,1
956.4,21.21,0,1
956.6,21.23,0,1
956.8,21.23,0,1
957.0,21.24,0,1
957.2,21.24,0,1
957.4,21.24,0,1
957.6,21.43,0,1
957.8,21.4,0,1
958.0,21.41,0,1
958.2,21.42,0,1
958.4,21.42,0,1
958.6,21.43,0,1
958.8,21.43,0,1
959.0,21.44,0,1
959.2,21.44,0,1
959.4,21.45,0,1
959.6,21.46,0,1
959.8,21.46,0,1
960.0,21.47,0,1
960.2,21.47,0,1
960.4,21.48,0,1
960.6,21.48,0,1
960.8,21.49,0,1
961.0,21.49,0,1
961.2,21.49,0,1
961.4,21.5,0,1
961.6,21.5,0,1
961.8,21.51,0,1
962.0,21.52,0,1
962.2,21.53,0,1
962.4,21.53,0,1
962.6,21.53,0,1
962.8,21.54,0,1
963.0,21.55,0,1
963.2,21.55,0,1
963.4,21.55,0,1
963.6,21.56,0,1
963.8,21.56,0,1
964.0,21.57,0,1
964.2,21.57,0,1
964.4,21.58,0,1
964.6,21.58,0,1
964.8,21.59,0,1
965.0,21.6,0,1
965.2,21.6,0,1
965.4,21.61,0,1
965.6,21.61,0,1
965.8,21.61,0,1
966.0,21.62,0,1
966.2,21.62,0,1
966.4,21.63,0,1
966.6,21.64,0,1
966.8,21.64,0,1
967.0,21.65,0,1
967.2,21.66,0,1
967.4,21.65,0,1
967.6,21.67,0,1
967.8,21.67,0,1
968.0,21.67,0,1
968.2,21.68,0,1
968.4,21.68,0,1
968.6,21.68,0,1
968.8,21.69,0,1
969.0,21.7,0,1
969.2,21.7,0,1
969.4,21.71,0,1
969.6,21.71,0,1
969.8,21.71,0,1
970.0,21.72,0,1
970.2,21.72,0,1
970.4,21.73,0,1
970.6,21.73,0,1
970.8,21.74,0,1
971.0,21.75,0,1
971.2,21.75,0,1
971.4,21.75,0,1
971.6,21.76,0,1
971.8,21.76,0,1
972.0,21.77,0,1
972.2,21.77,0,1
972.4,21.78,0,1
972.6,21.78,0,1
972.8,21.79,0,1
973.0,21.79,0,1
973.2,21.79,0,1
973.4,21.8,0,1
973.6,21.81,0,1
973.8,21.8,0,1
974.0,21.81,0,1
974.2,21.82,0,1
974.4,21.82,0,1
974.6,21.83,0,1
974.8,21.83,0,1
975.0,21.84,0,1
975.2,21.85,0,1
975.4,21.85,0,1
975.6,21.85,0,1
975.8,21.85,0,1
976.0,21.86,0,1
976.2,21.86,0,1
976.4,21.87,0,1
976.6,21.87,0,1
976.8,21.88,0,1
977.0,21.87,0,1
977.2,21.88,0,1
977.4,21.89,0,1
977.6,21.9,0,1
977.8,21.9,0,1
978.0,21.9,0,1
978.2,21.91,0,1
978.4,21.91,0,1
978.6,21.92,0,1
978.8,21.92,0,1
979.0,21.92,0,1
979.2,21.93,0,1
979.4,21.93,0,1
979.6,21.93,0,1
979.8,21.94,0,1
980.0,21.95,0,1
980.2,21.95,0,1
980.4,21.96,0,1
980.6,21.96,0,1
980.8,21.97,0,1
981.0,21.97,0,1
981.2,21.98,0,1
981.4,21.98,0,1
981.6,21.98,0,1
981.8,21.99,0,1
982.0,21.99,0,1
982.2,22.0,0,1
982.4,22.0,0,1
982.6,22.01,0,1
982.8,22.0,0,1
983.0,22.01,0,1
983.2,22.01,0,1
983.4,22.02,0,1
983.6,22.02,0,1
983.8,22.03,0,1
984.0,22.04,0,1
984.2,22.04,0,1
984.4,22.05,0,1
984.6,22.04,0,1
984.8,22.05,0,1
985.0,22.06,0,1
985.2,22.06,0,1
985.4,22.07,0,1
985.6,22.06,0,1
985.8,22.07,0,1
986.0,22.07,0,1
986.2,22.08,0,1
986.4,22.08,0,1
986.6,22.09,0,1
986.8,22.09,0,1
987.0,22.09,0,1
987.2,22.09,0,1
987.4,22.1,0,1
987.6,22.11,0,1
987.8,22.11,0,1
988.0,22.11,0,1
988.2,22.12,0,1
988.4,22.12,0,1
988.6,22.13,0,1
988.8,22.13,0,1
989.0,22.13,0,1
989.2,22.14,0,1
989.4,22.14,0,1
989.6,22.15,0,1
989.8,22.15,0,1
990.0,22.15,0,1
990.2,22.15,0,1
990.4,22.16,0,1
990.6,22.16,0,1
990.8,22.16,0,1
991.0,22.17,0,1
991.2,22.18,0,1
991.4,22.18,0,1
991.6,22.18,0,1
991.8,22.19,0,1
992.0,22.19,0,1
992.2,22.2,0,1
992.4,22.2,0,1
992.6,22.2,0,1
992.8,22.2,0,1
993.0,22.21,0,1
993.2,22.21,0,1
993.4,22.21,0,1
993.6,22.22,0,1
993.8,22.22,0,1
994.0,22.22,0,1
994.2,22.23,0,1
994.4,22.23,0,1
994.6,22.24,0,1
994.8,22.24,0,1
995.0,22.24,0,1
995.2,22.24,0,1
995.4,22.24,0,1
995.6,22.25,0,1
995.8,22.26,0,1
996.0,22.26,0,1
996.2,22.27,0,1
996.4,22.27,0,1
996.6,22.27,0,1
996.8,22.28,0,1
997.0,22.28,0,1
997.2,22.28,0,1
997.4,22.28,0,1
997.6,22.29,0,1
997.8,22.29,0,1
998.0,22.29,0,1
998.2,22.3,0,1
998.4,22.3,0,1
998.6,22.3,0,1
998.8,22.31,0,1
999.0,22.31,0,1
999.2,22.32,0,1
999.4,22.32,0,1
999.6,22.32,0,1
999.8,22.32,0,1
1000.0,22.33,0,1
1000.2,22.33,0,1
1000.4,22.34,0,1
1000.6,22.34,0,1
1000.8,22.34,0,1
1001.0,22.34,0,1
1001.2,22.35,0,1
1001.4,22.35,0,1
1001.6,22.35,0,1
1001.8,22.36,0,1
1002.0,22.36,0,1
1002.2,22.36,0,1
1002.4,22.36,0,1
1002.6,22.37,0,1
1002.8,22.37,0,1
1003.0,22.38,0,1
1003.2,22.38,0,1
1003.4,22.38,0,1
1003.6,22.39,0,1
1003.8,22.38,0,1
1004.0,22.39,0,1
1004.2,22.39,0,1
1004.4,22.4,0,1
1004.6,22.4,0,1
1004.8,22.41,0,1
1005.0,22.4,0,1
1005.2,22.41,0,1
1005.4,22.41,0,1
1005.6,22.41,0,1
1005.8,22.42,0,1
1006.0,22.42,0,1
1006.2,22.43,0,1
1006.4,22.43,0,1
1006.6,22.44,0,1
1006.8,22.43,0,1
1007.0,22.44,0,1
1007.2,22.44,0,1
1007.4,22.44,0,1
1007.6,22.45,0,1
1007.8,22.45,0,1
1008.0,22.45,0,1
1008.2,22.45,0,1
1008.4,22.45,0,1
1008.6,22.46,0,1
1008.8,22.46,0,1
1009.0,22.46,0,1
1009.2,22.46,0,1
1009.4,22.47,0,1
1009.6,22.47,0,1
1009.8,22.48,0,1
1010.0,22.48,0,1
1010.2,22.48,0,1
1010.4,22.48,0,1
1010.6,22.48,0,1
1010.8,22.49,0,1
1011.0,22.49,0,1
1011.2,22.5,0,1
1011.4,22.49,0,1
1011.6,22.5,0,1
1011.8,22.5,0,1
1012.0,22.51,0,1
1012.2,22.51,0,1
1012.4,22.51,0,1
1012.6,22.51,0,1
1012.8,22.51,0,1
1013.0,22.52,0,1
1013.2,22.52,0,1
1013.4,22.52,0,1
1013.6,22.52,0,1
1013.8,22.53,0,1
1014.0,22.53,0,1
1014.2,22.53,0,1
1014.4,22.53,0,1
1014.6,22.54,0,1
1014.8,22.54,0,1
1015.0,22.55,0,1
1015.2,22.55,0,1
1015.4,22.54,0,1
1015.6,22.55,0,1
1015.8,22.55,0,1
1016.0,22.55,0,1
1016.2,22.56,0,1
1016.4,22.56,0,1
1016.6,22.56,0,1
1016.8,22.56,0,1
1017.0,22.56,0,1
1017.2,22.57,0,1
1017.4,22.57,0,1
1017.6,22.57,0,1
1017.8,22.58,0,1
1018.0,22.58,0,1
1018.2,22.58,0,1
1018.4,22.58,0,1
1018.6,22.59,0,1
1018.8,22.59,0,1
1019.0,22.59,0,1
1019.2,22.59,0,1
1019.4,22.6,0,1
1019.6,22.6,0,1
1019.8,22.61,0,1
1020.0,22.6,0,1
1020.2,22.61,0,1
1020.4,22.61,0,1
1020.6,22.61,0,1
1020.8,22.61,0,1
1021.0,22.62,0,1
1021.2,22.62,0,1
1021.4,22.62,0,1
1021.6,22.63,0,1
1021.8,22.62,0,1
1022.0,22.63,0,1
1022.2,22.63,0,1
1022.4,22.63,0,1
1022.6,22.63,0,1
1022.8,22.64,0,1
1023.0,22.64,0,1
1023.2,22.64,0,1
1023.4,22.65,0,1
1023.6,22.65,0,1
1023.8,22.65,0,1
1024.0,22.66,0,1
1024.2,22.65,0,1
1024.4,22.66,0,1
1024.6,22.66,0,1
1024.8,22.66,0,1
1025.0,22.67,0,1
1025.2,22.67,0,1
1025.4,22.66,0,1
1025.6,22.67,0,1
1025.8,22.68,0,1
1026.0,22.68,0,1
1026.2,22.68,0,1
1026.4,22.69,0,1
1026.6,22.68,0,1
1026.8,22.68,0,1
1027.0,22.69,0,1
1027.2,22.69,0,1
1027.4,22.69,0,1
1027.6,22.7,0,1
1027.8,22.7,0,1
1028.0,22.7,0,1
1028.2,22.7,0,1
1028.4,22.7,0,1
1028.6,22.71,0,1
1028.8,22.71,0,1
1029.0,22.71,0,1
1029.2,22.71,0,1
1029.4,22.71,0,1
1029.6,22.71,0,1
1029.8,22.71,0,1
1030.0,22.72,0,1
1030.2,22.72,0,1
1030.4,22.72,0,1
1030.6,22.73,0,1
1030.8,22.73,0,1
1031.0,22.74,0,1
1031.2,22.73,0,1
1031.4,22.73,0,1
1031.6,22.74,0,1
1031.8,22.75,0,1
1032.0,22.74,0,1
1032.2,22.75,0,1
1032.4,22.75,0,1
1032.6,22.75,0,1
1032.8,22.75,0,1
1033.0,22.75,0,1
1033.2,22.76,0,1
1033.4,22.76,0,1
1033.6,22.76,0,1
1033.8,22.76,0,1
1034.0,22.77,0,1
1034.2,22.77,0,1
1034.4,22.76,0,1
1034.6,22.77,0,1
1034.8,22.77,0,1
1035.0,22.77,0,1
1035.2,22.77,0,1
1035.4,22.79,0,1
1035.6,22.78,0,1
1035.8,22.78,0,1
1036.0,22.78,0,1
1036.2,22.79,0,1
1036.4,22.79,0,1
1036.6,22.79,0,1
1036.8,22.78,0,1
1037.0,22.8,0,1
1037.2,22.8,0,1
1037.4,22.8,0,1
1037.6,22.8,0,1
1037.8,22.8,0,1
1038.0,22.81,0,1
1038.2,22.81,0,1
1038.4,22.81,0,1
1038.6,22.81,0,1
1038.8,22.81,0,1
1039.0,22.81,0,1
1039.2,22.82,0,1
1039.4,22.82,0,1
1039.6,22.82,0,1
1039.8,22.82,0,1
1040.0,22.82,0,1
1040.2,22.82,0,1
1040.4,22.82,0,1
1040.6,22.83,0,1
1040.8,22.83,0,1
1041.0,22.83,0,1
1041.2,22.84,0,1
1041.4,22.84,0,1
1041.6,22.84,0,1
1041.8,22.84,0,1
1042.0,22.84,0,1
1042.2,22.84,0,1
1042.4,22.85,0,1
1042.6,22.85,0,1
1042.8,22.85,0,1
1043.0,22.86,0,1
1043.2,22.85,0,1
1043.4,22.85,0,1
1043.6,22.86,0,1
1043.8,22.86,0,1
1044.0,22.86,0,1
1044.2,22.86,0,1
1044.4,22.86,0,1
1044.6,22.87,0,1
1044.8,22.87,0,1
1045.0,22.87,0,1
1045.2,22.87,0,1
1045.4,22.88,0,1
1045.6,22.88,0,1
1045.8,22.88,0,1
1046.0,22.88,0,1
1046.2,22.88,0,1
1046.4,22.88,0,1
1046.6,22.88,0,1
1046.8,22.89,0,1
1047.0,22.88,0,1
1047.2,22.89,0,1
1047.4,22.9,0,1
1047.6,22.89,0,1
1047.8,22.9,0,1
1048.0,22.9,0,1
1048.2,22.9,0,1
1048.4,22.9,0,1
1048.6,22.9,0,1
1048.8,22.9,0,1
1049.0,22.91,0,1
1049.2,22.9,0,1
1049.4,22.91,0,1
1049.6,22.91,0,1
1049.8,22.91,0,1
1050.0,22.92,0,1
1050.2,22.91,0,1
1050.4,22.92,0,1
1050.6,22.92,0,1
1050.8,22.91,0,1
1051.0,22.92,0,1
1051.2,22.92,0,1
1051.4,22.93,0,1
1051.6,22.92,0,1
1051.8,22.93,0,1
1052.0,22.93,0,1
1052.2,22.94,0,1
1052.4,22.93,0,1
1052.6,22.94,0,1
1052.8,22.94,0,1
1053.0,22.94,0,1
1053.2,22.94,0,1
1053.4,22.94,0,1
1053.6,22.94,0,1
1053.8,22.94,0,1
1054.0,22.94,0,1
1054.2,22.95,0,1
1054.4,22.96,0,1
1054.6,22.95,0,1
1054.8,22.95,0,1
1055.0,22.96,0,1
1055.2,22.96,0,1
1055.4,22.96,0,1
1055.6,22.96,0,1
1055.8,22.96,0,1
1056.0,22.97,0,1
1056.2,22.97,0,1
1056.4,22.97,0,1
1056.6,22.97,0,1
1056.8,22.97,0,1
1057.0,22.97,0,1
1057.2,22.98,0,1
1057.4,22.98,0,1
1057.6,22.98,0,1
1057.8,22.98,0,1
1058.0,22.99,0,1
1058.2,22.99,0,1
1058.4,22.99,0,1
1058.6,22.99,0,1
1058.8,22.98,0,1
1059.0,22.99,0,1
1059.2,22.99,0,1
1059.4,22.99,0,1
1059.6,22.99,0,1
1059.8,23.0,0,1
1060.0,23.0,0,1
1060.2,23.0,0,1
1060.4,23.0,0,1
1060.6,23.01,0,1
1060.8,23.01,0,1
1061.0,23.01,0,1
1061.2,23.0,0,1
1061.4,23.01,0,1
1061.6,23.01,0,1
1061.8,23.01,0,1
1062.0,23.01,0,1
1062.2,23.02,0,1
1062.4,23.02,0,1
1062.6,23.01,0,1
1062.8,23.02,0,1
1063.0,23.02,0,1
1063.2,23.03,0,1
1063.4,23.02,0,1
1063.6,23.02,0,1
1063.8,23.02,0,1
1064.0,23.02,0,1
1064.2,23.03,0,1
1064.4,23.03,0,1
1064.6,23.03,0,1
1064.8,23.03,0,1
1065.0,23.03,0,1
1065.2,23.04,0,1
1065.4,23.03,0,1
1065.6,23.04,0,1
1065.8,23.03,0,1
1066.0,23.03,0,1
1066.2,23.04,0,1
1066.4,23.04,0,1
1066.6,23.05,0,1
1066.8,23.04,0,1
1067.0,23.05,0,1
1067.2,23.04,0,1
1067.4,23.05,0,1
1067.6,23.05,0,1
1067.8,23.05,0,1
1068.0,23.05,0,1
1068.2,23.06,0,1
1068.4,23.05,0,1
1068.6,23.05,0,1
1068.8,23.06,0,1
1069.0,23.06,0,1
1069.2,23.06,0,1
1069.4,23.06,0,1
1069.6,23.06,0,1
1069.8,23.06,0,1
1070.0,23.06,0,1
1070.2,23.07,0,1
1070.4,23.06,0,1
1070.6,23.07,0,1
1070.8,23.07,0,1
1071.0,23.07,0,1
1071.2,23.07,0,1
1071.4,23.07,0,1
1071.6,23.07,0,1
1071.8,23.07,0,1
1072.0,23.08,0,1
1072.2,23.08,0,1
1072.4,23.08,0,1
1072.6,23.08,0,1
1072.8,23.09,0,1
1073.0,23.09,0,1
1073.2,23.08,0,1
1073.4,23.08,0,1
1073.6,23.09,0,1
1073.8,23.09,0,1
1074.0,23.09,0,1
1074.2,23.09,0,1
1074.4,23.09,0,1
1074.6,23.1,0,1
1074.8,23.1,0,1
1075.0,23.09,0,1
1075.2,23.1,0,1
1075.4,23.1,0,1
1075.6,23.1,0,1
1075.8,23.1,0,1
1076.0,23.1,0,1
1076.2,23.11,0,1
1076.4,23.1,0,1
1076.6,23.1,0,1
1076.8,23.11,0,1
1077.0,23.11,0,1
1077.2,23.11,0,1
1077.4,23.11,0,1
1077.6,23.11,0,1
1077.8,23.11,0,1
1078.0,23.11,0,1
1078.2,23.11,0,1
1078.4,23.11,0,1
1078.6,23.12,0,1
1078.8,23.11,0,1
1079.0,23.12,0,1
1079.2,23.13,0,1
1079.4,23.12,0,1
1079.6,23.13,0,1
1079.8,23.12,0,1
1080.0,23.12,0,1
1080.2,23.13,0,1
1080.4,23.13,0,1
1080.6,23.13,0,1
1080.8,23.13,0,1
1081.0,23.13,0,1
1081.2,23.13,0,1
1081.4,23.13,0,1
1081.6,23.13,0,1
1081.8,23.13,0,1
1082.0,23.13,0,1
1082.2,23.13,0,1
1082.4,23.14,0,1
1082.6,23.14,0,1
1082.8,23.13,0,1
1083.0,23.14,0,1
1083.2,23.14,0,1
1083.4,23.15,0,1
1083.6,23.14,0,1
1083.8,23.14,0,1
1084.0,23.14,0,1
1084.2,23.15,0,1
1084.4,23.15,0,1
1084.6,23.15,0,1
1084.8,23.15,0,1
1085.0,23.15,0,1
1085.2,23.16,0,1
1085.4,23.15,0,1
1085.6,23.16,0,1
1085.8,23.15,0,1
1086.0,23.16,0,1
1086.2,23.15,0,1
1086.4,23.16,0,1
1086.6,23.16,0,1
1086.8,23.16,0,1
1087.0,23.16,0,1
1087.2,23.17,0,1
1087.4,23.16,0,1
1087.6,23.16,0,1
1087.8,23.17,0,1
1088.0,23.17,0,1
1088.2,23.17,0,1
1088.4,23.17,0,1
1088.6,23.17,0,1
1088.8,23.17,0,1
1089.0,23.17,0,1
1089.2,23.17,0,1
1089.4,23.17,0,1
1089.6,23.18,0,1
1089.8,23.18,0,1
1090.0,23.18,0,1
1090.2,23.18,0,1
1090.4,23.18,0,1
1090.6,23.18,0,1
1090.8,23.18,0,1
1091.0,23.19,0,1
1091.2,23.19,0,1
1091.4,23.19,0,1
1091.6,23.19,0,1
1091.8,23.18,0,1
1092.0,23.19,0,1
1092.2,23.19,0,1
1092.4,23.19,0,1
1092.6,23.19,0,1
1092.8,23.19,0,1
1093.0,23.19,0,1
1093.2,23.19,0,1
1093.4,23.19,0,1
1093.6,23.19,0,1
1093.8,23.2,0,1
1094.0,23.2,0,1
1094.2,23.2,0,1
1094.4,23.2,0,1
1094.6,23.2,0,1
1094.8,23.2,0,1
1095.0,23.2,0,1
1095.2,23.2,0,1
1095.4,23.2,0,1
1095.6,23.21,0,1
1095.8,23.2,0,1
1096.0,23.21,0,1
1096.2,23.21,0,1
1096.4,23.21,0,1
1096.6,23.21,0,1
1096.8,23.21,0,1
1097.0,23.21,0,1
1097.2,23.21,0,1
1097.4,23.22,0,1
1097.6,23.21,0,1
1097.8,23.21,0,1
1098.0,23.22,0,1
1098.2,23.23,0,1
1098.4,23.22,0,1
1098.6,23.22,0,1
1098.8,23.22,0,1
1099.0,23.22,0,1
1099.2,23.22,0,1
1099.4,23.23,0,1
1099.6,23.23,0,1
1099.8,23.23,0,1
1100.0,23.23,0,1
1100.2,23.23,0,1
1100.4,23.23,0,1
1100.6,23.23,0,1
1100.8,23.23,0,1
1101.0,23.23,0,1
1101.2,23.23,0,1
1101.4,23.21,1,1
1101.6,23.14,2,1
1101.8,23.14,2,1
1102.0,23.14,2,1
1102.2,23.11,2,1
1102.4,23.14,3,1
1102.6,23.16,4,1
1102.8,23.14,5,1
1103.0,23.15,6,1
1103.2,23.15,6,1
1103.4,23.15,7,1
1103.6,23.16,8,1
1103.8,23.18,8,1
1104.0,23.18,10,1
1104.2,23.2,11,1
1104.4,23.21,11,1
1104.6,23.22,12,1
1104.8,23.24,12,1
1105.0,23.24,12,1
1105.2,23.26,12,1
1105.4,23.28,12,1
1105.6,23.3,12,1
1105.8,23.32,12,1
1106.0,23.34,12,1
1106.2,23.37,12,1
1106.4,23.38,12,1
1106.6,23.4,12,1
1106.8,23.42,12,1
1107.0,23.44,12,1
1107.2,23.46,12,1
1107.4,23.48,12,1
1107.6,23.49,12,1
1107.8,23.53,12,1
1108.0,23.54,12,1
1108.2,23.58,12,1
1108.4,23.59,12,1
1108.6,23.61,12,1
1108.8,23.63,12,1
1109.0,23.65,12,1
1109.2,23.67,12,1
1109.4,23.68,12,1
1109.6,23.7,13,1
1109.8,23.73,13,1
1110.0,23.75,13,1
1110.2,23.76,13,1
1110.4,23.79,13,1
1110.6,23.81,13,1
1110.8,23.83,13,1
1111.0,23.85,13,1
1111.2,23.86,13,1
1111.4,23.88,13,1
1111.6,23.9,13,1
1111.8,23.93,13,1
1112.0,23.95,13,1
1112.2,23.97,13,1
1112.4,23.99,13,1
1112.6,24.01,13,1
1112.8,24.02,13,1
1113.0,24.03,13,1
1113.2,24.05,13,1
1113.4,24.07,13,1
1113.6,24.09,13,1
1113.8,24.12,13,1
1114.0,24.14,13,1
1114.2,24.16,13,1
1114.4,24.17,13,1
1114.6,24.2,13,1
1114.8,24.21,13,1
1115.0,24.22,13,1
1115.2,24.23,13,1
1115.4,24.26,13,1
1115.6,24.27,13,1
1115.8,24.29,13,1
1116.0,24.31,13,1
1116.2,24.33,13,1
1116.4,24.34,13,1
1116.6,24.36,13,1
1116.8,24.37,13,1
1117.0,24.38,13,1
1117.2,24.4,13,1
1117.4,24.41,13,1
1117.6,24.44,13,1
1117.8,24.45,13,1
1118.0,24.47,13,1
1118.2,24.49,13,1
1118.4,24.51,13,1
1118.6,24.52,13,1
1118.8,24.53,13,1
1119.0,24.55,13,1
1119.2,24.56,13,1
1119.4,24.58,13,1
1119.6,24.6,13,1
1119.8,24.61,13,1
1120.0,24.63,13,1
1120.2,24.65,13,1
1120.4,24.66,13,1
1120.6,24.68,13,1
1120.8,24.68,13,1
1121.0,24.7,13,1
1121.2,24.71,13,1
1121.4,24.73,13,1
1121.6,24.75,13,1
1121.8,24.76,13,1
1122.0,24.78,13,1
1122.2,24.8,13,1
1122.4,24.81,13,1
1122.6,24.81,13,1
1122.8,24.83,13,1
1123.0,24.84,13,1
1123.2,24.86,13,1
1123.4,24.88,13,1
1123.6,24.9,13,1
1123.8,24.91,13,1
1124.0,24.93,13,1
1124.2,24.95,13,1
1124.4,24.96,13,1
1124.6,24.96,13,1
1124.8,24.98,13,1
1125.0,24.99,13,1
1125.2,25.02,13,1
1125.4,25.03,13,1
1125.6,25.3,13,1
1125.8,25.28,13,1
1126.0,25.3,13,1
1126.2,25.32,13,1
1126.4,25.33,13,1
1126.6,25.31,13,1
1126.8,25.32,13,1
1127.0,25.35,13,1
1127.2,25.36,13,1
1127.4,25.38,13,1
1127.6,25.37,13,1
1127.8,25.38,13,1
1128.0,25.38,13,1
1128.2,25.39,13,1
1128.4,25.41,13,1
1128.6,25.4,13,1
1128.8,25.42,13,1
1129.0,25.44,13,1
1129.2,25.44,13,1
1129.4,25.45,13,1
1129.6,25.47,13,1
1129.8,25.48,13,1
1130.0,25.49,13,1
1130.2,25.5,13,1
1130.4,25.51,13,1
1130.6,25.51,13,1
1130.8,25.51,13,1
1131.0,25.53,13,1
1131.2,25.55,13,1
1131.4,25.55,13,1
1131.6,25.57,13,1
1131.8,25.59,13,1
1132.0,25.62,13,1
1132.2,25.63,13,1
1132.4,25.62,13,1
1132.6,25.64,13,1
1132.8,25.64,13,1
1133.0,25.66,13,1
1133.2,25.66,13,1
1133.4,25.68,13,1
1133.6,25.69,13,1
1133.8,25.71,13,1
1134.0,25.72,13,1
1134.2,25.73,13,1
1134.4,25.74,13,1
1134.6,25.75,13,1
1134.8,25.76,13,1
1135.0,25.78,13,1
1135.2,25.79,13,1
1135.4,25.8,13,1
1135.6,25.81,13,1
1135.8,25.82,13,1
1136.0,25.83,13,1
1136.2,25.82,13,1
1136.4,25.84,13,1
1136.6,25.86,13,1
1136.8,25.88,13,1
1137.0,25.88,13,1
1137.2,25.9,13,1
1137.4,25.93,13,1
1137.6,25.93,13,1
1137.8,25.95,13,1
1138.0,25.95,13,1
1138.2,25.96,13,1
1138.4,25.98,13,1
1138.6,26.0,13,1
1138.8,25.99,13,1
1139.0,26.01,13,1
1139.2,26.03,13,1
1139.4,26.03,13,1
1139.6,26.05,13,1
1139.8,26.07,13,1
1140.0,26.07,13,1
1140.2,26.08,13,1
1140.4,26.07,13,1
1140.6,26.09,13,1
1140.8,26.1,13,1
1141.0,26.11,13,1
1141.2,26.13,13,1
1141.4,26.16,13,1
1141.6,26.16,13,1
1141.8,26.15,13,1
1142.0,26.16,13,1
1142.2,26.17,13,1
1142.4,26.18,13,1
1142.6,26.2,13,1
1142.8,26.21,13,1
1143.0,26.21,13,1
1143.2,26.24,13,1
1143.4,26.25,13,1
1143.6,26.25,13,1
1143.8,26.25,13,1
1144.0,26.27,13,1
1144.2,26.27,13,1
1144.4,26.29,13,1
1144.6,26.3,13,1
1144.8,26.31,13,1
1145.0,26.32,13,1
1145.2,26.33,13,1
1145.4,26.34,13,1
1145.6,26.35,13,1
1145.8,26.35,13,1
1146.0,26.36,13,1
1146.2,26.37,13,1
1146.4,26.39,13,1
1146.6,26.39,13,1
1146.8,26.4,13,1
1147.0,26.41,13,1
1147.2,26.43,13,1
1147.4,26.45,13,1
1147.6,26.43,13,1
1147.8,26.44,13,1
1148.0,26.48,13,1
1148.2,26.49,13,1
1148.4,26.49,13,1
1148.6,26.49,13,1
1148.8,26.51,13,1
1149.0,26.52,13,1
1149.2,26.53,13,1
1149.4,26.55,13,1
1149.6,26.54,13,1
1149.8,26.55,13,1
1150.0,26.56,13,1
1150.2,26.57,13,1
1150.4,26.59,13,1
1150.6,26.59,13,1
1150.8,26.6,13,1
1151.0,26.61,13,1
1151.2,26.61,13,1
1151.4,26.62,13,1
1151.6,26.64,13,1
1151.8,26.64,13,1
1152.0,26.65,13,1
1152.2,26.67,13,1
1152.4,26.66,13,1
1152.6,26.68,13,1
1152.8,26.69,13,1
1153.0,26.69,13,1
1153.2,26.7,13,1
1153.4,26.7,13,1
1153.6,26.7,13,1
1153.8,26.72,13,1
1154.0,26.74,13,1
1154.2,26.74,13,1
1154.4,26.75,13,1
1154.6,26.76,13,1
1154.8,26.77,13,1
1155.0,26.78,13,1
1155.2,26.79,13,1
1155.4,26.79,13,1
1155.6,26.81,13,1
1155.8,26.81,13,1
1156.0,26.82,13,1
1156.2,26.84,13,1
1156.4,26.84,13,1
1156.6,26.85,13,1
1156.8,26.86,13,1
1157.0,26.87,13,1
1157.2,26.87,13,1
1157.4,26.88,13,1
1157.6,26.89,13,1
1157.8,26.9,13,1
1158.0,26.91,13,1
1158.2,26.91,13,1
1158.4,26.93,13,1
1158.6,26.94,13,1
1158.8,26.92,13,1
1159.0,26.94,13,1
1159.2,26.93,13,1
1159.4,26.95,13,1
1159.6,26.96,13,1
1159.8,26.98,13,1
1160.0,26.97,13,1
1160.2,26.98,13,1
1160.4,26.99,13,1
1160.6,26.99,13,1
1160.8,27.0,13,1
1161.0,27.0,13,1
1161.2,27.01,13,1
1161.4,27.03,13,1
1161.6,27.03,13,1
1161.8,27.04,13,1
1162.0,27.05,13,1
1162.2,27.05,13,1
1162.4,27.07,13,1
1162.6,27.07,13,1
1162.8,27.08,13,1
1163.0,27.08,13,1
1163.2,27.1,13,1
1163.4,27.09,13,1
1163.6,27.12,13,1
1163.8,27.12,13,1
1164.0,27.13,13,1
1164.2,27.13,13,1
1164.4,27.15,13,1
1164.6,27.19,13,1
1164.8,27.19,13,1
1165.0,27.2,13,1
1165.2,27.21,13,1
1165.4,27.21,13,1
1165.6,27.23,13,1
1165.8,27.23,13,1
1166.0,27.24,13,1
1166.2,27.93,13,1
1166.4,26.99,13,1
1166.6,27.0,13,1
1166.8,26.99,13,1
1167.0,27.01,13,1
1167.2,27.01,13,1
1167.4,27.02,13,1
1167.6,27.03,13,1
1167.8,27.04,13,1
1168.0,27.05,13,1
1168.2,27.05,13,1
1168.4,27.06,13,1
1168.6,27.07,13,1
1168.8,27.06,13,1
1169.0,27.07,13,1
1169.2,27.08,13,1
1169.4,27.09,13,1
1169.6,27.1,13,1
1169.8,27.11,13,1
1170.0,27.13,13,1
1170.2,27.13,13,1
1170.4,27.13,13,1
1170.6,27.13,13,1
1170.8,27.14,13,1
1171.0,27.15,13,1
1171.2,27.16,13,1
1171.4,27.16,13,1
1171.6,27.18,13,1
1171.8,27.18,13,1
1172.0,27.2,13,1
1172.2,27.2,13,1
1172.4,27.21,13,1
1172.6,27.21,13,1
1172.8,27.21,13,1
1173.0,27.22,13,1
1173.2,27.23,13,1
1173.4,27.24,13,1
1173.6,27.24,13,1
1173.8,27.26,13,1
1174.0,27.27,13,1
1174.2,27.27,13,1
1174.4,27.28,13,1
1174.6,27.27,13,1
1174.8,27.28,13,1
1175.0,27.29,13,1
1175.2,27.3,13,1
1175.4,27.31,13,1
1175.6,27.31,13,1
1175.8,27.32,13,1
1176.0,27.33,13,1
1176.2,27.33,13,1
1176.4,27.34,13,1
1176.6,27.33,13,1
1176.8,27.35,13,1
1177.0,27.36,13,1
1177.2,27.36,13,1
1177.4,27.37,13,1
1177.6,27.38,13,1
1177.8,27.38,13,1
1178.0,27.39,13,1
1178.2,27.4,13,1
1178.4,27.4,13,1
1178.6,27.4,13,1
1178.8,27.4,13,1
1179.0,27.42,13,1
1179.2,27.43,13,1
1179.4,27.44,13,1
1179.6,27.44,13,1
1179.8,27.45,13,1
1180.0,27.46,13,1
1180.2,27.45,13,1
1180.4,27.46,13,1
1180.6,27.47,13,1
1180.8,27.47,13,1
1181.0,27.49,13,1
1181.2,27.49,13,1
1181.4,27.5,13,1
1181.6,27.51,13,1
1181.8,27.51,13,1
1182.0,27.52,13,1
1182.2,27.51,13,1
1182.4,27.51,13,1
1182.6,27.52,13,1
1182.8,27.54,13,1
1183.0,27.55,13,1
1183.2,27.55,13,1
1183.4,27.56,13,1
1183.6,27.57,13,1
1183.8,27.57,13,1
1184.0,27.57,13,1
1184.2,27.57,13,1
1184.4,27.58,13,1
1184.6,27.58,13,1
1184.8,27.59,13,1
1185.0,27.6,13,1
1185.2,27.6,13,1
1185.4,27.61,13,1
1185.6,27.62,13,1
1185.8,27.62,13,1
1186.0,27.61,13,1
1186.2,27.63,13,1
1186.4,27.63,13,1
1186.6,27.65,13,1
1186.8,27.65,13,1
1187.0,27.65,13,1
1187.2,27.66,13,1
1187.4,27.68,13,1
1187.6,27.67,13,1
1187.8,27.68,13,1
1188.0,27.68,13,1
1188.2,27.68,13,1
1188.4,27.68,13,1
1188.6,27.7,13,1
1188.8,27.7,13,1
1189.0,27.71,13,1
1189.2,27.72,13,1
1189.4,27.72,13,1
1189.6,27.73,13,1
1189.8,27.72,13,1
1190.0,27.74,13,1
1190.2,27.73,13,1
1190.4,27.74,13,1
1190.6,27.75,13,1
1190.8,27.76,13,1
1191.0,27.76,13,1
1191.2,27.77,13,1
1191.4,27.77,13,1
1191.6,27.78,13,1
1191.8,27.78,13,1
1192.0,27.78,13,1
1192.2,27.79,13,1
1192.4,27.8,13,1
1192.6,27.81,13,1
1192.8,27.81,13,1
1193.0,27.82,13,1
1193.2,27.82,13,1
1193.4,27.83,13,1
1193.6,27.83,13,1
1193.8,27.83,13,1
1194.0,27.83,13,1
1194.2,27.84,13,1
1194.4,27.85,13,1
1194.6,27.85,13,1
1194.8,27.86,13,1
1195.0,27.87,13,1
1195.2,27.87,13,1
1195.4,27.88,13,1
1195.6,27.87,13,1
1195.8,27.88,13,1
1196.0,27.88,13,1
1196.2,27.89,13,1
1196.4,27.9,13,1
1196.6,27.9,13,1
1196.8,27.9,13,1
1197.0,27.92,13,1
1197.2,27.92,13,1
1197.4,27.92,13,1
1197.6,27.91,13,1
1197.8,27.93,13,1
1198.0,27.93,13,1
1198.2,27.94,13,1
1198.4,27.95,13,1
1198.6,27.96,13,1
1198.8,27.96,13,1
1199.0,27.97,13,1
1199.2,27.98,13,1
1199.4,27.97,13,1
1199.6,27.97,13,1
1199.8,27.98,13,1
1200.0,27.98,13,1
1200.2,27.99,13,1
1200.4,28.0,13,1
1200.6,28.0,13,1
1200.8,28.0,13,1
1201.0,28.01,13,1
1201.2,28.01,13,1
1201.4,28.01,13,1
1201.6,28.02,13,1
1201.8,28.02,13,1
1202.0,28.04,13,1
1202.2,28.03,13,1
1202.4,28.04,13,1
1202.6,28.05,13,1
1202.8,28.06,13,1
1203.0,28.06,13,1
1203.2,28.06,13,1
1203.4,28.06,13,1
1203.6,28.06,13,1
1203.8,28.07,13,1
1204.0,28.08,13,1
1204.2,28.08,13,1
1204.4,28.09,13,1
1204.6,28.09,13,1
1204.8,28.1,13,1
1205.0,28.1,13,1
1205.2,28.1,13,1
1205.4,28.11,13,1
1205.6,28.11,13,1
1205.8,28.12,13,1
1206.0,28.12,13,1
1206.2,28.13,13,1
1206.4,28.14,13,1
1206.6,28.14,13,1
1206.8,28.14,13,1
1207.0,28.15,13,1
1207.2,28.14,13,1
1207.4,28.15,13,1
1207.6,28.15,13,1
1207.8,28.16,13,1
1208.0,28.16,13,1
1208.2,28.17,13,1
1208.4,28.17,13,1
1208.6,28.18,13,1
1208.8,28.19,13,1
1209.0,28.17,13,1
1209.2,28.18,13,1
1209.4,28.18,13,1
1209.6,28.2,13,1
1209.8,28.2,13,1
1210.0,28.21,13,1
1210.2,28.21,13,1
1210.4,28.22,13,1
1210.6,28.22,13,1
1210.8,28.23,13,1
1211.0,28.22,13,1
1211.2,28.22,13,1
1211.4,28.23,13,1
1211.6,28.23,13,1
1211.8,28.24,13,1
1212.0,28.25,13,1
1212.2,28.25,13,1
1212.4,28.26,13,1
1212.6,28.26,13,1
1212.8,28.26,13,1
1213.0,28.26,13,1
1213.2,28.26,13,1
1213.4,28.27,13,1
1213.6,28.28,13,1
1213.8,28.28,13,1
1214.0,28.29,13,1
1214.2,28.29,13,1
1214.4,28.29,13,1
1214.6,28.3,13,1
1214.8,28.29,13,1
1215.0,28.3,13,1
1215.2,28.3,13,1
1215.4,28.31,13,1
1215.6,28.31,13,1
1215.8,28.32,13,1
1216.0,28.32,13,1
1216.2,28.33,13,1
1216.4,28.33,13,1
1216.6,28.34,13,1
1216.8,28.33,13,1
1217.0,28.34,13,1
1217.2,28.34,13,1
1217.4,28.35,13,1
1217.6,28.35,13,1
1217.8,28.36,13,1
1218.0,28.37,13,1
1218.2,28.36,13,1
1218.4,28.37,13,1
1218.6,28.37,13,1
1218.8,28.36,13,1
1219.0,28.37,13,1
1219.2,28.37,13,1
1219.4,28.39,13,1
1219.6,28.39,13,1
1219.8,28.39,13,1
1220.0,28.4,13,1
1220.2,28.4,13,1
1220.4,28.41,13,1
1220.6,28.4,13,1
1220.8,28.41,13,1
1221.0,28.41,13,1
1221.2,28.42,13,1
1221.4,28.42,13,1
1221.6,28.42,13,1
1221.8,28.43,13,1
1222.0,28.43,13,1
1222.2,28.43,13,1
1222.4,28.44,13,1
1222.6,28.44,13,1
1222.8,28.44,13,1
1223.0,28.44,13,1
1223.2,28.45,13,1
1223.4,28.46,13,1
1223.6,28.46,13,1
1223.8,28.46,13,1
1224.0,28.47,13,1
1224.2,28.47,13,1
1224.4,28.47,13,1
1224.6,28.47,13,1
1224.8,28.47,13,1
1225.0,28.48,13,1
1225.2,28.48,13,1
1225.4,28.49,13,1
1225.6,28.49,13,1
1225.8,28.5,13,1
1226.0,28.5,13,1
1226.2,28.53,13,1
1226.4,28.53,13,1
1226.6,28.53,13,1
1226.8,28.52,13,1
1227.0,28.53,13,1
1227.2,28.53,13,1
1227.4,28.54,13,1
1227.6,28.54,13,1
1227.8,28.55,13,1
1228.0,28.55,13,1
1228.2,28.54,13,1
1228.4,28.54,13,1
1228.6,28.55,13,1
1228.8,28.55,13,1
1229.0,28.56,13,1
1229.2,28.57,13,1
1229.4,28.57,13,1
1229.6,28.57,13,1
1229.8,28.58,13,1
1230.0,28.58,13,1
1230.2,28.57,13,1
1230.4,28.57,13,1
1230.6,28.58,13,1
1230.8,28.59,13,1
1231.0,28.6,13,1
1231.2,28.6,13,1
1231.4,28.6,13,1
1231.6,28.61,13,1
1231.8,28.61,13,1
1232.0,28.61,13,1
1232.2,28.61,13,1
1232.4,28.61,13,1
1232.6,28.61,13,1
1232.8,28.62,13,1
1233.0,28.62,13,1
1233.2,28.62,13,1
1233.4,28.63,13,1
1233.6,28.63,13,1
1233.8,28.64,13,1
1234.0,28.63,13,1
1234.2,28.63,13,1
1234.4,28.63,13,1
1234.6,28.64,13,1
1234.8,28.65,13,1
1235.0,28.65,13,1
1235.2,28.65,13,1
1235.4,28.66,13,1
1235.6,28.67,13,1
1235.8,28.67,13,1
1236.0,28.66,13,1
1236.2,28.66,13,1
1236.4,28.66,13,1
1236.6,28.68,13,1
1236.8,28.68,13,1
1237.0,28.68,13,1
1237.2,28.69,13,1
1237.4,28.69,13,1
1237.6,28.69,13,1
1237.8,28.69,13,1
1238.0,28.69,13,1
1238.2,28.69,13,1
1238.4,28.69,13,1
1238.6,28.7,13,1
1238.8,28.71,13,1
1239.0,28.71,13,1
1239.2,28.71,13,1
1239.4,28.71,13,1
1239.6,28.71,13,1
1239.8,28.71,13,1
1240.0,28.71,13,1
1240.2,28.71,13,1
1240.4,28.72,13,1
1240.6,28.72,13,1
1240.8,28.73,13,1
1241.0,28.74,13,1
1241.2,28.73,13,1
1241.4,28.74,13,1
1241.6,28.75,13,1
1241.8,28.74,13,1
1242.0,28.74,13,1
1242.2,28.74,13,1
1242.4,28.75,13,1
1242.6,28.75,13,1
1242.8,28.75,13,1
1243.0,28.76,13,1
1243.2,28.76,13,1
1243.4,28.77,13,1
1243.6,28.76,13,1
1243.8,28.77,13,1
1244.0,28.76,13,1
1244.2,28.77,13,1
1244.4,28.77,13,1
1244.6,28.77,13,1
1244.8,28.78,13,1
1245.0,28.78,13,1
1245.2,28.79,13,1
1245.4,28.79,13,1
1245.6,28.78,13,1
1245.8,28.79,13,1
1246.0,28.79,13,1
1246.2,28.79,13,1
1246.4,28.8,13,1
1246.6,28.8,13,1
1246.8,28.81,13,1
1247.0,28.81,13,1
1247.2,28.82,13,1
1247.4,28.8,13,1
1247.6,28.81,13,1
1247.8,28.81,13,1
1248.0,28.81,13,1
1248.2,28.82,13,1
1248.4,28.83,13,1
1248.6,28.82,13,1
1248.8,28.83,13,1
1249.0,28.84,13,1
1249.2,28.84,13,1
1249.4,28.83,13,1
1249.6,28.83,13,1
1249.8,28.83,13,1
1250.0,28.84,13,1
1250.2,28.84,13,1
1250.4,28.85,13,1
1250.6,28.86,13,1
1250.8,28.85,13,1
1251.0,28.86,13,1
1251.2,28.86,13,1
1251.4,28.85,13,1
1251.6,28.86,13,1
1251.8,28.86,13,1
1252.0,28.86,13,1
1252.2,28.87,13,1
1252.4,28.87,13,1
1252.6,28.87,13,1
1252.8,28.87,13,1
1253.0,28.88,13,1
1253.2,28.87,13,1
1253.4,28.87,13,1
1253.6,28.88,13,1
1253.8,28.89,13,1
1254.0,28.89,13,1
1254.2,28.89,13,1
1254.4,28.89,13,1
1254.6,28.9,13,1
1254.8,28.9,13,1
1255.0,28.91,13,1
1255.2,28.9,13,1
1255.4,28.9,13,1
1255.6,28.91,13,1
1255.8,28.91,13,1
1256.0,28.91,13,1
1256.2,28.91,13,1
1256.4,28.92,13,1
1256.6,28.92,13,1
1256.8,28.93,13,1
1257.0,28.92,13,1
1257.2,28.92,13,1
1257.4,28.92,13,1
1257.6,28.92,13,1
1257.8,28.93,13,1
1258.0,28.93,13,1
1258.2,28.92,13,1
1258.4,28.94,13,1
1258.6,28.94,13,1
1258.8,28.94,13,1
1259.0,28.94,13,1
1259.2,28.93,13,1
1259.4,28.94,13,1
1259.6,28.94,13,1
1259.8,28.95,13,1
1260.0,28.95,13,1
1260.2,28.95,13,1
1260.4,28.96,13,1
1260.6,28.96,13,1
1260.8,28.96,13,1
1261.0,28.95,13,1
1261.2,28.96,13,1
1261.4,28.96,13,1
1261.6,28.97,13,1
1261.8,28.97,13,1
1262.0,28.98,13,1
1262.2,28.97,13,1
1262.4,28.98,13,1
1262.6,28.98,13,1
1262.8,28.97,13,1
1263.0,28.98,13,1
1263.2,28.98,13,1
1263.4,28.99,13,1
1263.6,28.99,13,1
1263.8,28.99,13,1
1264.0,28.99,13,1
1264.2,28.99,13,1
1264.4,29.0,13,1
1264.6,29.0,13,1
1264.8,29.0,13,1
1265.0,29.0,13,1
1265.2,29.0,13,1
1265.4,29.01,13,1
1265.6,29.01,13,1
1265.8,29.01,13,1
1266.0,29.02,13,1
1266.2,29.02,13,1
1266.4,29.02,13,1
1266.6,29.01,13,1
1266.8,29.02,13,1
1267.0,29.02,13,1
1267.2,29.01,13,1
1267.4,29.03,13,1
1267.6,29.04,13,1
1267.8,29.03,13,1
1268.0,29.03,13,1
1268.2,29.04,13,1
1268.4,29.03,13,1
1268.6,29.03,13,1
1268.8,29.03,13,1
1269.0,29.03,13,1
1269.2,29.05,13,1
1269.4,29.04,13,1
1269.6,29.04,13,1
1269.8,29.05,13,1
1270.0,29.05,13,1
1270.2,29.06,13,1
1270.4,29.06,13,1
1270.6,29.05,13,1
1270.8,29.05,13,1
1271.0,29.06,13,1
1271.2,29.06,13,1
1271.4,29.07,13,1
1271.6,29.07,13,1
1271.8,29.07,13,1
1272.0,29.07,13,1
1272.2,29.07,13,1
1272.4,29.07,13,1
1272.6,29.07,13,1
1272.8,29.07,13,1
1273.0,29.07,13,1
1273.2,29.06,13,1
1273.4,29.07,13,1
1273.6,29.08,13,1
1273.8,29.08,13,1
1274.0,29.09,13,1
1274.2,29.09,13,1
1274.4,29.08,13,1
1274.6,29.08,13,1
1274.8,29.08,13,1
1275.0,29.08,13,1
1275.2,29.09,13,1
1275.4,29.09,13,1
1275.6,29.09,13,1
1275.8,29.1,13,1
1276.0,29.09,13,1
1276.2,29.09,13,1
1276.4,29.09,13,1
1276.6,29.09,13,1
1276.8,29.09,13,1
1277.0,29.1,13,1
1277.2,29.1,13,1
1277.4,29.11,13,1
1277.6,29.11,13,1
1277.8,29.11,13,1
1278.0,29.12,13,1
1278.2,29.11,13,1
1278.4,29.11,13,1
1278.6,29.11,13,1
1278.8,29.12,13,1
1279.0,29.12,13,1
1279.2,29.12,13,1
1279.4,29.13,13,1
1279.6,29.12,13,1
1279.8,29.13,13,1
1280.0,29.13,13,1
1280.2,29.12,13,1
1280.4,29.13,13,1
1280.6,29.12,13,1
1280.8,29.14,13,1
1281.0,29.13,13,1
1281.2,29.14,13,1
1281.4,29.14,13,1
1281.6,29.14,13,1
1281.8,29.15,13,1
1282.0,29.14,13,1
1282.2,29.14,13,1
1282.4,29.15,13,1
1282.6,29.15,13,1
1282.8,29.16,13,1
1283.0,29.16,13,1
1283.2,29.15,13,1
1283.4,29.15,13,1
1283.6,29.17,13,1
1283.8,29.17,13,1
1284.0,29.15,13,1
1284.2,29.16,13,1
1284.4,29.16,13,1
1284.6,29.17,13,1
1284.8,29.17,13,1
1285.0,29.17,13,1
1285.2,29.17,13,1
1285.4,29.17,13,1
1285.6,29.17,13,1
1285.8,29.17,13,1
1286.0,29.17,13,1
1286.2,29.17,13,1
1286.4,29.17,13,1
1286.6,29.18,13,1
1286.8,29.18,13,1
1287.0,29.19,13,1
1287.2,29.18,13,1
1287.4,29.19,13,1
1287.6,29.19,13,1
1287.8,29.18,13,1
1288.0,29.18,13,1
1288.2,29.18,13,1
1288.4,29.2,13,1
1288.6,29.19,13,1
1288.8,29.2,13,1
1289.0,29.2,13,1
1289.2,29.21,13,1
1289.4,29.21,13,1
1289.6,29.2,13,1
1289.8,29.2,13,1
1290.0,29.19,13,1
1290.2,29.2,13,1
1290.4,29.21,13,1
1290.6,29.21,13,1
1290.8,29.21,13,1
1291.0,29.22,13,1
1291.2,29.22,13,1
1291.4,29.22,13,1
1291.6,29.21,13,1
1291.8,29.22,13,1
1292.0,29.22,13,1
1292.2,29.22,13,1
1292.4,29.23,13,1
1292.6,29.23,13,1
1292.8,29.23,13,1
1293.0,29.23,13,1
1293.2,29.23,13,1
1293.4,29.24,13,1
1293.6,29.23,13,1
1293.8,29.23,13,1
1294.0,29.23,13,1
1294.2,29.24,13,1
1294.4,29.24,13,1
1294.6,29.24,13,1
1294.8,29.25,13,1
1295.0,29.24,13,1
1295.2,29.25,13,1
1295.4,29.24,13,1
1295.6,29.24,13,1
1295.8,29.24,13,1
1296.0,29.24,13,1
1296.2,29.25,13,1
1296.4,29.25,13,1
1296.6,29.25,13,1
1296.8,29.26,13,1
1297.0,29.26,13,1
1297.2,29.26,13,1
1297.4,29.25,13,1
1297.6,29.25,13,1
1297.8,29.26,13,1
1298.0,29.26,13,1
1298.2,29.26,13,1
1298.4,29.26,13,1
1298.6,29.27,13,1
1298.8,29.27,13,1
1299.0,29.27,13,1
1299.2,29.28,13,1
1299.4,29.26,13,1
1299.6,29.26,13,1
1299.8,29.26,13,1
1300.0,29.28,13,1
1300.2,29.27,13,1
1300.4,29.28,13,1
1300.6,29.28,13,1
1300.8,29.28,13,1
1301.0,29.29,13,1
1301.2,29.28,13,1
1301.4,29.28,13,1
1301.6,29.28,13,1
1301.8,29.29,13,1
1302.0,29.29,13,1
1302.2,29.29,13,1
1302.4,29.29,13,1
1302.6,29.3,13,1
1302.8,29.34,13,1
1303.0,29.31,13,1
1303.2,29.3,13,1
1303.4,29.3,13,1
1303.6,29.3,13,1
1303.8,29.31,13,1
1304.0,29.31,13,1
1304.2,29.31,13,1
1304.4,29.32,13,1
1304.6,29.32,13,1
1304.8,29.32,13,1
1305.0,29.31,13,1
1305.2,29.31,13,1
1305.4,29.31,13,1
1305.6,29.32,13,1
1305.8,29.32,13,1
1306.0,29.33,13,1
1306.2,29.33,13,1
1306.4,29.33,13,1
1306.6,29.33,13,1
1306.8,29.33,13,1
1307.0,29.32,13,1
1307.2,29.32,13,1
1307.4,29.32,13,1
1307.6,29.33,13,1
1307.8,29.33,13,1
1308.0,29.33,13,1
1308.2,29.34,13,1
1308.4,29.34,13,1
1308.6,29.34,13,1
1308.8,29.34,13,1
1309.0,29.33,13,1
1309.2,29.34,13,1
1309.4,29.33,13,1
1309.6,29.34,13,1
1309.8,29.34,13,1
1310.0,29.35,13,1
1310.2,29.35,13,1
1310.4,29.35,13,1
1310.6,29.35,13,1
1310.8,29.34,13,1
1311.0,29.35,13,1
1311.2,29.36,13,1
1311.4,29.36,13,1
1311.6,29.36,13,1
1311.8,29.36,13,1
1312.0,29.36,13,1
1312.2,29.37,13,1
1312.4,29.36,13,1
1312.6,29.36,13,1
1312.8,29.37,13,1
1313.0,29.37,13,1
1313.2,29.37,13,1
1313.4,29.39,13,1
1313.6,29.38,13,1
1313.8,29.39,13,1
1314.0,29.39,13,1
1314.2,29.39,13,1
1314.4,29.39,13,1
1314.6,29.38,13,1
1314.8,29.39,13,1
1315.0,29.38,13,1
1315.2,29.39,13,1
1315.4,29.39,13,1
1315.6,29.39,13,1
1315.8,29.4,13,1
1316.0,29.4,13,1
1316.2,29.4,13,1
1316.4,29.4,13,1
1316.6,29.39,13,1
1316.8,29.39,13,1
1317.0,29.39,13,1
1317.2,29.4,13,1
1317.4,29.4,13,1
1317.6,29.4,13,1
1317.8,29.41,13,1
1318.0,29.4,13,1
1318.2,29.4,13,1
1318.4,29.41,13,1
1318.6,29.4,13,1
1318.8,29.4,13,1
1319.0,29.4,13,1
1319.2,29.41,13,1
1319.4,29.41,13,1
1319.6,29.42,13,1
1319.8,29.42,13,1
1320.0,29.41,13,1
1320.2,29.42,13,1
1320.4,29.4,13,1
1320.6,29.41,13,1
1320.8,29.42,13,1
1321.0,29.42,13,1
1321.2,29.42,13,1
1321.4,29.42,13,1
1321.6,29.41,13,1
1321.8,29.43,13,1
1322.0,29.43,13,1
1322.2,29.42,13,1
1322.4,29.41,13,1
1322.6,29.42,13,1
1322.8,29.42,13,1
1323.0,29.42,13,1
1323.2,29.43,13,1
1323.4,29.43,13,1
1323.6,29.43,13,1
1323.8,29.43,13,1
1324.0,29.44,13,1
1324.2,29.43,13,1
1324.4,29.43,13,1
1324.6,29.43,13,1
1324.8,29.43,13,1
1325.0,29.44,13,1
1325.2,29.44,13,1
1325.4,29.44,13,1
1325.6,29.45,13,1
1325.8,29.44,13,1
1326.0,29.44,13,1
1326.2,29.43,13,1
1326.4,29.44,13,1
1326.6,29.44,13,1
1326.8,29.44,13,1
1327.0,29.45,13,1
1327.2,29.45,13,1
1327.4,29.45,13,1
1327.6,29.45,13,1
1327.8,29.45,13,1
1328.0,29.45,13,1
1328.2,29.45,13,1
1328.4,29.45,13,1
1328.6,29.45,13,1
1328.8,29.46,13,1
1329.0,29.45,13,1
1329.2,29.45,13,1
1329.4,29.46,13,1
1329.6,29.46,13,1
1329.8,29.46,13,1
1330.0,29.45,13,1
1330.2,29.45,13,1
1330.4,29.44,13,1
1330.6,29.48,13,1
1330.8,29.46,13,1
1331.0,29.46,13,1
1331.2,29.46,13,1
1331.4,29.47,13,1
1331.6,29.46,13,1
1331.8,29.48,13,1
1332.0,29.46,13,1
1332.2,29.47,13,1
1332.4,29.46,13,1
1332.6,29.48,13,1
1332.8,29.47,13,1
1333.0,29.47,13,1
1333.2,29.48,13,1
1333.4,29.47,13,1
1333.6,29.47,13,1
1333.8,29.48,13,1
1334.0,29.48,13,1
1334.2,29.47,13,1
1334.4,29.48,13,1
1334.6,29.48,13,1
1334.8,29.49,13,1
1335.0,29.48,13,1
1335.2,29.49,13,1
1335.4,29.49,13,1
1335.6,29.49,13,1
1335.8,29.48,13,1
1336.0,29.48,13,1
1336.2,29.48,13,1
1336.4,29.48,13,1
1336.6,29.48,13,1
1336.8,29.49,13,1
1337.0,29.48,13,1
1337.2,29.49,13,1
1337.4,29.49,13,1
1337.6,29.49,13,1
1337.8,29.48,13,1
1338.0,29.48,13,1
1338.2,29.48,13,1
1338.4,29.49,13,1
1338.6,29.49,13,1
1338.8,29.49,13,1
1339.0,29.5,13,1
1339.2,29.5,13,1
1339.4,29.5,13,1
1339.6,29.49,13,1
1339.8,29.49,13,1
1340.0,29.49,13,1
1340.2,29.5,13,1
1340.4,29.49,13,1
1340.6,29.5,13,1
1340.8,29.5,13,1
1341.0,29.5,13,1
1341.2,29.5,13,1
1341.4,29.51,13,1
1341.6,29.5,13,1
1341.8,29.49,13,1
1342.0,29.5,13,1
1342.2,29.5,13,1
1342.4,29.5,13,1
1342.6,29.5,13,1
1342.8,29.5,13,1
1343.0,29.5,13,1
1343.2,29.51,13,1
1343.4,29.49,13,1
1343.6,29.49,13,1
1343.8,29.49,13,1
1344.0,29.5,13,1
1344.2,29.5,13,1
1344.4,29.5,13,1
1344.6,29.51,13,1
1344.8,29.51,13,1
1345.0,29.51,13,1
1345.2,29.51,13,1
1345.4,29.5,13,1
1345.6,29.51,13,1
1345.8,29.5,13,1
1346.0,29.51,13,1
1346.2,29.51,13,1
1346.4,29.51,13,1
1346.6,29.51,13,1
1346.8,29.52,13,1
1347.0,29.51,13,1
1347.2,29.52,13,1
1347.4,29.51,13,1
1347.6,29.51,13,1
1347.8,29.51,13,1
1348.0,29.51,13,1
1348.2,29.52,13,1
1348.4,29.51,13,1
1348.6,29.52,13,1
1348.8,29.52,13,1
1349.0,29.52,13,1
1349.2,29.51,13,1
1349.4,29.52,13,1
1349.6,29.51,13,1
1349.8,29.52,13,1
1350.0,29.53,13,1
1350.2,29.5,20,1
1350.4,29.5,20,1
1350.6,29.52,21,1
1350.8,29.51,22,1
1351.0,29.51,22,1
1351.2,29.54,24,1
1351.4,29.56,24,1
1351.6,29.56,24,1
1351.8,29.58,24,1
1352.0,29.6,25,1
1352.2,29.61,25,1
1352.4,29.64,25,1
1352.6,29.65,25,1
1352.8,29.67,25,1
1353.0,29.68,25,1
1353.2,29.7,25,1
1353.4,29.73,25,1
1353.6,29.74,25,1
1353.8,29.77,25,1
1354.0,29.79,25,1
1354.2,29.81,25,1
1354.4,29.83,25,1
1354.6,29.86,25,1
1354.8,29.88,25,1
1355.0,29.89,25,1
1355.2,29.91,25,1
1355.4,29.94,25,1
1355.6,29.98,25,1
1355.8,30.0,25,1
1356.0,30.02,25,1
1356.2,30.04,25,1
1356.4,30.05,25,1
1356.6,30.07,25,1
1356.8,30.09,25,1
1357.0,30.1,25,1
1357.2,30.12,25,1
1357.4,30.14,25,1
1357.6,30.17,25,1
1357.8,30.18,25,1
1358.0,30.2,25,1
1358.2,30.22,25,1
1358.4,30.24,25,1
1358.6,30.26,25,1
1358.8,30.27,25,1
1359.0,30.29,25,1
1359.2,30.3,25,1
1359.4,30.33,25,1
1359.6,30.35,25,1
1359.8,30.36,25,1
1360.0,30.38,25,1
1360.2,30.4,25,1
1360.4,30.41,25,1
1360.6,30.43,25,1
1360.8,30.44,25,1
1361.0,30.45,25,1
1361.2,30.46,25,1
1361.4,30.49,25,1
1361.6,30.49,25,1
1361.8,30.51,25,1
1362.0,30.53,25,1
1362.2,30.54,25,1
1362.4,30.55,25,1
1362.6,30.56,25,1
1362.8,30.58,25,1
1363.0,30.59,25,1
1363.2,30.62,25,1
1363.4,30.63,25,1
1363.6,30.65,25,1
1363.8,30.67,25,1
1364.0,30.69,25,1
1364.2,30.82,25,1
1364.4,30.82,25,1
1364.6,30.83,25,1
1364.8,30.85,25,1
1365.0,30.86,25,1
1365.2,30.87,25,1
1365.4,30.88,25,1
1365.6,30.91,25,1
1365.8,30.93,25,1
1366.0,30.94,25,1
1366.2,30.95,25,1
1366.4,30.96,25,1
1366.6,30.97,25,1
1366.8,30.99,25,1
1367.0,31.0,25,1
1367.2,31.02,25,1
1367.4,31.03,25,1
1367.6,31.04,25,1
1367.8,31.07,25,1
1368.0,31.07,25,1
1368.2,31.09,25,1
1368.4,31.09,25,1
1368.6,31.11,25,1
1368.8,31.11,25,1
1369.0,31.14,25,1
1369.2,31.16,25,1
1369.4,31.17,25,1
1369.6,31.18,25,1
1369.8,31.2,25,1
1370.0,31.21,25,1
1370.2,31.22,25,1
1370.4,31.23,25,1
1370.6,31.23,25,1
1370.8,31.25,25,1
1371.0,31.27,25,1
1371.2,31.28,25,1
1371.4,31.29,25,1
1371.6,31.31,25,1
1371.8,31.32,25,1
1372.0,31.34,25,1
1372.2,31.34,25,1
1372.4,31.35,25,1
1372.6,31.36,25,1
1372.8,31.37,25,1
1373.0,31.4,25,1
1373.2,31.41,25,1
1373.4,31.42,25,1
1373.6,31.43,25,1
1373.8,31.45,25,1
1374.0,31.45,25,1
1374.2,31.46,25,1
1374.4,31.48,25,1
1374.6,31.49,25,1
1374.8,31.51,25,1
1375.0,31.51,25,1
1375.2,31.52,25,1
1375.4,31.54,25,1
1375.6,31.55,25,1
1375.8,31.56,25,1
1376.0,31.57,25,1
1376.2,31.58,25,1
1376.4,31.59,25,1
1376.6,31.59,25,1
1376.8,31.62,25,1
1377.0,31.63,25,1
1377.2,31.64,25,1
1377.4,31.65,25,1
1377.6,31.67,25,1
1377.8,31.68,25,1
1378.0,31.68,25,1
1378.2,31.69,25,1
1378.4,31.7,25,1
1378.6,31.72,25,1
1378.8,31.73,25,1
1379.0,31.75,25,1
1379.2,31.75,25,1
1379.4,31.77,25,1
1379.6,31.78,25,1
1379.8,31.79,25,1
1380.0,31.79,25,1
1380.2,31.8,25,1
1380.4,31.82,25,1
1380.6,31.83,25,1
1380.8,31.85,25,1
1381.0,31.85,25,1
1381.2,31.86,25,1
1381.4,31.88,25,1
1381.6,31.89,25,1
1381.8,31.89,25,1
1382.0,31.9,25,1
1382.2,31.91,25,1
1382.4,31.92,25,1
1382.6,31.95,25,1
1382.8,31.96,25,1
1383.0,31.96,25,1
1383.2,31.97,25,1
1383.4,31.99,25,1
1383.6,32.0,25,1
1383.8,31.97,25,1
1384.0,32.05,25,1
1384.2,31.97,25,1
1384.4,31.97,25,1
1384.6,31.98,25,1
1384.8,31.97,25,1
1385.0,31.98,25,1
1385.2,31.99,25,1
1385.4,32.0,25,1
1385.6,32.01,25,1
1385.8,32.01,25,1
1386.0,32.02,25,1
1386.2,32.03,25,1
1386.4,32.05,25,1
1386.6,32.06,25,1
1386.8,32.07,25,1
1387.0,32.08,25,1
1387.2,32.1,25,1
1387.4,32.1,25,1
1387.6,32.1,25,1
1387.8,32.11,25,1
1388.0,32.12,25,1
1388.2,32.14,25,1
1388.4,32.15,25,1
1388.6,32.16,25,1
1388.8,32.16,25,1
1389.0,32.18,25,1
1389.2,32.19,25,1
1389.4,32.2,25,1
1389.6,32.19,25,1
1389.8,32.2,25,1
1390.0,32.22,25,1
1390.2,32.24,25,1
1390.4,32.24,25,1
1390.6,32.25,25,1
1390.8,32.26,25,1
1391.0,32.27,25,1
1391.2,32.28,25,1
1391.4,32.28,25,1
1391.6,32.29,25,1
1391.8,32.3,25,1
1392.0,32.31,25,1
1392.2,32.33,25,1
1392.4,32.33,25,1
1392.6,32.34,25,1
1392.8,32.35,25,1
1393.0,32.36,25,1
1393.2,32.38,25,1
1393.4,32.37,25,1
1393.6,32.38,25,1
1393.8,32.39,25,1
1394.0,32.41,25,1
1394.2,32.42,25,1
1394.4,32.43,25,1
1394.6,32.44,25,1
1394.8,32.44,25,1
1395.0,32.45,25,1
1395.2,32.46,25,1
1395.4,32.46,25,1
1395.6,32.47,25,1
1395.8,32.48,25,1
1396.0,32.49,25,1
1396.2,32.5,25,1
1396.4,32.51,25,1
1396.6,32.53,25,1
1396.8,32.53,25,1
1397.0,32.54,25,1
1397.2,32.55,25,1
1397.4,32.55,25,1
1397.6,32.56,25,1
1397.8,32.57,25,1
1398.0,32.58,25,1
1398.2,32.59,25,1
1398.4,32.59,25,1
1398.6,32.6,25,1
1398.8,32.61,25,1
1399.0,32.62,25,1
1399.2,32.62,25,1
1399.4,32.63,25,1
1399.6,32.64,25,1
1399.8,32.65,25,1
1400.0,32.66,25,1
1400.2,32.67,25,1
1400.4,32.68,25,1
1400.6,32.69,25,1
1400.8,32.69,25,1
1401.0,32.7,25,1
1401.2,32.7,25,1
1401.4,32.72,25,1
1401.6,32.72,25,1
1401.8,32.73,25,1
1402.0,32.74,25,1
1402.2,32.75,25,1
1402.4,32.76,25,1
1402.6,32.76,25,1
1402.8,32.78,25,1
1403.0,32.77,25,1
1403.2,32.79,25,1
1403.4,32.79,25,1
1403.6,32.8,25,1
1403.8,32.82,25,1
1404.0,32.82,25,1
1404.2,32.83,25,1
1404.4,32.84,25,1
1404.6,32.84,25,1
1404.8,32.85,25,1
1405.0,32.85,25,1
1405.2,32.86,25,1
1405.4,32.87,25,1
1405.6,32.88,25,1
1405.8,32.87,25,1
1406.0,32.88,25,1
1406.2,32.88,25,1
1406.4,32.9,25,1
1406.6,32.9,25,1
1406.8,32.9,25,1
1407.0,32.91,25,1
1407.2,32.92,25,1
1407.4,32.93,25,1
1407.6,32.93,25,1
1407.8,32.94,25,1
1408.0,32.95,25,1
1408.2,32.95,25,1
1408.4,32.97,25,1
1408.6,32.97,25,1
1408.8,32.98,25,1
1409.0,32.98,25,1
1409.2,32.99,25,1
1409.4,33.01,25,1
1409.6,33.01,25,1
1409.8,33.01,25,1
1410.0,33.03,25,1
1410.2,33.04,25,1
1410.4,33.04,25,1
1410.6,33.04,25,1
1410.8,33.05,25,1
1411.0,33.06,25,1
1411.2,33.07,25,1
1411.4,33.07,25,1
1411.6,33.08,25,1
1411.8,33.09,25,1
1412.0,33.09,25,1
1412.2,33.1,25,1
1412.4,33.11,25,1
1412.6,33.11,25,1
1412.8,33.11,25,1
1413.0,33.12,25,1
1413.2,33.14,25,1
1413.4,33.14,25,1
1413.6,33.15,25,1
1413.8,33.16,25,1
1414.0,33.17,25,1
1414.2,33.17,25,1
1414.4,33.17,25,1
1414.6,33.18,25,1
1414.8,33.19,25,1
1415.0,33.19,25,1
1415.2,33.2,25,1
1415.4,33.21,25,1
1415.6,33.21,25,1
1415.8,33.23,25,1
1416.0,33.23,25,1
1416.2,33.24,25,1
1416.4,33.24,25,1
1416.6,33.24,25,1
1416.8,33.26,25,1
1417.0,33.26,25,1
1417.2,33.26,25,1
1417.4,33.28,25,1
1417.6,33.28,25,1
1417.8,33.29,25,1
1418.0,33.3,25,1
1418.2,33.3,25,1
1418.4,33.31,25,1
1418.6,33.31,25,1
1418.8,33.31,25,1
1419.0,33.33,25,1
1419.2,33.33,25,1
1419.4,33.35,25,1
1419.6,33.35,25,1
1419.8,33.35,25,1
1420.0,33.36,25,1
1420.2,33.36,25,1
1420.4,33.37,25,1
1420.6,33.37,25,1
1420.8,33.38,25,1
1421.0,33.4,25,1
1421.2,33.4,25,1
1421.4,33.41,25,1
1421.6,33.41,25,1
1421.8,33.42,25,1
1422.0,33.42,25,1
1422.2,33.42,25,1
1422.4,33.43,25,1
1422.6,33.43,25,1
1422.8,33.45,25,1
1423.0,33.45,25,1
1423.2,33.46,25,1
1423.4,33.47,25,1
1423.6,33.48,25,1
1423.8,33.48,25,1
1424.0,33.49,25,1
1424.2,33.49,25,1
1424.4,33.49,25,1
1424.6,33.5,25,1
1424.8,33.51,25,1
1425.0,33.51,25,1
1425.2,33.52,25,1
1425.4,33.53,25,1
1425.6,33.53,25,1
1425.8,33.54,25,1
1426.0,33.54,25,1
1426.2,33.54,25,1
1426.4,33.54,25,1
1426.6,33.56,25,1
1426.8,33.57,25,1
1427.0,33.58,25,1
1427.2,33.57,25,1
1427.4,33.58,25,1
1427.6,33.59,25,1
1427.8,33.6,25,1
1428.0,33.6,25,1
1428.2,33.6,25,1
1428.4,33.6,25,1
1428.6,33.62,25,1
1428.8,33.62,25,1
1429.0,33.62,25,1
1429.2,33.64,25,1
1429.4,33.64,25,1
1429.6,33.65,25,1
1429.8,33.65,25,1
1430.0,33.65,25,1
1430.2,33.65,25,1
1430.4,33.67,25,1
1430.6,33.67,25,1
1430.8,33.68,25,1
1431.0,33.68,25,1
1431.2,33.69,25,1
1431.4,33.7,25,1
1431.6,33.7,25,1
1431.8,33.7,25,1
1432.0,33.71,25,1
1432.2,33.71,25,1
1432.4,33.72,25,1
1432.6,33.73,25,1
1432.8,33.73,25,1
1433.0,33.74,25,1
1433.2,33.74,25,1
1433.4,33.75,25,1
1433.6,33.76,25,1
1433.8,33.75,25,1
1434.0,33.76,25,1
1434.2,33.76,25,1
1434.4,33.77,25,1
1434.6,33.78,25,1
1434.8,33.78,25,1
1435.0,33.79,25,1
1435.2,33.8,25,1
1435.4,33.8,25,1
1435.6,33.8,25,1
1435.8,33.8,25,1
1436.0,33.81,25,1
1436.2,33.82,25,1
1436.4,33.83,25,1
1436.6,33.83,25,1
1436.8,33.84,25,1
1437.0,33.85,25,1
1437.2,33.85,25,1
1437.4,33.85,25,1
1437.6,33.85,25,1
1437.8,33.86,25,1
1438.0,33.86,25,1
1438.2,33.87,25,1
1438.4,33.88,25,1
1438.6,33.88,25,1
1438.8,33.89,25,1
1439.0,33.9,25,1
1439.2,33.9,25,1
1439.4,33.89,25,1
1439.6,33.9,25,1
1439.8,33.91,25,1
1440.0,33.91,25,1
1440.2,33.92,25,1
1440.4,33.92,25,1
1440.6,33.93,25,1
1440.8,33.94,25,1
1441.0,33.94,25,1
1441.2,33.94,25,1
1441.4,33.93,25,1
1441.6,33.95,25,1
1441.8,33.95,25,1
1442.0,33.96,25,1
1442.2,33.96,25,1
1442.4,33.97,25,1
1442.6,33.97,25,1
1442.8,33.97,25,1
1443.0,33.98,25,1
1443.2,33.99,25,1
1443.4,33.99,25,1
1443.6,33.99,25,1
1443.8,34.0,25,1
1444.0,34.01,25,1
1444.2,34.01,25,1
1444.4,34.02,25,1
1444.6,34.02,25,1
1444.8,34.02,25,1
1445.0,34.03,25,1
1445.2,34.02,25,1
1445.4,34.03,25,1
1445.6,34.03,25,1
1445.8,34.04,25,1
1446.0,34.05,25,1
1446.2,34.05,25,1
1446.4,34.06,25,1
1446.6,34.07,25,1
1446.8,34.07,25,1
1447.0,34.07,25,1
1447.2,34.07,25,1
1447.4,34.08,25,1
1447.6,34.08,25,1
1447.8,34.09,25,1
1448.0,34.1,25,1
1448.2,34.1,25,1
1448.4,34.11,25,1
1448.6,34.11,25,1
1448.8,34.11,25,1
1449.0,34.11,25,1
1449.2,34.11,25,1
1449.4,34.12,25,1
1449.6,34.13,25,1
1449.8,34.13,25,1
1450.0,34.13,25,1
1450.2,34.14,25,1
1450.4,34.14,25,1
1450.6,34.15,25,1
1450.8,34.16,25,1
1451.0,34.15,25,1
1451.2,34.15,25,1
1451.4,34.16,25,1
1451.6,34.17,25,1
1451.8,34.17,25,1
1452.0,34.17,25,1
1452.2,34.18,25,1
1452.4,34.18,25,1
1452.6,34.19,25,1
1452.8,34.19,25,1
1453.0,34.19,25,1
1453.2,34.2,25,1
1453.4,34.2,25,1
1453.6,34.21,25,1
1453.8,34.21,25,1
1454.0,34.21,25,1
1454.2,34.21,25,1
1454.4,34.22,25,1
1454.6,34.23,25,1
1454.8,34.23,25,1
1455.0,34.22,25,1
1455.2,34.23,25,1
1455.4,34.24,25,1
1455.6,34.24,25,1
1455.8,34.25,25,1
1456.0,34.26,25,1
1456.2,34.26,25,1
1456.4,34.27,25,1
1456.6,34.27,25,1
1456.8,34.26,25,1
1457.0,34.27,25,1
1457.2,34.27,25,1
1457.4,34.28,25,1
1457.6,34.28,25,1
1457.8,34.28,25,1
1458.0,34.29,25,1
1458.2,34.3,25,1
1458.4,34.3,25,1
1458.6,34.3,25,1
1458.8,34.3,25,1
1459.0,34.3,25,1
1459.2,34.31,25,1
1459.4,34.32,25,1
1459.6,34.32,25,1
1459.8,34.33,25,1
1460.0,34.33,25,1
1460.2,34.34,25,1
1460.4,34.34,25,1
1460.6,34.33,25,1
1460.8,34.34,25,1
1461.0,34.34,25,1
1461.2,34.35,25,1
1461.4,34.35,25,1
1461.6,34.36,25,1
1461.8,34.37,25,1
1462.0,34.37,25,1
1462.2,34.37,25,1
1462.4,34.38,25,1
1462.6,34.37,25,1
1462.8,34.37,25,1
1463.0,34.38,25,1
1463.2,34.38,25,1
1463.4,34.39,25,1
1463.6,34.39,25,1
1463.8,34.4,25,1
1464.0,34.4,25,1
1464.2,34.41,25,1
1464.4,34.4,25,1
1464.6,34.41,25,1
1464.8,34.41,25,1
1465.0,34.42,25,1
1465.2,34.42,25,1
1465.4,34.43,25,1
1465.6,34.43,25,1
1465.8,34.44,25,1
1466.0,34.44,25,1
1466.2,34.44,25,1
1466.4,34.44,25,1
1466.6,34.44,25,1
1466.8,34.44,25,1
1467.0,34.46,25,1
1467.2,34.46,25,1
1467.4,34.46,25,1
1467.6,34.46,25,1
1467.8,34.47,25,1
1468.0,34.47,25,1
1468.2,34.47,25,1
1468.4,34.47,25,1
1468.6,34.47,25,1
1468.8,34.48,25,1
1469.0,34.48,25,1
1469.2,34.5,25,1
1469.4,34.5,25,1
1469.6,34.5,25,1
1469.8,34.51,25,1
1470.0,34.51,25,1
1470.2,34.5,25,1
1470.4,34.5,25,1
1470.6,34.51,25,1
1470.8,34.52,25,1
1471.0,34.52,25,1
1471.2,34.52,25,1
1471.4,34.53,25,1
1471.6,34.53,25,1
1471.8,34.53,25,1
1472.0,34.53,25,1
1472.2,34.54,25,1
1472.4,34.54,25,1
1472.6,34.54,25,1
1472.8,34.55,25,1
1473.0,34.55,25,1
1473.2,34.55,25,1
1473.4,34.56,25,1
1473.6,34.56,25,1
1473.8,34.56,25,1
1474.0,34.56,25,1
1474.2,34.56,25,1
1474.4,34.57,25,1
1474.6,34.58,25,1
1474.8,34.57,25,1
1475.0,34.59,25,1
1475.2,34.58,25,1
1475.4,34.59,25,1
1475.6,34.6,25,1
1475.8,34.59,25,1
1476.0,34.6,25,1
1476.2,34.6,25,1
1476.4,34.6,25,1
1476.6,34.61,25,1
1476.8,34.62,25,1
1477.0,34.61,25,1
1477.2,34.62,25,1
1477.4,34.62,25,1
1477.6,34.63,25,1
1477.8,34.63,25,1
1478.0,34.62,25,1
1478.2,34.62,25,1
1478.4,34.63,25,1
1478.6,34.64,25,1
1478.8,34.64,25,1
1479.0,34.65,25,1
1479.2,34.65,25,1
1479.4,34.65,25,1
1479.6,34.64,25,1
1479.8,34.65,25,1
1480.0,34.66,25,1
1480.2,34.65,25,1
1480.4,34.67,25,1
1480.6,34.67,25,1
1480.8,34.67,25,1
1481.0,34.67,25,1
1481.2,34.68,25,1
1481.4,34.68,25,1
1481.6,34.68,25,1
1481.8,34.68,25,1
1482.0,34.69,25,1
1482.2,34.68,25,1
1482.4,34.69,25,1
1482.6,34.7,25,1
1482.8,34.7,25,1
1483.0,34.71,25,1
1483.2,34.71,25,1
1483.4,34.7,25,1
1483.6,34.71,25,1
1483.8,34.71,25,1
1484.0,34.7,25,1
1484.2,34.71,25,1
1484.4,34.72,25,1
1484.6,34.72,25,1
1484.8,34.73,25,1
1485.0,34.73,25,1
1485.2,34.73,25,1
1485.4,34.74,25,1
1485.6,34.73,25,1
1485.8,34.74,25,1
1486.0,34.74,25,1
1486.2,34.74,25,1
1486.4,34.75,25,1
1486.6,34.75,25,1
1486.8,34.76,25,1
1487.0,34.76,25,1
1487.2,34.76,25,1
1487.4,34.76,25,1
1487.6,34.76,25,1
1487.8,34.76,25,1
1488.0,34.77,25,1
1488.2,34.78,25,1
1488.4,34.77,25,1
1488.6,34.78,25,1
1488.8,34.78,25,1
1489.0,34.78,25,1
1489.2,34.79,25,1
1489.4,34.78,25,1
1489.6,34.79,25,1
1489.8,34.79,25,1
1490.0,34.79,25,1
1490.2,34.8,25,1
1490.4,34.8,25,1
1490.6,34.8,25,1
1490.8,34.8,25,1
1491.0,34.81,25,1
1491.2,34.81,25,1
1491.4,34.81,25,1
1491.6,34.8,25,1
1491.8,34.81,25,1
1492.0,34.82,25,1
1492.2,34.82,25,1
1492.4,34.82,25,1
1492.6,34.83,25,1
1492.8,34.83,25,1
1493.0,34.84,25,1
1493.2,34.83,25,1
1493.4,34.83,25,1
1493.6,34.83,25,1
1493.8,34.84,25,1
1494.0,34.85,25,1
1494.2,34.85,25,1
1494.4,34.85,25,1
1494.6,34.86,25,1
1494.8,34.86,25,1
1495.0,34.87,25,1
1495.2,34.86,25,1
1495.4,34.86,25,1
1495.6,34.87,25,1
1495.8,34.86,25,1
1496.0,34.87,25,1
1496.2,34.87,25,1
1496.4,34.87,25,1
1496.6,34.88,25,1
1496.8,34.88,25,1
1497.0,34.87,25,1
1497.2,34.87,25,1
1497.4,34.88,25,1
1497.6,34.88,25,1
1497.8,34.88,25,1
1498.0,34.89,25,1
1498.2,34.9,25,1
1498.4,34.89,25,1
1498.6,34.9,25,1
1498.8,34.9,25,1
1499.0,34.9,25,1
1499.2,34.9,25,1
1499.4,34.91,25,1
1499.6,34.91,25,1
1499.8,34.91,25,1
1500.0,34.92,25,1
1500.2,34.92,25,1
1500.4,34.92,25,1
1500.6,34.93,25,1
1500.8,34.93,25,1
1501.0,34.92,25,1
1501.2,34.92,25,1
1501.4,34.93,25,1
1501.6,34.94,25,1
1501.8,34.93,25,1
1502.0,34.94,25,1
1502.2,34.94,25,1
1502.4,34.95,25,1
1502.6,34.95,25,1
1502.8,34.95,25,1
1503.0,34.95,25,1
1503.2,34.95,25,1
1503.4,34.96,25,1
1503.6,34.96,25,1
1503.8,34.95,25,1
1504.0,34.96,25,1
1504.2,34.96,25,1
1504.4,34.97,25,1
1504.6,34.97,25,1
1504.8,34.96,25,1
1505.0,34.96,25,1
1505.2,34.97,25,1
1505.4,34.97,25,1
1505.6,34.97,25,1
1505.8,34.98,25,1
1506.0,34.98,25,1
1506.2,34.98,25,1
1506.4,34.98,25,1
1506.6,34.97,25,1
1506.8,34.99,25,1
1507.0,34.98,25,1
1507.2,34.98,25,1
1507.4,35.0,25,1
1507.6,35.0,25,1
1507.8,34.99,25,1
1508.0,35.0,25,1
1508.2,35.0,25,1
1508.4,35.0,25,1
1508.6,34.99,25,1
1508.8,35.01,25,1
1509.0,35.0,25,1
1509.2,35.01,25,1
1509.4,35.01,25,1
1509.6,35.01,25,1
1509.8,35.02,25,1
1510.0,35.02,25,1
1510.2,35.02,25,1
1510.4,35.03,25,1
1510.6,35.02,25,1
1510.8,35.02,25,1
1511.0,35.02,25,1
1511.2,35.03,25,1
1511.4,35.03,25,1
1511.6,35.04,25,1
1511.8,35.04,25,1
1512.0,35.04,25,1
1512.2,35.05,25,1
1512.4,35.03,25,1
1512.6,35.04,25,1
1512.8,35.04,25,1
1513.0,35.05,25,1
1513.2,35.05,25,1
1513.4,35.06,25,1
1513.6,35.05,25,1
1513.8,35.06,25,1
1514.0,35.06,25,1
1514.2,35.07,25,1
1514.4,35.06,25,1
1514.6,35.06,25,1
1514.8,35.06,25,1
1515.0,35.07,25,1
1515.2,35.07,25,1
1515.4,35.07,25,1
1515.6,35.08,25,1
1515.8,35.09,25,1
1516.0,35.08,25,1
1516.2,35.08,25,1
1516.4,35.08,25,1
1516.6,35.08,25,1
1516.8,35.08,25,1
1517.0,35.08,25,1
1517.2,35.09,25,1
1517.4,35.09,25,1
1517.6,35.1,25,1
1517.8,35.1,25,1
1518.0,35.1,25,1
1518.2,35.09,25,1
1518.4,35.1,25,1
1518.6,35.1,25,1
1518.8,35.11,25,1
1519.0,35.11,25,1
1519.2,35.11,25,1
1519.4,35.11,25,1
1519.6,35.11,25,1
1519.8,35.12,25,1
1520.0,35.12,25,1
1520.2,35.12,25,1
1520.4,35.12,25,1
1520.6,35.11,25,1
1520.8,35.13,25,1
1521.0,35.13,25,1
1521.2,35.13,25,1
1521.4,35.13,25,1
1521.6,35.13,25,1
1521.8,35.14,25,1
1522.0,35.13,25,1
1522.2,35.12,25,1
1522.4,35.13,25,1
1522.6,35.14,25,1
1522.8,35.14,25,1
1523.0,35.14,25,1
1523.2,35.14,25,1
1523.4,35.15,25,1
1523.6,35.16,25,1
1523.8,35.15,25,1
1524.0,35.15,25,1
1524.2,35.15,25,1
1524.4,35.14,25,1
1524.6,35.15,25,1
1524.8,35.16,25,1
1525.0,35.16,25,1
1525.2,35.16,25,1
1525.4,35.16,25,1
1525.6,35.17,25,1
1525.8,35.16,25,1
1526.0,35.17,25,1
1526.2,35.15,25,1
1526.4,35.16,25,1
1526.6,35.17,25,1
1526.8,35.16,25,1
1527.0,35.17,25,1
1527.2,35.17,25,1
1527.4,35.18,25,1
1527.6,35.18,25,1
1527.8,35.17,25,1
1528.0,35.18,25,1
1528.2,35.18,25,1
1528.4,35.18,25,1
1528.6,35.18,25,1
1528.8,35.19,25,1
1529.0,35.19,25,1
1529.2,35.18,25,1
1529.4,35.19,25,1
1529.6,35.2,25,1
1529.8,35.19,25,1
1530.0,35.19,25,1
1530.2,35.19,25,1
1530.4,35.2,25,1
1530.6,35.2,25,1
1530.8,35.2,25,1
1531.0,35.2,25,1
1531.2,35.21,25,1
1531.4,35.21,25,1
1531.6,35.21,25,1
1531.8,35.2,25,1
1532.0,35.22,25,1
1532.2,35.22,25,1
1532.4,35.21,25,1
1532.6,35.21,25,1
1532.8,35.22,25,1
1533.0,35.22,25,1
1533.2,35.22,25,1
1533.4,35.22,25,1
1533.6,35.22,25,1
1533.8,35.22,25,1
1534.0,35.22,25,1
1534.2,35.23,25,1
1534.4,35.23,25,1
1534.6,35.23,25,1
1534.8,35.24,25,1
1535.0,35.24,25,1
1535.2,35.23,25,1
1535.4,35.23,25,1
1535.6,35.24,25,1
1535.8,35.23,25,1
1536.0,35.23,25,1
1536.2,35.24,25,1
1536.4,35.24,25,1
1536.6,35.24,25,1
1536.8,35.24,25,1
1537.0,35.25,25,1
1537.2,35.25,25,1
1537.4,35.25,25,1
1537.6,35.24,25,1
1537.8,35.25,25,1
1538.0,35.26,25,1
1538.2,35.25,25,1
1538.4,35.25,25,1
1538.6,35.26,25,1
1538.8,35.26,25,1
1539.0,35.26,25,1
1539.2,35.26,25,1
1539.4,35.26,25,1
1539.6,35.26,25,1
1539.8,35.26,25,1
1540.0,35.27,25,1
1540.2,35.26,25,1
1540.4,35.27,25,1
1540.6,35.27,25,1
1540.8,35.28,25,1
1541.0,35.28,25,1
1541.2,35.27,25,1
1541.4,35.27,25,1
1541.6,35.26,25,1
1541.8,35.29,25,1
1542.0,35.28,25,1
1542.2,35.28,25,1
1542.4,35.28,25,1
1542.6,35.29,25,1
1542.8,35.3,25,1
1543.0,35.3,25,1
1543.2,35.29,25,1
1543.4,35.29,25,1
1543.6,35.29,25,1
1543.8,35.29,25,1
1544.0,35.29,25,1
1544.2,35.3,25,1
1544.4,35.3,25,1
1544.6,35.3,25,1
1544.8,35.3,25,1
1545.0,35.3,25,1
1545.2,35.3,25,1
1545.4,35.3,25,1
1545.6,35.31,25,1
1545.8,35.3,25,1
1546.0,35.31,25,1
1546.2,35.31,25,1
1546.4,35.31,25,1
1546.6,35.31,25,1
1546.8,35.32,25,1
1547.0,35.31,25,1
1547.2,35.31,25,1
1547.4,35.31,25,1
1547.6,35.31,25,1
1547.8,35.32,25,1
1548.0,35.32,25,1
1548.2,35.32,25,1
1548.4,35.32,25,1
1548.6,35.33,25,1
1548.8,35.33,25,1
1549.0,35.32,25,1
1549.2,35.32,25,1
1549.4,35.33,25,1
1549.6,35.33,25,1
1549.8,35.34,25,1
1550.0,35.33,25,1
1550.2,35.33,25,1
1550.4,35.33,25,1
1550.6,35.33,25,1
1550.8,35.33,25,1
1551.0,35.33,25,1
1551.2,35.33,25,1
1551.4,35.34,25,1
1551.6,35.34,25,1
1551.8,35.34,25,1
1552.0,35.34,25,1
1552.2,35.34,25,1
1552.4,35.35,25,1
1552.6,35.35,25,1
1552.8,35.34,25,1
1553.0,35.34,25,1
1553.2,35.35,25,1
1553.4,35.36,25,1
1553.6,35.34,25,1
1553.8,35.35,25,1
1554.0,35.36,25,1
1554.2,35.36,25,1
1554.4,35.36,25,1
1554.6,35.35,25,1
1554.8,35.35,25,1
1555.0,35.35,25,1
1555.2,35.36,25,1
1555.4,35.36,25,1
1555.6,35.36,25,1
1555.8,35.36,25,1
1556.0,35.37,25,1
1556.2,35.37,25,1
1556.4,35.37,25,1
1556.6,35.36,25,1
1556.8,35.37,25,1
1557.0,35.37,25,1
1557.2,35.38,25,1
1557.4,35.37,25,1
1557.6,35.38,25,1
1557.8,35.38,25,1
1558.0,35.39,25,1
1558.2,35.39,25,1
1558.4,35.38,25,1
1558.6,35.38,25,1
1558.8,35.38,25,1
1559.0,35.38,25,1
1559.2,35.39,25,1
1559.4,35.38,25,1
1559.6,35.39,25,1
1559.8,35.39,25,1
1560.0,35.39,25,1
1560.2,35.4,25,1
1560.4,35.39,25,1
1560.6,35.39,25,1
1560.8,35.39,25,1
1561.0,35.4,25,1
1561.2,35.4,25,1
1561.4,35.4,25,1
1561.6,35.4,25,1
1561.8,35.4,25,1
1562.0,35.41,25,1
1562.2,35.41,25,1
1562.4,35.39,25,1
1562.6,35.4,25,1
1562.8,35.4,25,1
1563.0,35.41,25,1
1563.2,35.4,25,1
1563.4,35.4,25,1
1563.6,35.41,25,1
1563.8,35.41,25,1
1564.0,35.41,25,1
1564.2,35.41,25,1
1564.4,35.41,25,1
1564.6,35.4,25,1
1564.8,35.41,25,1
1565.0,35.41,25,1
1565.2,35.41,25,1
1565.4,35.42,25,1
1565.6,35.42,25,1
1565.8,35.42,25,1
1566.0,35.42,25,1
1566.2,35.41,25,1
1566.4,35.41,25,1
1566.6,35.41,25,1
1566.8,35.42,25,1
1567.0,35.42,25,1
1567.2,35.42,25,1
1567.4,35.43,25,1
1567.6,35.43,25,1
1567.8,35.43,25,1
1568.0,35.43,25,1
1568.2,35.43,25,1
1568.4,35.43,25,1
1568.6,35.43,25,1
1568.8,35.43,25,1
1569.0,35.43,25,1
1569.2,35.43,25,1
1569.4,35.44,25,1
1569.6,35.43,25,1
1569.8,35.43,25,1
1570.0,35.44,25,1
1570.2,35.43,25,1
1570.4,35.44,25,1
1570.6,35.44,25,1
1570.8,35.43,25,1
1571.0,35.43,25,1
1571.2,35.44,25,1
1571.4,35.44,25,1
1571.6,35.45,25,1
1571.8,35.45,25,1
1572.0,35.44,25,1
1572.2,35.44,25,1
1572.4,35.44,25,1
1572.6,35.45,25,1
1572.8,35.46,25,1
1573.0,35.46,25,1
1573.2,35.45,25,1
1573.4,35.46,25,1
1573.6,35.46,25,1
1573.8,35.46,25,1
1574.0,35.44,25,1
1574.2,35.45,25,1
1574.4,35.46,25,1
1574.6,35.45,25,1
1574.8,35.46,25,1
1575.0,35.46,25,1
1575.2,35.46,25,1
1575.4,35.47,25,1
1575.6,35.46,25,1
1575.8,35.46,25,1
1576.0,35.46,25,1
1576.2,35.46,25,1
1576.4,35.48,25,1
1576.6,35.47,25,1
1576.8,35.47,25,1
1577.0,35.47,25,1
1577.2,35.47,25,1
1577.4,35.48,25,1
1577.6,35.48,25,1
1577.8,35.47,25,1
1578.0,35.47,25,1
1578.2,35.47,25,1
1578.4,35.48,25,1
1578.6,35.48,25,1
1578.8,35.48,25,1
1579.0,35.48,25,1
1579.2,35.49,25,1
1579.4,35.48,25,1
1579.6,35.48,25,1
1579.8,35.48,25,1
1580.0,35.48,25,1
1580.2,35.48,25,1
1580.4,35.48,25,1
1580.6,35.48,25,1
1580.8,35.5,25,1
1581.0,35.48,25,1
1581.2,35.5,25,1
1581.4,35.49,25,1
1581.6,35.48,25,1
1581.8,35.49,25,1
1582.0,35.49,25,1
1582.2,35.5,25,1
1582.4,35.5,25,1
1582.6,35.5,25,1
1582.8,35.49,25,1
1583.0,35.51,25,1
1583.2,35.5,25,1
1583.4,35.49,25,1
1583.6,35.5,25,1
1583.8,35.49,25,1
1584.0,35.5,25,1
1584.2,35.5,25,1
1584.4,35.5,25,1
1584.6,35.5,25,1
1584.8,35.51,25,1
1585.0,35.51,25,1
1585.2,35.5,25,1
1585.4,35.5,25,1
1585.6,35.5,25,1
1585.8,35.5,25,1
1586.0,35.51,25,1
1586.2,35.51,25,1
1586.4,35.51,25,1
1586.6,35.51,25,1
1586.8,35.51,25,1
1587.0,35.51,25,1
1587.2,35.52,25,1
1587.4,35.51,25,1
1587.6,35.51,25,1
1587.8,35.51,25,1
1588.0,35.51,25,1
1588.2,35.52,25,1
1588.4,35.52,25,1
1588.6,35.53,25,1
1588.8,35.52,25,1
1589.0,35.52,25,1
1589.2,35.51,25,1
1589.4,35.52,25,1
1589.6,35.52,25,1
1589.8,35.52,25,1
1590.0,35.53,25,1
1590.2,35.52,25,1
1590.4,35.52,25,1
1590.6,35.52,25,1
1590.8,35.53,25,1
1591.0,35.53,25,1
1591.2,35.52,25,1
1591.4,35.52,25,1
1591.6,35.53,25,1
1591.8,35.53,25,1
1592.0,35.53,25,1
1592.2,35.52,25,1
1592.4,35.54,25,1
1592.6,35.53,25,1
1592.8,35.54,25,1
1593.0,35.53,25,1
1593.2,35.53,25,1
1593.4,35.54,25,1
1593.6,35.53,25,1
1593.8,35.54,25,1
1594.0,35.55,25,1
1594.2,35.54,25,1
1594.4,35.55,25,1
1594.6,35.55,25,1
1594.8,35.54,25,1
1595.0,35.54,25,1
1595.2,35.54,25,1
1595.4,35.54,25,1
1595.6,35.55,25,1
1595.8,35.55,25,1
1596.0,35.55,25,1
1596.2,35.56,25,1
1596.4,35.56,25,1
1596.6,35.56,25,1
1596.8,35.56,25,1
1597.0,35.55,25,1
1597.2,35.55,25,1
1597.4,35.56,25,1
1597.6,35.56,25,1
1597.8,35.56,25,1
1598.0,35.56,25,1
1598.2,35.57,25,1
1598.4,35.56,25,1
1598.6,35.56,25,1
1598.8,35.55,25,1
1599.0,35.55,25,1
1599.2,35.56,25,1
1599.4,35.56,25,1
1599.6,35.57,25,1
1599.8,35.57,25,1
1600.0,35.57,25,1
1600.2,35.56,25,1
1600.4,35.57,25,1
1600.6,35.56,25,1
1600.8,35.57,25,1
1601.0,35.56,25,1
1601.2,35.57,25,1
1601.4,35.57,25,1
1601.6,35.57,25,1
1601.8,35.57,25,1
1602.0,35.57,25,1
1602.2,35.58,25,1
1602.4,35.58,25,1
1602.6,35.57,25,1
1602.8,35.56,25,1
1603.0,35.58,25,1
1603.2,35.58,25,1
1603.4,35.58,25,1
1603.6,35.57,25,1
1603.8,35.58,25,1
1604.0,35.59,25,1
1604.2,35.59,25,1
1604.4,35.58,25,1
1604.6,35.58,25,1
1604.8,35.58,25,1
1605.0,35.57,25,1
1605.2,35.59,25,1
1605.4,35.59,25,1
1605.6,35.59,25,1
1605.8,35.59,25,1
1606.0,35.59,25,1
1606.2,35.59,25,1
1606.4,35.59,25,1
1606.6,35.59,25,1
1606.8,35.58,25,1
1607.0,35.58,25,1
1607.2,35.6,25,1
1607.4,35.59,25,1
1607.6,35.59,25,1
1607.8,35.59,25,1
1608.0,35.59,25,1
1608.2,35.6,25,1
1608.4,35.58,25,1
1608.6,35.59,25,1
1608.8,35.59,25,1
1609.0,35.59,25,1
1609.2,35.6,25,1
1609.4,35.6,25,1
1609.6,35.59,25,1
1609.8,35.6,25,1
1610.0,35.6,25,1
1610.2,35.61,25,1
1610.4,35.59,25,1
1610.6,35.6,25,1
1610.8,35.59,25,1
1611.0,35.6,25,1
1611.2,35.6,25,1
1611.4,35.61,25,1
1611.6,35.61,25,1
1611.8,35.61,25,1
1612.0,35.61,25,1
1612.2,35.6,25,1
1612.4,35.61,25,1
1612.6,35.6,25,1
1612.8,35.61,25,1
1613.0,35.61,25,1
1613.2,35.61,25,1
1613.4,35.61,25,1
1613.6,35.61,25,1
1613.8,35.62,25,1
1614.0,35.61,25,1
1614.2,35.62,25,1
1614.4,35.61,25,1
1614.6,35.61,25,1
1614.8,35.62,25,1
1615.0,35.62,25,1
1615.2,35.62,25,1
1615.4,35.62,25,1
1615.6,35.62,25,1
1615.8,35.62,25,1
1616.0,35.63,25,1
1616.2,35.62,25,1
1616.4,35.63,25,1
1616.6,35.63,25,1
1616.8,35.62,25,1
1617.0,35.63,25,1
1617.2,35.63,25,1
1617.4,35.62,25,1
1617.6,35.62,25,1
1617.8,35.62,25,1
1618.0,35.62,25,1
1618.2,35.62,25,1
1618.4,35.63,25,1
1618.6,35.64,25,1
1618.8,35.62,25,1
1619.0,35.63,25,1
1619.2,35.63,25,1
1619.4,35.63,25,1
1619.6,35.64,25,1
1619.8,35.64,25,1
1620.0,35.63,25,1
1620.2,35.63,25,1
1620.4,35.63,25,1
1620.6,35.63,25,1
1620.8,35.64,25,1
1621.0,35.64,25,1
1621.2,35.64,25,1
1621.4,35.64,25,1
1621.6,35.65,25,1
1621.8,35.64,25,1
1622.0,35.63,25,1
1622.2,35.64,25,1
1622.4,35.64,25,1
1622.6,35.64,25,1
1622.8,35.64,25,1
1623.0,35.65,25,1
1623.2,35.64,25,1
1623.4,35.65,25,1
1623.6,35.65,25,1
1623.8,35.64,25,1
1624.0,35.64,25,1
1624.2,35.64,25,1
1624.4,35.65,25,1
1624.6,35.65,25,1
1624.8,35.65,25,1
1625.0,35.65,25,1
1625.2,35.65,25,1
1625.4,35.65,25,1
1625.6,35.65,25,1
1625.8,35.65,25,1
1626.0,35.65,25,1
1626.2,35.65,25,1
1626.4,35.65,25,1
1626.6,35.65,25,1
1626.8,35.66,25,1
1627.0,35.66,25,1
1627.2,35.66,25,1
1627.4,35.66,25,1
1627.6,35.65,25,1
1627.8,35.66,25,1
1628.0,35.65,25,1
1628.2,35.66,25,1
1628.4,35.66,25,1
1628.6,35.66,25,1
1628.8,35.66,25,1
1629.0,35.66,25,1
1629.2,35.66,25,1
1629.4,35.66,25,1
1629.6,35.66,25,1
1629.8,35.65,25,1
1630.0,35.66,25,1
1630.2,35.66,25,1
1630.4,35.67,25,1
1630.6,35.67,25,1
1630.8,35.67,25,1
1631.0,35.67,25,1
1631.2,35.67,25,1
1631.4,35.67,25,1
1631.6,35.66,25,1
1631.8,35.66,25,1
1632.0,35.66,25,1
1632.2,35.67,25,1
1632.4,35.67,25,1
1632.6,35.67,25,1
1632.8,35.67,25,1
1633.0,35.68,25,1
1633.2,35.67,25,1
1633.4,35.67,25,1
1633.6,35.66,25,1
1633.8,35.67,25,1
1634.0,35.68,25,1
1634.2,35.68,25,1
1634.4,35.68,25,1
1634.6,35.68,25,1
1634.8,35.68,25,1
1635.0,35.69,25,1
1635.2,35.68,25,1
1635.4,35.68,25,1
1635.6,35.68,25,1
1635.8,35.67,25,1
1636.0,35.68,25,1
1636.2,35.68,25,1
1636.4,35.69,25,1
1636.6,35.69,25,1
1636.8,35.68,25,1
1637.0,35.68,25,1
1637.2,35.68,25,1
1637.4,35.68,25,1
1637.6,35.68,25,1
1637.8,35.68,25,1
1638.0,35.69,25,1
1638.2,35.68,25,1
1638.4,35.69,25,1
1638.6,35.69,25,1
1638.8,35.7,25,1
1639.0,35.69,25,1
1639.2,35.68,25,1
1639.4,35.69,25,1
1639.6,35.69,25,1
1639.8,35.69,25,1
1640.0,35.7,25,1
1640.2,35.69,25,1
1640.4,35.7,25,1
1640.6,35.7,25,1
1640.8,35.7,25,1
1641.0,35.69,25,1
1641.2,35.69,25,1
1641.4,35.7,25,1
1641.6,35.69,25,1
1641.8,35.7,25,1
1642.0,35.7,25,1
1642.2,35.7,25,1
1642.4,35.71,25,1
1642.6,35.71,25,1
1642.8,35.7,25,1
1643.0,35.69,25,1
1643.2,35.7,25,1
1643.4,35.7,25,1
1643.6,35.7,25,1
1643.8,35.71,25,1
1644.0,35.71,25,1
1644.2,35.71,25,1
1644.4,35.71,25,1
1644.6,35.71,25,1
1644.8,35.7,25,1
1645.0,35.7,25,1
1645.2,35.7,25,1
1645.4,35.71,25,1
1645.6,35.71,25,1
1645.8,35.71,25,1
1646.0,35.71,25,1
1646.2,35.72,25,1
1646.4,35.71,25,1
1646.6,35.71,25,1
1646.8,35.71,25,1
1647.0,35.71,25,1
1647.2,35.71,25,1
1647.4,35.72,25,1
1647.6,35.71,25,1
1647.8,35.72,25,1
1648.0,35.72,25,1
1648.2,35.72,25,1
1648.4,35.72,25,1
1648.6,35.73,25,1
1648.8,35.71,25,1
1649.0,35.71,25,1
1649.2,35.71,25,1
1649.4,35.72,25,1
1649.6,35.73,25,1
1649.8,35.72,25,1
1650.0,35.73,25,1
1650.2,35.72,25,1
1650.4,35.73,25,1
1650.6,35.71,25,1
1650.8,35.72,25,1
1651.0,35.72,25,1
1651.2,35.72,25,1
1651.4,35.73,25,1
1651.6,35.73,25,1
1651.8,35.73,25,1
1652.0,35.73,25,1
1652.2,35.73,25,1
1652.4,35.73,25,1
1652.6,35.73,25,1
1652.8,35.72,25,1
1653.0,35.73,25,1
1653.2,35.73,25,1
1653.4,35.73,25,1
1653.6,35.73,25,1
1653.8,35.74,25,1
1654.0,35.74,25,1
1654.2,35.74,25,1
1654.4,35.74,25,1
1654.6,35.74,25,1
1654.8,35.72,25,1
1655.0,35.73,25,1
1655.2,35.74,25,1
1655.4,35.74,25,1
1655.6,35.74,25,1
1655.8,35.74,25,1
1656.0,35.74,25,1
1656.2,35.74,25,1
1656.4,35.74,25,1
1656.6,35.74,25,1
1656.8,35.74,25,1
1657.0,35.74,25,1
1657.2,35.74,25,1
1657.4,35.74,25,1
1657.6,35.74,25,1
1657.8,35.75,25,1
1658.0,35.75,25,1
1658.2,35.75,25,1
1658.4,35.74,25,1
1658.6,35.74,25,1
1658.8,35.74,25,1
1659.0,35.74,25,1
1659.2,35.75,25,1
1659.4,35.75,25,1
1659.6,35.75,25,1
1659.8,35.75,25,1
1660.0,35.75,25,1
1660.2,35.74,25,1
1660.4,35.74,25,1
1660.6,35.75,25,1
1660.8,35.74,25,1
1661.0,35.75,25,1
1661.2,35.75,25,1
1661.4,35.75,25,1
1661.6,35.75,25,1
1661.8,35.75,25,1
1662.0,35.75,25,1
1662.2,35.75,25,1
1662.4,35.75,25,1
1662.6,35.75,25,1
1662.8,35.75,25,1
1663.0,35.75,25,1
1663.2,35.75,25,1
1663.4,35.76,25,1
1663.6,35.76,25,1
1663.8,35.76,25,1
1664.0,35.76,25,1
1664.2,35.75,25,1
1664.4,35.76,25,1
1664.6,35.75,25,1
1664.8,35.75,25,1
1665.0,35.75,25,1
1665.2,35.74,25,1
1665.4,35.75,25,1
1665.6,35.74,25,1
1665.8,35.75,25,1
1666.0,35.74,25,1
1666.2,35.74,25,1
1666.4,35.74,25,1
1666.6,35.74,25,1
1666.8,35.74,25,1
1667.0,35.74,25,1
1667.2,35.75,25,1
1667.4,35.75,25,1
1667.6,35.74,25,1
1667.8,35.75,25,1
1668.0,35.75,25,1
1668.2,35.74,25,1
1668.4,35.74,25,1
1668.6,35.75,25,1
1668.8,35.75,25,1
1669.0,35.75,25,1
1669.2,35.75,25,1
1669.4,35.75,25,1
1669.6,35.75,25,1
1669.8,35.74,25,1
1670.0,35.74,25,1
1670.2,35.75,25,1
1670.4,35.75,25,1
1670.6,35.75,25,1
1670.8,35.76,25,1
1671.0,35.76,25,1
1671.2,35.76,25,1
1671.4,35.75,25,1
1671.6,35.75,25,1
1671.8,35.74,25,1
1672.0,35.75,25,1
1672.2,35.75,25,1
1672.4,35.76,25,1
1672.6,35.75,25,1
1672.8,35.76,25,1
1673.0,35.76,25,1
1673.2,35.76,25,1
1673.4,35.76,25,1
1673.6,35.76,25,1
1673.8,35.75,25,1
1674.0,35.75,25,1
1674.2,35.76,25,1
1674.4,35.76,25,1
1674.6,35.76,25,1
1674.8,35.76,25,1
1675.0,35.77,25,1
1675.2,35.76,25,1
1675.4,35.76,25,1
1675.6,35.75,25,1
1675.8,35.75,25,1
1676.0,35.75,25,1
1676.2,35.76,25,1
1676.4,35.76,25,1
1676.6,35.77,25,1
1676.8,35.76,25,1
1677.0,35.77,25,1
1677.2,35.77,25,1
1677.4,35.77,25,1
1677.6,35.76,25,1
1677.8,35.76,25,1
1678.0,35.76,25,1
1678.2,35.77,25,1
1678.4,35.77,25,1
1678.6,35.77,25,1
1678.8,35.77,25,1
1679.0,35.77,25,1
1679.2,35.77,25,1
1679.4,35.76,25,1
1679.6,35.76,25,1
1679.8,35.77,25,1
1680.0,35.76,25,1
1680.2,35.77,25,1
1680.4,35.77,25,1
1680.6,35.77,25,1
1680.8,35.77,25,1
1681.0,35.78,25,1
1681.2,35.77,25,1
1681.4,35.77,25,1
1681.6,35.76,25,1
1681.8,35.77,25,1
1682.0,35.77,25,1
1682.2,35.77,25,1
1682.4,35.78,25,1
1682.6,35.77,25,1
1682.8,35.77,25,1
1683.0,35.77,25,1
1683.2,35.77,25,1
1683.4,35.76,25,1
1683.6,35.76,25,1
1683.8,35.77,25,1
1684.0,35.77,25,1
1684.2,35.77,25,1
1684.4,35.77,25,1
1684.6,35.78,25,1
1684.8,35.77,25,1
1685.0,35.77,25,1
1685.2,35.77,25,1
1685.4,35.77,25,1
1685.6,35.77,25,1
1685.8,35.77,25,1
1686.0,35.78,25,1
1686.2,35.77,25,1
1686.4,35.77,25,1
1686.6,35.78,25,1
1686.8,35.78,25,1
1687.0,35.77,25,1
1687.2,35.77,25,1
1687.4,35.77,25,1
1687.6,35.76,25,1
1687.8,35.78,25,1
1688.0,35.77,25,1
1688.2,35.77,25,1
1688.4,35.78,25,1
1688.6,35.78,25,1
1688.8,35.79,25,1
1689.0,35.78,25,1
1689.2,35.78,25,1
1689.4,35.76,25,1
1689.6,35.77,25,1
1689.8,35.78,25,1
1690.0,35.78,25,1
1690.2,35.78,25,1
1690.4,35.79,25,1
1690.6,35.78,25,1
1690.8,35.78,25,1
1691.0,35.78,25,1
1691.2,35.77,25,1
1691.4,35.78,25,1
1691.6,35.79,25,1
1691.8,35.78,25,1
1692.0,35.78,25,1
1692.2,35.79,25,1
1692.4,35.79,25,1
1692.6,35.79,25,1
1692.8,35.79,25,1
1693.0,35.78,25,1
1693.2,35.78,25,1
1693.4,35.79,25,1
1693.6,35.79,25,1
1693.8,35.79,25,1
1694.0,35.79,25,1
1694.2,35.79,25,1
1694.4,35.79,25,1
1694.6,35.79,25,1
1694.8,35.79,25,1
1695.0,35.78,25,1
1695.2,35.78,25,1
1695.4,35.8,25,1
1695.6,35.8,25,1
1695.8,35.79,25,1
1696.0,35.8,25,1
1696.2,35.79,25,1
1696.4,35.8,25,1
1696.6,35.79,25,1
1696.8,35.89,25,1
1697.0,35.88,25,1
1697.2,35.89,25,1
1697.4,35.89,25,1
1697.6,35.89,25,1
1697.8,35.89,25,1
1698.0,35.88,25,1
1698.2,35.89,25,1
1698.4,35.89,25,1
1698.6,35.88,25,1
1698.8,35.88,25,1
1699.0,35.89,25,1
1699.2,35.88,25,1
1699.4,35.89,25,1
1699.6,35.89,25,1
1699.8,35.89,25,1
1700.0,35.89,25,1
1700.2,35.9,25,1
1700.4,35.89,25,1
1700.6,35.89,25,1
1700.8,35.89,25,1
1701.0,35.89,25,1
1701.2,35.89,25,1
1701.4,35.9,25,1
1701.6,35.9,25,1
1701.8,35.9,25,1
1702.0,35.89,25,1
1702.2,35.89,25,1
1702.4,35.89,25,1
1702.6,35.89,25,1
1702.8,35.89,25,1
1703.0,35.89,25,1
1703.2,35.9,25,1
1703.4,35.89,25,1
1703.6,35.9,25,1
1703.8,35.89,25,1
1704.0,35.89,25,1
1704.2,35.89,25,1
1704.4,35.89,25,1
1704.6,35.89,25,1
1704.8,35.89,25,1
1705.0,35.9,25,1
1705.2,35.89,25,1
1705.4,35.9,25,1
1705.6,35.9,25,1
1705.8,35.9,25,1
1706.0,35.91,25,1
1706.2,35.9,25,1
1706.4,35.89,25,1
1706.6,35.9,25,1
1706.8,35.9,25,1
1707.0,35.91,25,1
1707.2,35.9,25,1
1707.4,35.9,25,1
1707.6,35.91,25,1
1707.8,35.91,25,1
1708.0,35.91,25,1
1708.2,35.89,25,1
1708.4,35.9,25,1
1708.6,35.89,25,1
1708.8,35.9,25,1
1709.0,35.9,25,1
1709.2,35.9,25,1
1709.4,35.91,25,1
1709.6,35.9,25,1
1709.8,35.9,25,1
1710.0,35.9,25,1
1710.2,35.89,25,1
1710.4,35.9,25,1
1710.6,35.89,25,1
1710.8,35.9,25,1
1711.0,35.89,25,1
1711.2,35.9,25,1
1711.4,35.9,25,1
1711.6,35.9,25,1
1711.8,35.89,25,1
1712.0,35.89,25,1
1712.2,35.9,25,1
1712.4,35.89,25,1
1712.6,35.89,25,1
1712.8,35.89,25,1
1713.0,35.89,25,1
1713.2,35.9,25,1
1713.4,35.9,25,1
1713.6,35.89,25,1
1713.8,35.9,25,1
1714.0,35.89,25,1
1714.2,35.89,25,1
1714.4,35.89,25,1
1714.6,35.9,25,1
1714.8,35.89,25,1
1715.0,35.89,25,1
1715.2,35.89,25,1
1715.4,35.89,25,1
1715.6,35.9,25,1
1715.8,35.89,25,1
1716.0,35.89,25,1
1716.2,35.89,25,1
1716.4,35.89,25,1
1716.6,35.89,25,1
1716.8,35.89,25,1
1717.0,35.89,25,1
1717.2,35.89,25,1
1717.4,35.89,25,1
1717.6,35.9,25,1
1717.8,35.89,25,1
1718.0,35.89,25,1
1718.2,35.89,25,1
1718.4,35.89,25,1
1718.6,35.89,25,1
1718.8,35.89,25,1
1719.0,35.89,25,1
1719.2,35.89,25,1
1719.4,35.9,25,1
1719.6,35.89,25,1
1719.8,35.89,25,1
1720.0,35.88,25,1
1720.2,35.88,25,1
1720.4,35.89,25,1
1720.6,35.89,25,1
1720.8,35.89,25,1
1721.0,35.89,25,1
1721.2,35.9,25,1
1721.4,35.89,25,1
1721.6,35.89,25,1
1721.8,35.88,25,1
1722.0,35.88,25,1
1722.2,35.88,25,1
1722.4,35.89,25,1
1722.6,35.88,25,1
1722.8,35.89,25,1
1723.0,35.89,25,1
1723.2,35.89,25,1
1723.4,35.89,25,1
1723.6,35.88,25,1
1723.8,35.88,25,1
1724.0,35.88,25,1
1724.2,35.89,25,1
1724.4,35.89,25,1
1724.6,35.9,25,1
1724.8,35.89,25,1
1725.0,35.89,25,1
1725.2,35.89,25,1
1725.4,35.89,25,1
1725.6,35.88,25,1
1725.8,35.89,25,1
1726.0,35.88,25,1
1726.2,35.89,25,1
1726.4,35.89,25,1
1726.6,35.89,25,1
1726.8,35.89,25,1
1727.0,35.9,25,1
1727.2,35.89,25,1
1727.4,35.89,25,1
1727.6,35.88,25,1
1727.8,35.89,25,1
1728.0,35.89,29,1
1728.2,35.89,30,1
1728.4,35.88,31,1
1728.6,35.89,31,1
1728.8,35.89,36,1
1729.0,35.91,36,1
1729.2,35.91,39,1
1729.4,35.92,39,1
1729.6,35.93,39,1
1729.8,35.95,37,1
1730.0,35.97,37,1
1730.2,35.99,37,1
1730.4,36.01,37,1
1730.6,36.03,37,1
1730.8,36.04,39,1
1731.0,36.06,39,1
1731.2,36.09,39,1
1731.4,36.1,37,1
1731.6,36.12,37,1
1731.8,36.15,37,1
1732.0,36.18,37,1
1732.2,36.21,40,1
1732.4,36.23,40,1
1732.6,36.25,38,1
1732.8,36.27,38,1
1733.0,36.3,38,1
1733.2,36.3,38,1
1733.4,36.33,38,1
1733.6,36.35,38,1
1733.8,36.35,38,1
1734.0,36.35,38,1
1734.2,36.39,38,1
1734.4,36.39,38,1
1734.6,36.47,38,1
1734.8,36.49,38,1
1735.0,36.51,38,1
1735.2,36.51,38,1
1735.4,36.53,38,1
1735.6,36.55,38,1
1735.8,36.54,38,1
1736.0,36.57,38,1
1736.2,36.59,38,1
1736.4,36.65,38,1
1736.6,36.66,38,1
1736.8,36.67,38,1
1737.0,36.68,38,1
1737.2,36.69,38,1
1737.4,36.72,38,1
1737.6,36.73,38,1
1737.8,36.72,38,1
1738.0,36.74,38,1
1738.2,36.75,38,1
1738.4,36.82,38,1
1738.6,36.83,38,1
1738.8,36.85,38,1
1739.0,36.85,38,1
1739.2,36.86,38,1
1739.4,36.88,38,1
1739.6,36.86,38,1
1739.8,36.88,38,1
1740.0,36.9,38,1
1740.2,36.95,38,1
1740.4,36.97,38,1
1740.6,37.0,38,1
1740.8,37.01,38,1
1741.0,37.0,38,1
1741.2,37.02,38,1
1741.4,37.04,38,1
1741.6,37.03,38,1
1741.8,37.06,38,1
1742.0,37.05,38,1
1742.2,37.11,38,1
1742.4,37.13,38,1
1742.6,37.15,38,1
1742.8,37.14,38,1
1743.0,37.16,38,1
1743.2,37.18,38,1
1743.4,37.16,38,1
1743.6,37.18,38,1
1743.8,37.19,38,1
1744.0,37.22,38,1
1744.2,37.27,38,1
1744.4,37.28,38,1
1744.6,37.29,38,1
1744.8,37.29,38,1
1745.0,37.3,38,1
1745.2,37.32,38,1
1745.4,37.32,38,1
1745.6,37.33,38,1
1745.8,37.34,38,1
1746.0,37.38,38,1
1746.2,37.4,38,1
1746.4,37.42,38,1
1746.6,37.41,38,1
1746.8,37.43,38,1
1747.0,37.44,38,1
1747.2,37.45,38,1
1747.4,37.45,38,1
1747.6,37.45,38,1
1747.8,37.48,38,1
1748.0,37.52,38,1
1748.2,37.54,38,1
1748.4,37.54,38,1
1748.6,37.55,38,1
1748.8,37.55,38,1
1749.0,37.57,38,1
1749.2,37.57,38,1
1749.4,37.56,38,1
1749.6,37.59,38,1
1749.8,37.64,38,1
1750.0,37.65,38,1
1750.2,37.66,38,1
1750.4,37.67,38,1
1750.6,37.67,38,1
1750.8,37.69,38,1
1751.0,37.69,38,1
1751.2,37.69,38,1
1751.4,37.7,38,1
1751.6,37.71,38,1
1751.8,37.76,38,1
1752.0,37.77,38,1
1752.2,37.78,38,1
1752.4,37.78,38,1
1752.6,37.8,38,1
1752.8,37.81,38,1
1753.0,37.79,38,1
1753.2,37.8,38,1
1753.4,37.82,38,1
1753.6,37.82,38,1
1753.8,37.88,38,1
1754.0,37.88,38,1
1754.2,37.9,38,1
1754.4,37.9,38,1
1754.6,37.91,38,1
1754.8,37.92,38,1
1755.0,37.9,38,1
1755.2,37.93,38,1
1755.4,37.94,38,1
1755.6,37.98,38,1
1755.8,37.99,38,1
1756.0,38.01,38,1
1756.2,38.0,38,1
1756.4,38.01,38,1
1756.6,38.03,38,1
1756.8,38.03,38,1
1757.0,38.02,38,1
1757.2,38.04,38,1
1757.4,38.04,38,1
1757.6,38.09,38,1
1757.8,38.11,38,1
1758.0,38.12,38,1
1758.2,38.11,38,1
1758.4,38.12,38,1
1758.6,38.13,38,1
1758.8,38.12,38,1
1759.0,38.14,38,1
1759.2,38.15,38,1
1759.4,38.2,38,1
1759.6,38.21,38,1
1759.8,38.21,38,1
1760.0,38.22,38,1
1760.2,38.22,38,1
1760.4,38.23,38,1
1760.6,38.23,38,1
1760.8,38.22,38,1
1761.0,38.24,38,1
1761.2,38.24,38,1
1761.4,38.3,38,1
1761.6,38.31,38,1
1761.8,38.32,38,1
1762.0,38.31,38,1
1762.2,38.32,38,1
1762.4,38.33,38,1
1762.6,38.31,38,1
1762.8,38.33,38,1
1763.0,38.36,38,1
1763.2,38.38,38,1
1763.4,38.42,38,1
1763.6,38.44,38,1
1763.8,38.44,38,1
1764.0,38.45,38,1
1764.2,38.46,38,1
1764.4,38.47,38,1
1764.6,38.46,38,1
1764.8,38.47,38,1
1765.0,38.48,38,1
1765.2,38.53,38,1
1765.4,38.53,38,1
1765.6,38.54,38,1
1765.8,38.54,38,1
1766.0,38.54,38,1
1766.2,38.56,38,1
1766.4,38.57,38,1
1766.6,38.55,38,1
1766.8,38.56,38,1
1767.0,38.57,38,1
1767.2,38.61,38,1
1767.4,38.64,38,1
1767.6,38.64,38,1
1767.8,38.63,38,1
1768.0,38.64,38,1
1768.2,38.66,38,1
1768.4,38.64,38,1
1768.6,38.66,38,1
1768.8,38.66,38,1
1769.0,38.7,38,1
1769.2,38.72,38,1
1769.4,38.73,38,1
1769.6,38.74,38,1
1769.8,38.73,38,1
1770.0,38.73,38,1
1770.2,38.75,38,1
1770.4,38.74,38,1
1770.6,38.74,38,1
1770.8,38.76,38,1
1771.0,38.8,38,1
1771.2,38.8,38,1
1771.4,38.82,38,1
1771.6,38.81,38,1
1771.8,38.82,38,1
1772.0,38.83,38,1
1772.2,38.82,38,1
1772.4,38.81,38,1
1772.6,38.83,38,1
1772.8,38.84,38,1
1773.0,38.9,38,1
1773.2,38.89,38,1
1773.4,38.92,38,1
1773.6,38.9,38,1
1773.8,38.9,38,1
1774.0,38.91,38,1
1774.2,38.91,38,1
1774.4,38.91,38,1
1774.6,38.92,38,1
1774.8,38.96,38,1
1775.0,38.97,38,1
1775.2,38.98,38,1
1775.4,38.98,38,1
1775.6,38.98,38,1
1775.8,38.99,38,1
1776.0,39.01,38,1
1776.2,38.98,38,1
1776.4,39.0,38,1
1776.6,38.99,38,1
1776.8,39.06,38,1
1777.0,39.06,38,1
1777.2,39.07,38,1
1777.4,39.06,38,1
1777.6,39.06,38,1
1777.8,39.07,38,1
1778.0,39.07,38,1
1778.2,39.07,38,1
1778.4,39.08,38,1
1778.6,39.13,38,1
1778.8,39.13,38,1
1779.0,39.14,38,1
1779.2,39.15,38,1
1779.4,39.14,38,1
1779.6,39.15,38,1
1779.8,39.15,38,1
1780.0,39.14,38,1
1780.2,39.16,38,1
1780.4,39.16,38,1
1780.6,39.21,38,1
1780.8,39.21,38,1
1781.0,39.23,38,1
1781.2,39.21,38,1
1781.4,39.22,38,1
1781.6,39.22,38,1
1781.8,39.21,38,1
1782.0,39.22,38,1
1782.2,39.22,38,1
1782.4,39.24,38,1
1782.6,39.28,38,1
1782.8,39.3,38,1
1783.0,39.3,38,1
1783.2,39.3,38,1
1783.4,39.3,38,1
1783.6,39.3,38,1
1783.8,39.3,38,1
1784.0,39.3,38,1
1784.2,39.3,38,1
1784.4,39.35,38,1
1784.6,39.36,38,1
1784.8,39.36,38,1
1785.0,39.35,38,1
1785.2,39.37,38,1
1785.4,39.38,38,1
1785.6,39.38,38,1
1785.8,39.36,38,1
1786.0,39.37,38,1
1786.2,39.38,38,1
1786.4,39.42,38,1
1786.6,39.44,38,1
1786.8,39.42,38,1
1787.0,39.4,38,1
1787.2,39.42,38,1
1787.4,39.42,38,1
1787.6,39.4,38,1
1787.8,39.41,38,1
1788.0,39.42,38,1
1788.2,39.46,38,1
1788.4,39.47,38,1
1788.6,39.47,38,1
1788.8,39.48,38,1
1789.0,39.48,38,1
1789.2,39.48,38,1
1789.4,39.49,38,1
1789.6,39.48,38,1
1789.8,39.48,38,1
1790.0,39.49,38,1
1790.2,39.53,38,1
1790.4,39.54,38,1
1790.6,39.55,38,1
1790.8,39.53,38,1
1791.0,39.54,38,1
1791.2,39.55,38,1
1791.4,39.54,38,1
1791.6,39.54,38,1
1791.8,39.55,38,1
1792.0,39.57,38,1
1792.2,39.6,38,1
1792.4,39.61,38,1
1792.6,39.61,38,1
1792.8,39.61,38,1
1793.0,39.62,38,1
1793.2,39.61,38,1
1793.4,39.61,38,1
1793.6,39.6,38,1
1793.8,39.62,38,1
1794.0,39.66,38,1
1794.2,39.67,38,1
1794.4,39.67,38,1
1794.6,39.66,38,1
1794.8,39.67,38,1
1795.0,39.68,38,1
1795.2,39.68,38,1
1795.4,39.66,38,1
1795.6,39.68,38,1
1795.8,39.67,38,1
1796.0,39.72,38,1
1796.2,39.72,38,1
1796.4,39.74,38,1
1796.6,39.72,38,1
1796.8,39.73,38,1
1797.0,39.74,38,1
1797.2,39.72,38,1
1797.4,39.73,38,1
1797.6,39.73,38,1
1797.8,39.78,38,1
1798.0,39.79,38,1
1798.2,39.79,38,1
1798.4,39.8,38,1
1798.6,39.78,38,1
1798.8,39.79,38,1
1799.0,39.8,38,1
1799.2,39.77,38,1
1799.4,39.79,38,1
1799.6,39.79,38,1
1799.8,39.85,38,1
1800.0,39.83,38,1
1800.2,39.84,38,1
1800.4,39.83,38,1
1800.6,39.83,38,1
1800.8,39.83,38,1
1801.0,39.81,38,1
1801.2,39.83,38,1
1801.4,39.83,38,1
1801.6,39.84,38,1
1801.8,39.88,38,1
1802.0,39.88,38,1
1802.2,39.89,38,1
1802.4,39.89,38,1
1802.6,39.89,38,1
1802.8,39.9,38,1
1803.0,39.88,38,1
1803.2,39.89,38,1
1803.4,39.88,38,1
1803.6,39.94,38,1
1803.8,39.94,38,1
1804.0,39.95,38,1
1804.2,39.93,38,1
1804.4,39.95,38,1
1804.6,39.95,38,1
1804.8,39.96,38,1
1805.0,39.94,38,1
1805.2,39.94,38,1
1805.4,39.95,38,1
1805.6,39.99,38,1
1805.8,40.0,38,1
1806.0,40.0,38,1
1806.2,39.99,38,1
1806.4,40.0,38,1
1806.6,40.0,38,1
1806.8,39.99,38,1
1807.0,39.99,38,1
1807.2,39.99,38,1
1807.4,40.04,38,1
1807.6,40.05,38,1
1807.8,40.06,38,1
1808.0,40.06,38,1
1808.2,40.05,38,1
1808.4,40.06,38,1
1808.6,40.06,38,1
1808.8,40.05,38,1
1809.0,40.04,38,1
1809.2,40.05,38,1
1809.4,40.1,38,1
1809.6,40.1,38,1
1809.8,40.1,38,1
1810.0,40.09,38,1
1810.2,40.1,38,1
1810.4,40.1,38,1
1810.6,40.08,38,1
1810.8,40.09,38,1
1811.0,40.09,38,1
1811.2,40.1,38,1
1811.4,40.14,38,1
1811.6,40.14,38,1
1811.8,40.15,38,1
1812.0,40.14,38,1
1812.2,40.15,38,1
1812.4,40.15,38,1
1812.6,40.14,38,1
1812.8,40.14,38,1
1813.0,40.15,38,1
1813.2,40.19,38,1
1813.4,40.2,38,1
1813.6,40.19,38,1
1813.8,40.18,38,1
1814.0,40.18,38,1
1814.2,40.19,38,1
1814.4,40.19,38,1
1814.6,40.17,38,1
1814.8,40.19,38,1
1815.0,40.18,38,1
1815.2,40.23,38,1
1815.4,40.24,38,1
1815.6,40.25,38,1
1815.8,40.23,38,1
1816.0,40.24,38,1
1816.2,40.25,38,1
1816.4,40.23,38,1
1816.6,40.22,38,1
1816.8,40.24,38,1
1817.0,40.28,38,1
1817.2,40.28,38,1
1817.4,40.28,38,1
1817.6,40.3,38,1
1817.8,40.28,38,1
1818.0,40.29,38,1
1818.2,40.29,38,1
1818.4,40.27,38,1
1818.6,40.27,38,1
1818.8,40.28,38,1
1819.0,40.33,38,1
1819.2,40.34,38,1
1819.4,40.34,38,1
1819.6,40.32,38,1
1819.8,40.33,38,1
1820.0,40.34,38,1
1820.2,40.33,38,1
1820.4,40.33,38,1
1820.6,40.35,38,1
1820.8,40.34,38,1
1821.0,40.38,38,1
1821.2,40.38,38,1
1821.4,40.39,38,1
1821.6,40.38,38,1
1821.8,40.39,38,1
1822.0,40.39,38,1
1822.2,40.36,38,1
1822.4,40.38,38,1
1822.6,40.37,38,1
1822.8,40.43,38,1
1823.0,40.43,38,1
1823.2,40.44,38,1
1823.4,40.42,38,1
1823.6,40.43,38,1
1823.8,40.42,38,1
1824.0,40.43,38,1
1824.2,40.42,38,1
1824.4,40.42,38,1
1824.6,40.43,38,1
1824.8,40.46,38,1
1825.0,40.48,38,1
1825.2,40.48,38,1
1825.4,40.48,38,1
1825.6,40.49,38,1
1825.8,40.49,38,1
1826.0,40.46,38,1
1826.2,40.48,38,1
1826.4,40.47,38,1
1826.6,40.52,38,1
1826.8,40.52,38,1
1827.0,40.54,38,1
1827.2,40.54,38,1
1827.4,40.53,38,1
1827.6,40.54,38,1
1827.8,40.53,38,1
1828.0,40.52,38,1
1828.2,40.51,38,1
1828.4,40.53,38,1
1828.6,40.57,38,1
1828.8,40.57,38,1
1829.0,40.58,38,1
1829.2,40.56,38,1
1829.4,40.58,38,1
1829.6,40.57,38,1
1829.8,40.55,38,1
1830.0,40.56,38,1
1830.2,40.56,38,1
1830.4,40.58,38,1
1830.6,40.62,38,1
1830.8,40.61,38,1
1831.0,40.62,38,1
1831.2,40.61,38,1
1831.4,40.6,38,1
1831.6,40.62,38,1
1831.8,40.61,38,1
1832.0,40.6,38,1
1832.2,40.61,38,1
1832.4,40.65,38,1
1832.6,40.66,38,1
1832.8,40.65,38,1
1833.0,40.65,38,1
1833.2,40.66,38,1
1833.4,40.65,38,1
1833.6,40.66,38,1
1833.8,40.63,38,1
1834.0,40.64,38,1
1834.2,40.65,38,1
1834.4,40.69,38,1
1834.6,40.68,38,1
1834.8,40.7,38,1
1835.0,40.69,38,1
1835.2,40.69,38,1
1835.4,40.69,38,1
1835.6,40.68,38,1
1835.8,40.67,38,1
1836.0,40.68,38,1
1836.2,40.72,38,1
1836.4,40.73,38,1
1836.6,40.73,38,1
1836.8,40.74,38,1
1837.0,40.72,38,1
1837.2,40.73,38,1
1837.4,40.72,38,1
1837.6,40.7,38,1
1837.8,40.72,38,1
1838.0,40.71,38,1
1838.2,40.77,38,1
1838.4,40.76,38,1
1838.6,40.77,38,1
1838.8,40.75,38,1
1839.0,40.76,38,1
1839.2,40.76,38,1
1839.4,40.74,38,1
1839.6,40.75,38,1
1839.8,40.75,38,1
1840.0,40.75,38,1
1840.2,40.8,38,1
1840.4,40.8,38,1
1840.6,40.81,38,1
1840.8,40.79,38,1
1841.0,40.79,38,1
1841.2,40.8,38,1
1841.4,40.76,38,1
1841.6,40.79,38,1
1841.8,40.79,38,1
1842.0,40.83,38,1
1842.2,40.84,38,1
1842.4,40.84,38,1
1842.6,40.83,38,1
1842.8,40.83,38,1
1843.0,40.83,38,1
1843.2,40.84,38,1
1843.4,40.81,38,1
1843.6,40.81,38,1
1843.8,40.82,38,1
1844.0,40.86,38,1
1844.2,40.87,38,1
1844.4,40.87,38,1
1844.6,40.85,38,1
1844.8,40.86,38,1
1845.0,40.86,38,1
1845.2,40.84,38,1
1845.4,40.85,38,1
1845.6,40.84,38,1
1845.8,40.89,38,1
1846.0,40.89,38,1
1846.2,40.9,38,1
1846.4,40.89,38,1
1846.6,40.89,38,1
1846.8,40.89,38,1
1847.0,40.9,38,1
1847.2,40.88,38,1
1847.4,40.88,38,1
1847.6,40.89,38,1
1847.8,40.93,38,1
1848.0,40.93,38,1
1848.2,40.94,38,1
1848.4,40.92,38,1
1848.6,40.93,38,1
1848.8,40.93,38,1
1849.0,40.91,38,1
1849.2,40.92,38,1
1849.4,40.91,38,1
1849.6,40.91,38,1
1849.8,40.95,38,1
1850.0,40.96,38,1
1850.2,40.96,38,1
1850.4,40.95,38,1
1850.6,40.95,38,1
1850.8,40.95,38,1
1851.0,40.93,38,1
1851.2,40.94,38,1
1851.4,40.94,38,1
1851.6,40.98,38,1
1851.8,40.98,38,1
1852.0,41.0,38,1
1852.2,40.98,38,1
1852.4,40.97,38,1
1852.6,40.99,38,1
1852.8,40.98,38,1
1853.0,40.98,38,1
1853.2,40.97,38,1
1853.4,40.98,38,1
1853.6,41.02,38,1
1853.8,41.02,38,1
1854.0,41.02,38,1
1854.2,41.02,38,1
1854.4,41.01,38,1
1854.6,41.02,38,1
1854.8,41.0,38,1
1855.0,41.0,38,1
1855.2,41.02,38,1
1855.4,41.04,38,1
1855.6,41.05,38,1
1855.8,41.05,38,1
1856.0,41.06,38,1
1856.2,41.05,38,1
1856.4,41.05,38,1
1856.6,41.04,38,1
1856.8,41.03,38,1
1857.0,41.04,38,1
1857.2,41.03,38,1
1857.4,41.08,38,1
1857.6,41.07,38,1
1857.8,41.07,38,1
1858.0,41.06,38,1
1858.2,41.07,38,1
1858.4,41.05,38,1
1858.6,41.06,38,1
1858.8,41.04,38,1
1859.0,41.05,38,1
1859.2,41.04,38,1
1859.4,41.11,38,1
1859.6,41.09,38,1
1859.8,41.11,38,1
1860.0,41.1,38,1
1860.2,41.09,38,1
1860.4,41.09,38,1
1860.6,41.08,38,1
1860.8,41.09,38,1
1861.0,41.08,38,1
1861.2,41.14,38,1
1861.4,41.12,38,1
1861.6,41.14,38,1
1861.8,41.12,38,1
1862.0,41.13,38,1
1862.2,41.12,38,1
1862.4,41.13,38,1
1862.6,41.11,38,1
1862.8,41.13,38,1
1863.0,41.12,38,1
1863.2,41.15,38,1
1863.4,41.16,38,1
1863.6,41.17,38,1
1863.8,41.16,38,1
1864.0,41.16,38,1
1864.2,41.15,38,1
1864.4,41.13,38,1
1864.6,41.14,38,1
1864.8,41.12,38,1
1865.0,41.18,38,1
1865.2,41.19,38,1
1865.4,41.19,38,1
1865.6,41.19,38,1
1865.8,41.18,38,1
1866.0,41.18,38,1
1866.2,41.18,38,1
1866.4,41.17,38,1
1866.6,41.17,38,1
1866.8,41.18,38,1
1867.0,41.21,38,1
1867.2,41.21,38,1
1867.4,41.21,38,1
1867.6,41.2,38,1
1867.8,41.21,38,1
1868.0,41.2,38,1
1868.2,41.18,38,1
1868.4,41.2,38,1
1868.6,41.19,38,1
1868.8,41.2,38,1
1869.0,41.23,38,1
1869.2,41.24,38,1
1869.4,41.23,38,1
1869.6,41.23,38,1
1869.8,41.23,38,1
1870.0,41.24,38,1
1870.2,41.22,38,1
1870.4,41.21,38,1
1870.6,41.22,38,1
1870.8,41.26,38,1
1871.0,41.26,38,1
1871.2,41.26,38,1
1871.4,41.25,38,1
1871.6,41.25,38,1
1871.8,41.26,38,1
1872.0,41.26,38,1
1872.2,41.23,38,1
1872.4,41.25,38,1
1872.6,41.24,38,1
1872.8,41.28,38,1
1873.0,41.28,38,1
1873.2,41.28,38,1
1873.4,41.28,38,1
1873.6,41.27,38,1
1873.8,41.27,38,1
1874.0,41.25,38,1
1874.2,41.25,38,1
1874.4,41.26,38,1
1874.6,41.3,38,1
1874.8,41.31,38,1
1875.0,41.31,38,1
1875.2,41.31,38,1
1875.4,41.29,38,1
1875.6,41.29,38,1
1875.8,41.29,38,1
1876.0,41.28,38,1
1876.2,41.29,38,1
1876.4,41.29,38,1
1876.6,41.33,38,1
1876.8,41.32,38,1
1877.0,41.33,38,1
1877.2,41.31,38,1
1877.4,41.32,38,1
1877.6,41.32,38,1
1877.8,41.3,38,1
1878.0,41.28,38,1
1878.2,41.31,38,1
1878.4,41.31,38,1
1878.6,41.36,38,1
1878.8,41.36,38,1
1879.0,41.36,38,1
1879.2,41.34,38,1
1879.4,41.34,38,1
1879.6,41.34,38,1
1879.8,41.32,38,1
1880.0,41.33,38,1
1880.2,41.32,38,1
1880.4,41.38,38,1
1880.6,41.37,38,1
1880.8,41.39,38,1
1881.0,41.37,38,1
1881.2,41.37,38,1
1881.4,41.37,38,1
1881.6,41.38,38,1
1881.8,41.35,38,1
1882.0,41.36,38,1
1882.2,41.35,38,1
1882.4,41.39,38,1
1882.6,41.4,38,1
1882.8,41.41,38,1
1883.0,41.39,38,1
1883.2,41.39,38,1
1883.4,41.4,38,1
1883.6,41.38,38,1
1883.8,41.39,38,1
1884.0,41.38,38,1
1884.2,41.42,38,1
1884.4,41.43,38,1
1884.6,41.43,38,1
1884.8,41.43,38,1
1885.0,41.41,38,1
1885.2,41.42,38,1
1885.4,41.43,38,1
1885.6,41.4,38,1
1885.8,41.4,38,1
1886.0,41.41,38,1
1886.2,41.45,38,1
1886.4,41.45,38,1
1886.6,41.45,38,1
1886.8,41.44,38,1
1887.0,41.44,38,1
1887.2,41.44,38,1
1887.4,41.41,38,1
1887.6,41.43,38,1
1887.8,41.42,38,1
1888.0,41.43,38,1
1888.2,41.46,38,1
1888.4,41.47,38,1
1888.6,41.47,38,1
1888.8,41.45,38,1
1889.0,41.46,38,1
1889.2,41.46,38,1
1889.4,41.43,38,1
1889.6,41.43,38,1
1889.8,41.45,38,1
1890.0,41.49,38,1
1890.2,41.49,38,1
1890.4,41.49,38,1
1890.6,41.48,38,1
1890.8,41.48,38,1
1891.0,41.48,38,1
1891.2,41.48,38,1
1891.4,41.47,38,1
1891.6,41.46,38,1
1891.8,41.47,38,1
1892.0,41.51,38,1
1892.2,41.51,38,1
1892.4,41.52,38,1
1892.6,41.5,38,1
1892.8,41.5,38,1
1893.0,41.51,38,1
1893.2,41.48,38,1
1893.4,41.48,38,1
1893.6,41.49,38,1
1893.8,41.51,38,1
1894.0,41.53,38,1
1894.2,41.53,38,1
1894.4,41.53,38,1
1894.6,41.52,38,1
1894.8,41.51,38,1
1895.0,41.52,38,1
1895.2,41.5,38,1
1895.4,41.51,38,1
1895.6,41.5,38,1
1895.8,41.54,38,1
1896.0,41.54,38,1
1896.2,41.55,38,1
1896.4,41.53,38,1
1896.6,41.53,38,1
1896.8,41.54,38,1
1897.0,41.52,38,1
1897.2,41.51,38,1
1897.4,41.53,38,1
1897.6,41.52,38,1
1897.8,41.57,38,1
1898.0,41.56,38,1
1898.2,41.58,38,1
1898.4,41.56,38,1
1898.6,41.56,38,1
1898.8,41.56,38,1
1899.0,41.53,38,1
1899.2,41.54,38,1
1899.4,41.55,38,1
1899.6,41.58,38,1
1899.8,41.58,38,1
1900.0,41.58,38,1
1900.2,41.57,38,1
1900.4,41.57,38,1
1900.6,41.57,38,1
1900.8,41.58,38,1
1901.0,41.55,38,1
1901.2,41.57,38,1
1901.4,41.55,38,1
1901.6,41.6,38,1
1901.8,41.6,38,1
1902.0,41.61,38,1
1902.2,41.59,38,1
1902.4,41.6,38,1
1902.6,41.59,38,1
1902.8,41.57,38,1
1903.0,41.58,38,1
1903.2,41.57,38,1
1903.4,41.61,38,1
1903.6,41.61,38,1
1903.8,41.62,38,1
1904.0,41.62,38,1
1904.2,41.61,38,1
1904.4,41.61,38,1
1904.6,41.62,38,1
1904.8,41.59,38,1
1905.0,41.59,38,1
1905.2,41.58,38,1
1905.4,41.64,38,1
1905.6,41.64,38,1
1905.8,41.64,38,1
1906.0,41.63,38,1
1906.2,41.62,38,1
1906.4,41.62,38,1
1906.6,41.6,38,1
1906.8,41.6,38,1
1907.0,41.6,38,1
1907.2,41.62,38,1
1907.4,41.65,38,1
1907.6,41.66,38,1
1907.8,41.65,38,1
1908.0,41.64,38,1
1908.2,41.64,38,1
1908.4,41.64,38,1
1908.6,41.63,38,1
1908.8,41.63,38,1
1909.0,41.63,38,1
1909.2,41.67,38,1
1909.4,41.67,38,1
1909.6,41.67,38,1
1909.8,41.65,38,1
1910.0,41.66,38,1
1910.2,41.66,38,1
1910.4,41.66,38,1
1910.6,41.64,38,1
1910.8,41.63,38,1
1911.0,41.64,38,1
1911.2,41.69,38,1
1911.4,41.68,38,1
1911.6,41.67,38,1
1911.8,41.67,38,1
1912.0,41.68,38,1
1912.2,41.67,38,1
1912.4,41.65,38,1
1912.6,41.64,38,1
1912.8,41.65,38,1
1913.0,41.69,38,1
1913.2,41.7,38,1
1913.4,41.69,38,1
1913.6,41.69,38,1
1913.8,41.67,38,1
1914.0,41.67,38,1
1914.2,41.69,38,1
1914.4,41.66,38,1
1914.6,41.65,38,1
1914.8,41.66,38,1
1915.0,41.7,38,1
1915.2,41.72,38,1
1915.4,41.7,38,1
1915.6,41.7,38,1
1915.8,41.7,38,1
1916.0,41.69,38,1
1916.2,41.68,38,1
1916.4,41.66,38,1
1916.6,41.69,38,1
1916.8,41.68,38,1
1917.0,41.72,38,1
1917.2,41.74,38,1
1917.4,41.73,38,1
1917.6,41.72,38,1
1917.8,41.72,38,1
1918.0,41.72,38,1
1918.2,41.71,38,1
1918.4,41.7,38,1
1918.6,41.71,38,1
1918.8,41.73,38,1
1919.0,41.74,38,1
1919.2,41.74,38,1
1919.4,41.73,38,1
1919.6,41.72,38,1
1919.8,41.74,38,1
1920.0,41.75,38,1
1920.2,41.71,38,1
1920.4,41.72,38,1
1920.6,41.7,38,1
1920.8,41.76,38,1
1921.0,41.76,38,1
1921.2,41.75,38,1
1921.4,41.74,38,1
1921.6,41.74,38,1
1921.8,41.75,38,1
1922.0,41.72,38,1
1922.2,41.73,38,1
1922.4,41.73,38,1
1922.6,41.78,38,1
1922.8,41.77,38,1
1923.0,41.77,38,1
1923.2,41.78,38,1
1923.4,41.76,38,1
1923.6,41.77,38,1
1923.8,41.77,38,1
1924.0,41.74,38,1
1924.2,41.74,38,1
1924.4,41.74,38,1
1924.6,41.79,38,1
1924.8,41.79,38,1
1925.0,41.79,38,1
1925.2,41.77,38,1
1925.4,41.78,38,1
1925.6,41.78,38,1
1925.8,41.75,38,1
1926.0,41.76,38,1
1926.2,41.75,38,1
1926.4,41.77,38,1
1926.6,41.8,38,1
1926.8,41.81,38,1
1927.0,41.8,38,1
1927.2,41.78,38,1
1927.4,41.79,38,1
1927.6,41.79,38,1
1927.8,41.78,38,1
1928.0,41.77,38,1
1928.2,41.78,38,1
1928.4,41.81,38,1
1928.6,41.82,38,1
1928.8,41.81,38,1
1929.0,41.8,38,1
1929.2,41.8,38,1
1929.4,41.82,38,1
1929.6,41.81,38,1
1929.8,41.79,38,1
1930.0,41.77,38,1
1930.2,41.78,38,1
1930.4,41.84,38,1
1930.6,41.84,38,1
1930.8,41.83,38,1
1931.0,41.82,38,1
1931.2,41.82,38,1
1931.4,41.82,38,1
1931.6,41.8,38,1
1931.8,41.81,38,1
1932.0,41.81,38,1
1932.2,41.85,38,1
1932.4,41.85,38,1
1932.6,41.85,38,1
1932.8,41.85,38,1
1933.0,41.84,38,1
1933.2,41.84,38,1
1933.4,41.85,38,1
1933.6,41.82,38,1
1933.8,41.81,38,1
1934.0,41.83,38,1
1934.2,41.87,38,1
1934.4,41.86,38,1
1934.6,41.86,38,1
1934.8,41.85,38,1
1935.0,41.85,38,1
1935.2,41.86,38,1
1935.4,41.83,38,1
1935.6,41.82,38,1
1935.8,41.84,38,1
1936.0,41.83,38,1
1936.2,41.89,38,1
1936.4,41.87,38,1
1936.6,41.88,38,1
1936.8,41.86,38,1
1937.0,41.87,38,1
1937.2,41.88,38,1
1937.4,41.85,38,1
1937.6,41.84,38,1
1937.8,41.85,38,1
1938.0,41.89,38,1
1938.2,41.88,38,1
1938.4,41.88,38,1
1938.6,41.87,38,1
1938.8,41.87,38,1
1939.0,41.88,38,1
1939.2,41.88,38,1
1939.4,41.86,38,1
1939.6,41.87,38,1
1939.8,41.87,38,1
1940.0,41.92,38,1
1940.2,41.9,38,1
1940.4,41.91,38,1
1940.6,41.89,38,1
1940.8,41.89,38,1
1941.0,41.89,38,1
1941.2,41.87,38,1
1941.4,41.89,38,1
1941.6,41.87,38,1
1941.8,41.92,38,1
1942.0,41.91,38,1
1942.2,41.92,38,1
1942.4,41.91,38,1
1942.6,41.91,38,1
1942.8,41.91,38,1
1943.0,41.92,38,1
1943.2,41.88,38,1
1943.4,41.89,38,1
1943.6,41.89,38,1
1943.8,41.93,38,1
1944.0,41.94,38,1
1944.2,41.95,38,1
1944.4,41.93,38,1
1944.6,41.93,38,1
1944.8,41.93,38,1
1945.0,41.9,38,1
1945.2,41.91,38,1
1945.4,41.89,38,1
1945.6,41.92,38,1
1945.8,41.94,38,1
1946.0,41.93,38,1
1946.2,41.94,38,1
1946.4,41.94,38,1
1946.6,41.93,38,1
1946.8,41.93,38,1
1947.0,41.91,38,1
1947.2,41.92,38,1
1947.4,41.91,38,1
1947.6,41.95,38,1
1947.8,41.95,38,1
1948.0,41.97,38,1
1948.2,41.95,38,1
1948.4,41.94,38,1
1948.6,41.95,38,1
1948.8,41.95,38,1
1949.0,41.92,38,1
1949.2,41.91,38,1
1949.4,41.93,38,1
1949.6,41.96,38,1
1949.8,41.97,38,1
1950.0,41.96,38,1
1950.2,41.95,38,1
1950.4,41.96,38,1
1950.6,41.96,38,1
1950.8,41.94,38,1
1951.0,41.94,38,1
1951.2,41.93,38,1
1951.4,41.97,38,1
1951.6,41.97,38,1
1951.8,41.98,38,1
1952.0,41.98,38,1
1952.2,41.96,38,1
1952.4,41.96,38,1
1952.6,41.96,38,1
1952.8,41.94,38,1
1953.0,41.93,38,1
1953.2,41.95,38,1
1953.4,41.99,38,1
1953.6,41.99,38,1
1953.8,41.98,38,1
1954.0,41.97,38,1
1954.2,41.97,38,1
1954.4,41.99,38,1
1954.6,41.96,38,1
1954.8,41.94,38,1
1955.0,41.97,38,1
1955.2,41.96,38,1
1955.4,42.0,38,1
1955.6,42.0,38,1
1955.8,42.01,38,1
1956.0,41.98,38,1
1956.2,41.99,38,1
1956.4,41.99,38,1
1956.6,41.97,38,1
1956.8,41.97,38,1
1957.0,41.97,38,1
1957.2,42.02,38,1
1957.4,42.02,38,1
1957.6,42.01,38,1
1957.8,41.99,38,1
1958.0,42.01,38,1
1958.2,42.01,38,1
1958.4,42.01,38,1
1958.6,41.97,38,1
1958.8,41.98,38,1
1959.0,41.98,38,1
1959.2,42.02,38,1
1959.4,42.02,38,1
1959.6,42.03,38,1
1959.8,42.02,38,1
1960.0,42.01,38,1
1960.2,42.02,38,1
1960.4,41.99,38,1
1960.6,42.01,38,1
1960.8,41.99,38,1
1961.0,42.04,38,1
1961.2,42.04,38,1
1961.4,42.03,38,1
1961.6,42.04,38,1
1961.8,42.03,38,1
1962.0,42.03,38,1
1962.2,42.03,38,1
1962.4,42.0,38,1
1962.6,42.01,38,1
1962.8,42.01,38,1
1963.0,42.05,38,1
1963.2,42.05,38,1
1963.4,42.05,38,1
1963.6,42.03,38,1
1963.8,42.04,38,1
1964.0,42.03,38,1
1964.2,42.0,38,1
1964.4,42.01,38,1
1964.6,42.02,38,1
1964.8,42.02,38,1
1965.0,42.06,38,1
1965.2,42.06,38,1
1965.4,42.06,38,1
1965.6,42.04,38,1
1965.8,42.05,38,1
1966.0,42.05,38,1
1966.2,42.02,38,1
1966.4,42.04,38,1
1966.6,42.02,38,1
1966.8,42.07,38,1
1967.0,42.07,38,1
1967.2,42.08,38,1
1967.4,42.06,38,1
1967.6,42.06,38,1
1967.8,42.06,38,1
1968.0,42.05,38,1
1968.2,42.05,38,1
1968.4,42.03,38,1
1968.6,42.04,38,1
1968.8,42.08,38,1
1969.0,42.08,38,1
1969.2,42.09,38,1
1969.4,42.07,38,1
1969.6,42.06,38,1
1969.8,42.06,38,1
1970.0,42.05,38,1
1970.2,42.06,38,1
1970.4,42.04,38,1
1970.6,42.08,38,1
1970.8,42.09,38,1
1971.0,42.09,38,1
1971.2,42.09,38,1
1971.4,42.08,38,1
1971.6,42.07,38,1
1971.8,42.08,38,1
1972.0,42.06,38,1
1972.2,42.06,38,1
1972.4,42.06,38,1
1972.6,42.11,38,1
1972.8,42.1,38,1
1973.0,42.09,38,1
1973.2,42.09,38,1
1973.4,42.08,38,1
1973.6,42.09,38,1
1973.8,42.07,38,1
1974.0,42.06,38,1
1974.2,42.08,38,1
1974.4,42.08,38,1
1974.6,42.11,38,1
1974.8,42.1,38,1
1975.0,42.12,38,1
1975.2,42.11,38,1
1975.4,42.09,38,1
1975.6,42.1,38,1
1975.8,42.08,38,1
1976.0,42.07,38,1
1976.2,42.08,38,1
1976.4,42.11,38,1
1976.6,42.13,38,1
1976.8,42.12,38,1
1977.0,42.1,38,1
1977.2,42.11,38,1
1977.4,42.1,38,1
1977.6,42.11,38,1
1977.8,42.08,38,1
1978.0,42.09,38,1
1978.2,42.08,38,1
1978.4,42.14,38,1
1978.6,42.13,38,1
1978.8,42.14,38,1
1979.0,42.11,38,1
1979.2,42.12,38,1
1979.4,42.12,38,1
1979.6,42.09,38,1
1979.8,42.1,38,1
1980.0,42.1,38,1
1980.2,42.14,38,1
1980.4,42.15,38,1
1980.6,42.15,38,1
1980.8,42.14,38,1
1981.0,42.13,38,1
1981.2,42.13,38,1
1981.4,42.13,38,1
1981.6,42.1,38,1
1981.8,42.11,38,1
1982.0,42.1,38,1
1982.2,42.15,38,1
1982.4,42.13,38,1
1982.6,42.15,38,1
1982.8,42.14,38,1
1983.0,42.15,38,1
1983.2,42.14,38,1
1983.4,42.09,38,1
1983.6,42.08,38,1
1983.8,42.08,38,1
1984.0,42.09,38,1
1984.2,42.12,38,1
1984.4,42.13,38,1
1984.6,42.11,38,1
1984.8,42.1,38,1
1985.0,42.11,38,1
1985.2,42.12,38,1
1985.4,42.07,38,1
1985.6,42.1,38,1
1985.8,42.08,38,1
1986.0,42.13,38,1
1986.2,42.13,38,1
1986.4,42.14,38,1
1986.6,42.11,38,1
1986.8,42.12,38,1
1987.0,42.11,38,1
1987.2,42.12,38,1
1987.4,42.1,38,1
1987.6,42.08,38,1
1987.8,42.1,38,1
1988.0,42.14,38,1
1988.2,42.15,38,1
1988.4,42.13,38,1
1988.6,42.12,38,1
1988.8,42.12,38,1
1989.0,42.13,38,1
1989.2,42.1,38,1
1989.4,42.11,38,1
1989.6,42.09,38,1
1989.8,42.14,38,1
1990.0,42.15,38,1
1990.2,42.16,38,1
1990.4,42.14,38,1
1990.6,42.14,38,1
1990.8,42.13,38,1
1991.0,42.15,38,1
1991.2,42.12,38,1
1991.4,42.12,38,1
1991.6,42.13,38,1
1991.8,42.16,38,1
1992.0,42.17,38,1
1992.2,42.15,38,1
1992.4,42.14,38,1
1992.6,42.16,38,1
1992.8,42.15,38,1
1993.0,42.12,38,1
1993.2,42.13,38,1
1993.4,42.11,38,1
1993.6,42.12,38,1
1993.8,42.18,38,1
1994.0,42.15,38,1
1994.2,42.16,38,1
1994.4,42.15,38,1
1994.6,42.16,38,1
1994.8,42.16,38,1
1995.0,42.13,38,1
1995.2,42.12,38,1
1995.4,42.12,38,1
1995.6,42.18,38,1
1995.8,42.18,38,1
1996.0,42.17,38,1
1996.2,42.16,38,1
1996.4,42.16,38,1
1996.6,42.17,38,1
1996.8,42.17,38,1
1997.0,42.13,38,1
1997.2,42.14,38,1
1997.4,42.14,38,1
1997.6,42.19,38,1
1997.8,42.18,38,1
1998.0,42.18,38,1
1998.2,42.16,28,1
1998.4,42.17,28,1
1998.6,42.19,28,1
1998.8,42.15,35,1
1999.0,42.15,35,1
1999.2,42.15,35,1
1999.4,42.14,35,1
1999.6,42.14,35,1
1999.8,42.12,35,1
2000.0,42.12,35,1
2000.2,42.13,35,1
2000.4,42.13,35,1
2000.6,42.12,35,1
2000.8,42.09,35,1
2001.0,42.1,35,1
2001.2,42.1,35,1
2001.4,42.09,35,1
2001.6,42.07,35,1
2001.8,42.07,35,1
2002.0,42.08,35,1
2002.2,42.07,35,1
2002.4,42.06,35,1
2002.6,42.07,35,1
2002.8,42.06,41,1
2003.0,42.06,41,1
2003.2,42.05,42,1
2003.4,42.06,43,1
2003.6,42.06,44,1
2003.8,42.02,46,1
2004.0,42.06,48,1
2004.2,42.06,48,1
2004.4,42.08,49,1
2004.6,42.09,49,1
2004.8,42.1,49,1
2005.0,42.11,49,1
2005.2,42.16,50,1
2005.4,42.16,50,1
2005.6,42.18,50,1
2005.8,42.18,50,1
2006.0,42.21,50,1
2006.2,42.21,50,1
2006.4,42.26,50,1
2006.6,42.24,50,1
2006.8,42.26,50,1
2007.0,42.29,50,1
2007.2,42.34,50,1
2007.4,42.37,50,1
2007.6,42.38,50,1
2007.8,42.41,50,1
2008.0,42.41,50,1
2008.2,42.44,50,1
2008.4,42.43,50,1
2008.6,42.46,50,1
2008.8,42.47,50,1
2009.0,42.53,50,1
2009.2,42.55,50,1
2009.4,42.58,50,1
2009.6,42.6,50,1
2009.8,42.6,50,1
2010.0,42.62,50,1
2010.2,42.65,50,1
2010.4,42.64,50,1
2010.6,42.65,50,1
2010.8,42.69,50,1
2011.0,42.74,50,1
2011.2,42.76,50,1
2011.4,42.77,50,1
2011.6,42.77,50,1
2011.8,42.79,50,1
2012.0,42.8,50,1
2012.2,42.81,50,1
2012.4,42.82,50,1
2012.6,42.84,50,1
2012.8,42.85,50,1
2013.0,42.9,50,1
2013.2,42.93,50,1
2013.4,42.94,50,1
2013.6,42.95,50,1
2013.8,42.97,50,1
2014.0,42.97,50,1
2014.2,42.99,50,1
2014.4,42.99,50,1
2014.6,43.02,50,1
2014.8,43.06,50,1
2015.0,43.07,50,1
2015.2,43.1,50,1
2015.4,43.09,50,1
2015.6,43.11,50,1
2015.8,43.13,50,1
2016.0,43.14,50,1
2016.2,43.13,50,1
2016.4,43.15,50,1
2016.6,43.16,50,1
2016.8,43.22,50,1
2017.0,43.24,50,1
2017.2,43.24,50,1
2017.4,43.24,50,1
2017.6,43.26,50,1
2017.8,43.27,50,1
2018.0,43.26,50,1
2018.2,43.27,50,1
2018.4,43.29,50,1
2018.6,43.35,50,1
2018.8,43.37,50,1
2019.0,43.39,50,1
2019.2,43.39,50,1
2019.4,43.39,50,1
2019.6,43.4,50,1
2019.8,43.42,50,1
2020.0,43.4,50,1
2020.2,43.43,50,1
2020.4,43.43,50,1
2020.6,43.49,50,1
2020.8,43.51,50,1
2021.0,43.52,50,1
2021.2,43.51,50,1
2021.4,43.52,50,1
2021.6,43.55,50,1
2021.8,43.53,50,1
2022.0,43.54,50,1
2022.2,43.55,50,1
2022.4,43.57,50,1
2022.6,43.63,50,1
2022.8,43.64,50,1
2023.0,43.64,50,1
2023.2,43.63,50,1
2023.4,43.66,50,1
2023.6,43.69,50,1
2023.8,43.66,50,1
2024.0,43.67,50,1
2024.2,43.69,50,1
2024.4,43.73,50,1
2024.6,43.76,50,1
2024.8,43.75,50,1
2025.0,43.77,50,1
2025.2,43.77,50,1
2025.4,43.79,50,1
2025.6,43.8,50,1
2025.8,43.79,50,1
2026.0,43.79,50,1
2026.2,43.82,50,1
2026.4,43.87,50,1
2026.6,43.88,50,1
2026.8,43.89,50,1
2027.0,43.88,50,1
2027.2,43.9,50,1
2027.4,43.9,50,1
2027.6,43.91,50,1
2027.8,43.9,50,1
2028.0,43.92,50,1
2028.2,43.98,50,1
2028.4,43.98,50,1
2028.6,44.0,50,1
2028.8,44.0,50,1
2029.0,44.0,50,1
2029.2,44.01,50,1
2029.4,44.03,50,1
2029.6,44.02,50,1
2029.8,44.01,50,1
2030.0,44.05,50,1
2030.2,44.09,50,1
2030.4,44.1,50,1
2030.6,44.11,50,1
2030.8,44.1,50,1
2031.0,44.11,50,1
2031.2,44.14,50,1
2031.4,44.12,50,1
2031.6,44.12,50,1
2031.8,44.13,50,1
2032.0,44.13,50,1
2032.2,44.2,50,1
2032.4,44.21,50,1
2032.6,44.22,50,1
2032.8,44.22,50,1
2033.0,44.23,50,1
2033.2,44.24,50,1
2033.4,44.22,50,1
2033.6,44.25,50,1
2033.8,44.25,50,1
2034.0,44.3,50,1
2034.2,44.31,50,1
2034.4,44.32,50,1
2034.6,44.31,50,1
2034.8,44.31,50,1
2035.0,44.33,50,1
2035.2,44.34,50,1
2035.4,44.32,50,1
2035.6,44.34,50,1
2035.8,44.34,50,1
2036.0,44.39,50,1
2036.2,44.4,50,1
2036.4,44.42,50,1
2036.6,44.41,50,1
2036.8,44.42,50,1
2037.0,44.43,50,1
2037.2,44.41,50,1
2037.4,44.44,50,1
2037.6,44.44,50,1
2037.8,44.48,50,1
2038.0,44.49,50,1
2038.2,44.51,50,1
2038.4,44.51,50,1
2038.6,44.51,50,1
2038.8,44.52,50,1
2039.0,44.53,50,1
2039.2,44.51,50,1
2039.4,44.52,50,1
2039.6,44.51,50,1
2039.8,44.57,50,1
2040.0,44.59,50,1
2040.2,44.59,50,1
2040.4,44.59,50,1
2040.6,44.6,50,1
2040.8,44.61,50,1
2041.0,44.59,50,1
2041.2,44.6,50,1
2041.4,44.61,50,1
2041.6,44.63,50,1
2041.8,44.67,50,1
2042.0,44.68,50,1
2042.2,44.69,50,1
2042.4,44.69,50,1
2042.6,44.7,50,1
2042.8,44.72,50,1
2043.0,44.71,50,1
2043.2,44.72,50,1
2043.4,44.71,50,1
2043.6,44.76,50,1
2043.8,44.77,50,1
2044.0,44.77,50,1
2044.2,44.77,50,1
2044.4,44.78,50,1
2044.6,44.8,50,1
2044.8,44.8,50,1
2045.0,44.79,50,1
2045.2,44.79,50,1
2045.4,44.83,50,1
2045.6,44.86,50,1
2045.8,44.87,50,1
2046.0,44.88,50,1
2046.2,44.87,50,1
2046.4,44.88,50,1
2046.6,44.88,50,1
2046.8,44.87,50,1
2047.0,44.88,50,1
2047.2,44.89,50,1
2047.4,44.94,50,1
2047.6,44.95,50,1
2047.8,44.96,50,1
2048.0,44.97,50,1
2048.2,44.97,50,1
2048.4,44.98,50,1
2048.6,44.99,50,1
2048.8,44.98,50,1
2049.0,44.96,50,1
2049.2,44.99,50,1
2049.4,45.03,50,1
2049.6,45.03,50,1
2049.8,45.05,50,1
2050.0,45.05,50,1
2050.2,45.05,50,1
2050.4,45.06,50,1
2050.6,45.05,50,1
2050.8,45.05,50,1
2051.0,45.07,50,1
2051.2,45.07,50,1
2051.4,45.12,50,1
2051.6,45.12,50,1
2051.8,45.12,50,1
2052.0,45.13,50,1
2052.2,45.14,50,1
2052.4,45.15,50,1
2052.6,45.14,50,1
2052.8,45.13,50,1
2053.0,45.14,50,1
2053.2,45.19,50,1
2053.4,45.2,50,1
2053.6,45.21,50,1
2053.8,45.2,50,1
2054.0,45.21,50,1
2054.2,45.22,50,1
2054.4,45.23,50,1
2054.6,45.21,50,1
2054.8,45.22,50,1
2055.0,45.22,50,1
2055.2,45.26,50,1
2055.4,45.27,50,1
2055.6,45.28,50,1
2055.8,45.28,50,1
2056.0,45.29,50,1
2056.2,45.29,50,1
2056.4,45.28,50,1
2056.6,45.28,50,1
2056.8,45.29,50,1
2057.0,45.35,50,1
2057.2,45.34,50,1
2057.4,45.36,50,1
2057.6,45.35,50,1
2057.8,45.35,50,1
2058.0,45.36,50,1
2058.2,45.37,50,1
2058.4,45.34,50,1
2058.6,45.36,50,1
2058.8,45.36,50,1
2059.0,45.42,50,1
2059.2,45.43,50,1
2059.4,45.43,50,1
2059.6,45.43,50,1
2059.8,45.43,50,1
2060.0,45.43,50,1
2060.2,45.41,50,1
2060.4,45.43,50,1
2060.6,45.43,50,1
2060.8,45.44,50,1
2061.0,45.48,50,1
2061.2,45.49,50,1
2061.4,45.49,50,1
2061.6,45.5,50,1
2061.8,45.49,50,1
2062.0,45.51,50,1
2062.2,45.48,50,1
2062.4,45.5,50,1
2062.6,45.5,50,1
2062.8,45.55,50,1
2063.0,45.55,50,1
2063.2,45.56,50,1
2063.4,45.56,50,1
2063.6,45.57,50,1
2063.8,45.57,50,1
2064.0,45.58,50,1
2064.2,45.57,50,1
2064.4,45.57,50,1
2064.6,45.59,50,1
2064.8,45.63,50,1
2065.0,45.63,50,1
2065.2,45.64,50,1
2065.4,45.64,50,1
2065.6,45.64,50,1
2065.8,45.65,50,1
2066.0,45.64,50,1
2066.2,45.64,50,1
2066.4,45.65,50,1
2066.6,45.69,50,1
2066.8,45.71,50,1
2067.0,45.7,50,1
2067.2,45.72,50,1
2067.4,45.7,50,1
2067.6,45.71,50,1
2067.8,45.72,50,1
2068.0,45.7,50,1
2068.2,45.69,50,1
2068.4,45.71,50,1
2068.6,45.75,50,1
2068.8,45.76,50,1
2069.0,45.77,50,1
2069.2,45.76,50,1
2069.4,45.78,50,1
2069.6,45.78,50,1
2069.8,45.76,50,1
2070.0,45.77,50,1
2070.2,45.76,50,1
2070.4,45.78,50,1
2070.6,45.82,50,1
2070.8,45.82,50,1
2071.0,45.83,50,1
2071.2,45.82,50,1
2071.4,45.83,50,1
2071.6,45.83,50,1
2071.8,45.82,50,1
2072.0,45.83,50,1
2072.2,45.83,50,1
2072.4,45.88,50,1
2072.6,45.87,50,1
2072.8,45.88,50,1
2073.0,45.87,50,1
2073.2,45.89,50,1
2073.4,45.89,50,1
2073.6,45.9,50,1
2073.8,45.87,50,1
2074.0,45.88,50,1
2074.2,45.88,50,1
2074.4,45.93,50,1
2074.6,45.93,50,1
2074.8,45.94,50,1
2075.0,45.94,50,1
2075.2,45.94,50,1
2075.4,45.96,50,1
2075.6,45.95,50,1
2075.8,45.94,50,1
2076.0,45.96,50,1
2076.2,45.99,50,1
2076.4,46.0,50,1
2076.6,46.01,50,1
2076.8,46.0,50,1
2077.0,46.0,50,1
2077.2,46.01,50,1
2077.4,46.03,50,1
2077.6,46.0,50,1
2077.8,46.02,50,1
2078.0,45.99,50,1
2078.2,46.06,50,1
2078.4,46.07,50,1
2078.6,46.06,50,1
2078.8,46.04,50,1
2079.0,46.05,50,1
2079.2,46.05,50,1
2079.4,46.04,50,1
2079.6,46.04,50,1
2079.8,46.05,50,1
2080.0,46.06,50,1
2080.2,46.09,50,1
2080.4,46.11,50,1
2080.6,46.11,50,1
2080.8,46.1,50,1
2081.0,46.11,50,1
2081.2,46.11,50,1
2081.4,46.08,50,1
2081.6,46.1,50,1
2081.8,46.11,50,1
2082.0,46.16,50,1
2082.2,46.16,50,1
2082.4,46.15,50,1
2082.6,46.16,50,1
2082.8,46.17,50,1
2083.0,46.18,50,1
2083.2,46.19,50,1
2083.4,46.15,50,1
2083.6,46.15,50,1
2083.8,46.17,50,1
2084.0,46.21,50,1
2084.2,46.21,50,1
2084.4,46.22,50,1
2084.6,46.22,50,1
2084.8,46.22,50,1
2085.0,46.22,50,1
2085.2,46.2,50,1
2085.4,46.21,50,1
2085.6,46.21,50,1
2085.8,46.26,50,1
2086.0,46.28,50,1
2086.2,46.25,50,1
2086.4,46.26,50,1
2086.6,46.27,50,1
2086.8,46.27,50,1
2087.0,46.27,50,1
2087.2,46.25,50,1
2087.4,46.26,50,1
2087.6,46.26,50,1
2087.8,46.31,50,1
2088.0,46.31,50,1
2088.2,46.3,50,1
2088.4,46.31,50,1
2088.6,46.31,50,1
2088.8,46.31,50,1
2089.0,46.3,50,1
2089.2,46.29,50,1
2089.4,46.31,50,1
2089.6,46.32,50,1
2089.8,46.34,50,1
2090.0,46.36,50,1
2090.2,46.36,50,1
2090.4,46.35,50,1
2090.6,46.35,50,1
2090.8,46.36,50,1
2091.0,46.34,50,1
2091.2,46.34,50,1
2091.4,46.35,50,1
2091.6,46.4,50,1
2091.8,46.41,50,1
2092.0,46.41,50,1
2092.2,46.4,50,1
2092.4,46.39,50,1
2092.6,46.4,50,1
2092.8,46.41,50,1
2093.0,46.39,50,1
2093.2,46.4,50,1
2093.4,46.4,50,1
2093.6,46.43,50,1
2093.8,46.44,50,1
2094.0,46.46,50,1
2094.2,46.45,50,1
2094.4,46.45,50,1
2094.6,46.46,50,1
2094.8,46.45,50,1
2095.0,46.44,50,1
2095.2,46.44,50,1
2095.4,46.49,50,1
2095.6,46.47,50,1
2095.8,46.5,50,1
2096.0,46.5,50,1
2096.2,46.47,50,1
2096.4,46.49,50,1
2096.6,46.5,50,1
2096.8,46.48,50,1
2097.0,46.5,50,1
2097.2,46.48,50,1
2097.4,46.53,50,1
2097.6,46.54,50,1
2097.8,46.53,50,1
2098.0,46.53,50,1
2098.2,46.51,50,1
2098.4,46.55,50,1
2098.6,46.53,50,1
2098.8,46.51,50,1
2099.0,46.52,50,1
2099.2,46.53,50,1
2099.4,46.57,50,1
2099.6,46.59,50,1
2099.8,46.57,50,1
2100.0,46.58,50,1
2100.2,46.59,50,1
2100.4,46.59,50,1
2100.6,46.55,50,1
2100.8,46.58,50,1
2101.0,46.56,50,1
2101.2,46.6,50,1
2101.4,46.6,50,1
2101.6,46.62,50,1
2101.8,46.62,50,1
2102.0,46.61,50,1
2102.2,46.63,50,1
2102.4,46.63,50,1
2102.6,46.62,50,1
2102.8,46.62,50,1
2103.0,46.62,50,1
2103.2,46.65,50,1
2103.4,46.68,50,1
2103.6,46.66,50,1
2103.8,46.66,50,1
2104.0,46.65,50,1
2104.2,46.65,50,1
2104.4,46.61,50,1
2104.6,46.64,50,1
2104.8,46.64,50,1
2105.0,46.69,50,1
2105.2,46.69,50,1
2105.4,46.7,50,1
2105.6,46.7,50,1
2105.8,46.68,50,1
2106.0,46.69,50,1
2106.2,46.7,50,1
2106.4,46.67,50,1
2106.6,46.66,50,1
2106.8,46.69,50,1
2107.0,46.72,50,1
2107.2,46.74,50,1
2107.4,46.73,50,1
2107.6,46.71,50,1
2107.8,46.72,50,1
2108.0,46.74,50,1
2108.2,46.72,50,1
2108.4,46.73,50,1
2108.6,46.71,50,1
2108.8,46.74,50,1
2109.0,46.76,50,1
2109.2,46.77,50,1
2109.4,46.78,50,1
2109.6,46.77,50,1
2109.8,46.77,50,1
2110.0,46.76,50,1
2110.2,46.74,50,1
2110.4,46.74,50,1
2110.6,46.76,50,1
2110.8,46.79,50,1
2111.0,46.79,50,1
2111.2,46.8,50,1
2111.4,46.8,50,1
2111.6,46.79,50,1
2111.8,46.79,50,1
2112.0,46.8,50,1
2112.2,46.8,50,1
2112.4,46.79,50,1
2112.6,46.8,50,1
2112.8,46.84,50,1
2113.0,46.85,50,1
2113.2,46.84,50,1
2113.4,46.83,50,1
2113.6,46.83,50,1
2113.8,46.83,50,1
2114.0,46.83,50,1
2114.2,46.82,50,1
2114.4,46.84,50,1
2114.6,46.87,50,1
2114.8,46.87,50,1
2115.0,46.87,50,1
2115.2,46.88,50,1
2115.4,46.86,50,1
2115.6,46.87,50,1
2115.8,47.08,50,1
2116.0,46.95,50,1
2116.2,46.95,50,1
2116.4,46.96,50,1
2116.6,47.0,50,1
2116.8,47.0,50,1
2117.0,47.0,50,1
2117.2,46.98,50,1
2117.4,46.99,50,1
2117.6,47.0,50,1
2117.8,46.99,50,1
2118.0,46.96,50,1
2118.2,47.0,50,1
2118.4,46.99,50,1
2118.6,47.03,50,1
2118.8,47.02,50,1
2119.0,47.05,50,1
2119.2,47.01,50,1
2119.4,47.02,50,1
2119.6,47.04,50,1
2119.8,46.99,50,1
2120.0,47.02,50,1
2120.2,47.01,50,1
2120.4,47.05,50,1
2120.6,47.08,50,1
2120.8,47.07,50,1
2121.0,47.07,50,1
2121.2,47.08,50,1
2121.4,47.1,50,1
2121.6,47.09,50,1
2121.8,47.07,50,1
2122.0,47.08,50,1
2122.2,47.08,50,1
2122.4,47.09,50,1
2122.6,47.12,50,1
2122.8,47.12,50,1
2123.0,47.11,50,1
2123.2,47.11,50,1
2123.4,47.12,50,1
2123.6,47.1,50,1
2123.8,47.09,50,1
2124.0,47.08,50,1
2124.2,47.11,50,1
2124.4,47.15,50,1
2124.6,47.14,50,1
2124.8,47.15,50,1
2125.0,47.14,50,1
2125.2,47.16,50,1
2125.4,47.14,50,1
2125.6,47.11,50,1
2125.8,47.13,50,1
2126.0,47.13,50,1
2126.2,47.17,50,1
2126.4,47.19,50,1
2126.6,47.18,50,1
2126.8,47.17,50,1
2127.0,47.18,50,1
2127.2,47.19,50,1
2127.4,47.15,50,1
2127.6,47.17,50,1
2127.8,47.14,50,1
2128.0,47.19,50,1
2128.2,47.2,50,1
2128.4,47.21,50,1
2128.6,47.21,50,1
2128.8,47.2,50,1
2129.0,47.2,50,1
2129.2,47.21,50,1
2129.4,47.2,50,1
2129.6,47.19,50,1
2129.8,47.2,50,1
2130.0,47.25,50,1
2130.2,47.23,50,1
2130.4,47.24,50,1
2130.6,47.23,50,1
2130.8,47.41,50,1
2131.0,47.41,50,1
2131.2,47.41,50,1
2131.4,47.39,50,1
2131.6,47.41,50,1
2131.8,47.4,50,1
2132.0,47.44,50,1
2132.2,47.44,50,1
2132.4,47.42,50,1
2132.6,47.42,50,1
2132.8,47.42,50,1
2133.0,47.43,50,1
2133.2,47.41,50,1
2133.4,47.4,50,1
2133.6,47.41,50,1
2133.8,47.46,50,1
2134.0,47.45,50,1
2134.2,47.47,50,1
2134.4,47.45,50,1
2134.6,47.46,50,1
2134.8,47.45,50,1
2135.0,47.46,50,1
2135.2,47.45,50,1
2135.4,47.44,50,1
2135.6,47.45,50,1
2135.8,47.48,50,1
2136.0,47.48,50,1
2136.2,47.5,50,1
2136.4,47.48,50,1
2136.6,47.47,50,1
2136.8,47.47,50,1
2137.0,47.47,50,1
2137.2,47.45,50,1
2137.4,47.46,50,1
2137.6,47.45,50,1
2137.8,47.51,50,1
2138.0,47.52,50,1
2138.2,47.52,50,1
2138.4,47.51,50,1
2138.6,47.52,50,1
2138.8,47.52,50,1
2139.0,47.48,50,1
2139.2,47.5,50,1
2139.4,47.48,50,1
2139.6,47.54,50,1
2139.8,47.55,50,1
2140.0,47.56,50,1
2140.2,47.55,50,1
2140.4,47.54,50,1
2140.6,47.53,50,1
2140.8,47.55,50,1
2141.0,47.53,50,1
2141.2,47.52,50,1
2141.4,47.51,50,1
2141.6,47.58,50,1
2141.8,47.58,50,1
2142.0,47.57,50,1
2142.2,47.56,50,1
2142.4,47.55,50,1
2142.6,47.56,50,1
2142.8,47.51,50,1
2143.0,47.54,50,1
2143.2,47.51,50,1
2143.4,47.58,50,1
2143.6,47.58,50,1
2143.8,47.59,50,1
2144.0,47.62,50,1
2144.2,47.61,50,1
2144.4,47.59,50,1
2144.6,47.6,50,1
2144.8,47.57,50,1
2145.0,47.6,50,1
2145.2,47.59,50,1
2145.4,47.62,50,1
2145.6,47.63,50,1
2145.8,47.64,50,1
2146.0,47.62,50,1
2146.2,47.62,50,1
2146.4,47.61,50,1
2146.6,47.59,50,1
2146.8,47.61,50,1
2147.0,47.6,50,1
2147.2,47.62,50,1
2147.4,47.64,50,1
2147.6,47.65,50,1
2147.8,47.64,50,1
2148.0,47.64,50,1
2148.2,47.62,50,1
2148.4,47.64,50,1
2148.6,47.61,50,1
2148.8,47.6,50,1
2149.0,47.62,50,1
2149.2,47.66,50,1
2149.4,47.66,50,1
2149.6,47.68,50,1
2149.8,47.66,50,1
2150.0,47.67,50,1
2150.2,47.67,50,1
2150.4,47.66,50,1
2150.6,47.64,50,1
2150.8,47.63,50,1
2151.0,47.65,50,1
2151.2,47.68,50,1
2151.4,47.68,50,1
2151.6,47.69,50,1
2151.8,47.68,50,1
2152.0,47.68,50,1
2152.2,47.69,50,1
2152.4,47.68,50,1
2152.6,47.65,50,1
2152.8,47.66,50,1
2153.0,47.7,50,1
2153.2,47.7,50,1
2153.4,47.7,50,1
2153.6,47.71,50,1
2153.8,47.7,50,1
2154.0,47.72,50,1
2154.2,47.73,50,1
2154.4,47.7,50,1
2154.6,47.69,50,1
2154.8,47.7,50,1
2155.0,47.74,50,1
2155.2,47.73,50,1
2155.4,47.75,50,1
2155.6,47.72,50,1
2155.8,47.74,50,1
2156.0,47.72,50,1
2156.2,47.7,50,1
2156.4,47.71,50,1
2156.6,47.73,50,1
2156.8,47.7,50,1
2157.0,47.75,50,1
2157.2,47.77,50,1
2157.4,47.76,50,1
2157.6,47.75,50,1
2157.8,47.75,50,1
2158.0,47.77,50,1
2158.2,47.73,50,1
2158.4,47.74,50,1
2158.6,47.74,50,1
2158.8,47.78,50,1
2159.0,47.78,50,1
2159.2,47.78,50,1
2159.4,47.78,50,1
2159.6,47.78,50,1
2159.8,47.78,50,1
2160.0,47.79,50,1
2160.2,47.75,50,1
2160.4,47.76,50,1
2160.6,47.76,50,1
2160.8,47.8,50,1
2161.0,47.8,50,1
2161.2,47.8,50,1
2161.4,47.79,50,1
2161.6,47.8,50,1
2161.8,47.79,50,1
2162.0,47.76,50,1
2162.2,47.77,50,1
2162.4,47.76,50,1
2162.6,47.82,50,1
2162.8,47.81,50,1
2163.0,47.81,50,1
2163.2,47.83,50,1
2163.4,47.81,50,1
2163.6,47.8,50,1
2163.8,47.81,50,1
2164.0,47.78,50,1
2164.2,47.79,50,1
2164.4,47.78,50,1
2164.6,47.83,50,1
2164.8,47.77,50,1
2165.0,47.73,50,1
2165.2,47.74,50,1
2165.4,47.74,50,1
2165.6,47.75,50,1
2165.8,47.73,50,1
2166.0,47.72,50,1
2166.2,47.72,50,1
2166.4,47.73,50,1
2166.6,47.77,50,1
2166.8,47.77,50,1
2167.0,47.78,50,1
2167.2,47.77,50,1
2167.4,47.76,50,1
2167.6,47.78,50,1
2167.8,47.75,50,1
2168.0,47.75,50,1
2168.2,47.75,50,1
2168.4,47.78,50,1
2168.6,47.79,50,1
2168.8,47.79,50,1
2169.0,47.78,50,1
2169.2,47.78,50,1
2169.4,47.77,50,1
2169.6,47.79,50,1
2169.8,47.77,50,1
2170.0,47.75,50,1
2170.2,47.77,50,1
2170.4,47.81,50,1
2170.6,47.81,50,1
2170.8,47.81,50,1
2171.0,47.8,50,1
2171.2,47.81,50,1
2171.4,47.82,50,1
2171.6,47.79,50,1
2171.8,47.79,50,1
2172.0,47.8,50,1
2172.2,47.83,50,1
2172.4,47.85,50,1
2172.6,47.83,50,1
2172.8,47.84,50,1
2173.0,47.83,50,1
2173.2,47.82,50,1
2173.4,47.81,50,1
2173.6,47.8,50,1
2173.8,47.8,50,1
2174.0,47.8,50,1
2174.2,47.85,50,1
2174.4,47.83,50,1
2174.6,47.85,50,1
2174.8,47.83,50,1
2175.0,47.83,50,1
2175.2,47.83,50,1
2175.4,47.82,50,1
2175.6,47.8,50,1
2175.8,47.81,50,1
2176.0,47.81,50,1
2176.2,47.85,50,1
2176.4,47.86,50,1
2176.6,47.85,50,1
2176.8,47.84,50,1
2177.0,47.84,50,1
2177.2,47.85,50,1
2177.4,47.82,50,1
2177.6,47.82,50,1
2177.8,47.84,50,1
2178.0,47.86,50,1
2178.2,47.87,50,1
2178.4,47.87,50,1
2178.6,47.85,50,1
2178.8,47.86,50,1
2179.0,47.88,50,1
2179.2,47.87,50,1
2179.4,47.83,50,1
2179.6,47.84,50,1
2179.8,47.84,50,1
2180.0,47.89,50,1
2180.2,47.89,50,1
2180.4,47.88,50,1
2180.6,47.88,50,1
2180.8,47.88,50,1
2181.0,47.89,50,1
2181.2,47.86,50,1
2181.4,47.86,50,1
2181.6,47.85,50,1
2181.8,47.91,50,1
2182.0,47.91,50,1
2182.2,47.92,50,1
2182.4,47.91,50,1
2182.6,47.89,50,1
2182.8,47.9,50,1
2183.0,47.89,50,1
2183.2,47.87,50,1
2183.4,47.88,50,1
2183.6,47.88,50,1
2183.8,47.91,50,1
2184.0,47.93,50,1
2184.2,47.93,50,1
2184.4,47.91,50,1
2184.6,47.92,50,1
2184.8,47.91,50,1
2185.0,47.88,50,1
2185.2,47.89,50,1
2185.4,47.9,50,1
2185.6,47.9,50,1
2185.8,47.94,50,1
2186.0,47.94,50,1
2186.2,47.92,50,1
2186.4,47.92,50,1
2186.6,47.91,50,1
2186.8,47.91,50,1
2187.0,47.91,50,1
2187.2,47.9,50,1
2187.4,47.9,50,1
2187.6,47.93,50,1
2187.8,47.94,50,1
2188.0,47.94,50,1
2188.2,47.93,50,1
2188.4,47.93,50,1
2188.6,47.92,50,1
2188.8,47.92,50,1
2189.0,47.91,50,1
2189.2,47.91,50,1
2189.4,47.91,50,1
2189.6,47.96,50,1
2189.8,47.94,50,1
2190.0,47.95,50,1
2190.2,47.93,50,1
2190.4,47.95,50,1
2190.6,47.94,50,1
2190.8,47.94,50,1
2191.0,47.92,50,1
2191.2,47.94,50,1
2191.4,47.96,50,1
2191.6,47.96,50,1
2191.8,47.96,50,1
2192.0,47.97,50,1
2192.2,47.96,50,1
2192.4,47.96,50,1
2192.6,47.96,50,1
2192.8,47.94,50,1
2193.0,47.94,50,1
2193.2,47.94,50,1
2193.4,47.99,50,1
2193.6,47.98,50,1
2193.8,47.98,50,1
2194.0,47.97,50,1
2194.2,47.98,50,1
2194.4,47.98,50,1
2194.6,47.96,50,1
2194.8,47.95,50,1
2195.0,47.95,50,1
2195.2,47.95,50,1
2195.4,47.99,50,1
2195.6,48.0,50,1
2195.8,48.01,50,1
2196.0,47.98,50,1
2196.2,47.99,50,1
2196.4,48.0,50,1
2196.6,47.97,50,1
2196.8,47.97,50,1
2197.0,47.98,50,1
2197.2,48.01,50,1
2197.4,48.0,50,1
2197.6,48.02,50,1
2197.8,48.0,50,1
2198.0,48.0,50,1
2198.2,48.01,50,1
2198.4,48.01,50,1
2198.6,47.97,50,1
2198.8,47.98,50,1
2199.0,47.98,50,1
2199.2,48.03,50,1
2199.4,48.03,50,1
2199.6,48.03,50,1
2199.8,48.02,50,1
2200.0,48.02,50,1
2200.2,48.03,50,1
2200.4,47.99,50,1
2200.6,48.0,50,1
2200.8,48.01,50,1
2201.0,48.04,50,1
2201.2,48.05,50,1
2201.4,48.05,50,1
2201.6,48.04,50,1
2201.8,48.03,50,1
2202.0,48.02,50,1
2202.2,48.03,50,1
2202.4,48.0,50,1
2202.6,48.02,50,1
2202.8,48.0,50,1
2203.0,48.05,50,1
2203.2,48.06,50,1
2203.4,48.05,50,1
2203.6,48.05,50,1
2203.8,48.04,50,1
2204.0,48.04,50,1
2204.2,48.02,50,1
2204.4,48.03,50,1
2204.6,48.02,50,1
2204.8,48.04,50,1
2205.0,48.05,50,1
2205.2,48.07,50,1
2205.4,48.07,50,1
2205.6,48.06,50,1
2205.8,48.06,50,1
2206.0,48.06,50,1
2206.2,48.04,50,1
2206.4,48.04,50,1
2206.6,48.02,50,1
2206.8,48.07,50,1
2207.0,48.09,50,1
2207.2,48.08,50,1
2207.4,48.07,50,1
2207.6,48.07,50,1
2207.8,48.07,50,1
2208.0,48.07,50,1
2208.2,48.05,50,1
2208.4,48.04,50,1
2208.6,48.06,50,1
2208.8,48.09,50,1
2209.0,48.1,50,1
2209.2,48.1,50,1
2209.4,48.08,50,1
2209.6,48.09,50,1
2209.8,48.08,50,1
2210.0,48.06,50,1
2210.2,48.06,50,1
2210.4,48.07,50,1
2210.6,48.1,50,1
2210.8,48.1,50,1
2211.0,48.11,50,1
2211.2,48.11,50,1
2211.4,48.1,50,1
2211.6,48.09,50,1
2211.8,48.09,50,1
2212.0,48.07,50,1
2212.2,48.07,50,1
2212.4,48.08,50,1
2212.6,48.12,50,1
2212.8,48.11,50,1
2213.0,48.13,50,1
2213.2,48.1,50,1
2213.4,48.1,50,1
2213.6,48.11,50,1
2213.8,48.08,50,1
2214.0,48.08,50,1
2214.2,48.09,50,1
2214.4,48.09,50,1
2214.6,48.13,50,1
2214.8,48.13,50,1
2215.0,48.13,50,1
2215.2,48.12,50,1
2215.4,48.11,50,1
2215.6,48.12,50,1
2215.8,48.09,50,1
2216.0,48.08,50,1
2216.2,48.1,50,1
2216.4,48.14,50,1
2216.6,48.14,50,1
2216.8,48.14,50,1
2217.0,48.12,50,1
2217.2,48.12,50,1
2217.4,48.13,50,1
2217.6,48.13,50,1
2217.8,48.1,50,1
2218.0,48.11,50,1
2218.2,48.1,50,1
2218.4,48.15,50,1
2218.6,48.15,50,1
2218.8,48.14,50,1
2219.0,48.13,50,1
2219.2,48.14,50,1
2219.4,48.14,50,1
2219.6,48.12,50,1
2219.8,48.11,50,1
2220.0,48.12,50,1
2220.2,48.17,50,1
2220.4,48.15,50,1
2220.6,48.17,50,1
2220.8,48.15,50,1
2221.0,48.14,50,1
2221.2,48.15,50,1
2221.4,48.16,50,1
2221.6,48.12,50,1
2221.8,48.13,50,1
2222.0,48.12,50,1
2222.2,48.16,50,1
2222.4,48.17,50,1
2222.6,48.17,50,1
2222.8,48.16,50,1
2223.0,48.16,50,1
2223.2,48.16,50,1
2223.4,48.12,50,1
2223.6,48.14,50,1
2223.8,48.13,50,1
2224.0,48.14,50,1
2224.2,48.17,50,1
2224.4,48.17,50,1
2224.6,48.18,50,1
2224.8,48.16,50,1
2225.0,48.17,50,1
2225.2,48.16,50,1
2225.4,48.13,50,1
2225.6,48.14,50,1
2225.8,48.13,50,1
2226.0,48.18,50,1
2226.2,48.18,50,1
2226.4,48.18,50,1
2226.6,48.16,50,1
2226.8,48.17,50,1
2227.0,48.17,50,1
2227.2,48.17,50,1
2227.4,48.15,50,1
2227.6,48.12,50,1
2227.8,48.14,50,1
2228.0,48.17,50,1
2228.2,48.17,50,1
2228.4,48.17,50,1
2228.6,48.17,50,1
2228.8,48.16,50,1
2229.0,48.16,50,1
2229.2,48.14,50,1
2229.4,48.14,50,1
2229.6,48.15,50,1
2229.8,48.17,50,1
2230.0,48.19,50,1
2230.2,48.18,50,1
2230.4,48.18,50,1
2230.6,48.16,50,1
2230.8,48.17,50,1
2231.0,48.17,50,1
2231.2,48.14,50,1
2231.4,48.14,50,1
2231.6,48.15,50,1
2231.8,48.19,50,1
2232.0,48.19,50,1
2232.2,48.2,50,1
2232.4,48.18,50,1
2232.6,48.18,50,1
2232.8,48.18,50,1
2233.0,48.16,50,1
2233.2,48.16,50,1
2233.4,48.16,50,1
2233.6,48.16,50,1
2233.8,48.19,50,1
2234.0,48.21,50,1
2234.2,48.2,50,1
2234.4,48.19,50,1
2234.6,48.19,50,1
2234.8,48.19,50,1
2235.0,48.16,50,1
2235.2,48.16,50,1
2235.4,48.17,50,1
2235.6,48.21,50,1
2235.8,48.21,50,1
2236.0,48.21,50,1
2236.2,48.2,50,1
2236.4,48.2,50,1
2236.6,48.2,50,1
2236.8,48.21,50,1
2237.0,48.17,50,1
2237.2,48.18,50,1
2237.4,48.18,50,1
2237.6,48.23,50,1
2237.8,48.23,50,1
2238.0,48.22,50,1
2238.2,48.21,50,1
2238.4,48.22,50,1
2238.6,48.22,50,1
2238.8,48.2,50,1
2239.0,48.19,50,1
2239.2,48.21,50,1
2239.4,48.23,50,1
2239.6,48.23,50,1
2239.8,48.24,50,1
2240.0,48.23,50,1
2240.2,48.22,50,1
2240.4,48.23,50,1
2240.6,48.23,50,1
2240.8,48.2,50,1
2241.0,48.21,50,1
2241.2,48.2,50,1
2241.4,48.26,50,1
2241.6,48.24,50,1
2241.8,48.25,50,1
2242.0,48.24,50,1
2242.2,48.23,50,1
2242.4,48.24,50,1
2242.6,48.21,50,1
2242.8,48.22,50,1
2243.0,48.21,50,1
2243.2,48.22,50,1
2243.4,48.25,50,1
2243.6,48.25,50,1
2243.8,48.26,50,1
2244.0,48.24,50,1
2244.2,48.25,50,1
2244.4,48.25,50,1
2244.6,48.21,50,1
2244.8,48.23,50,1
2245.0,48.21,50,1
2245.2,48.25,50,1
2245.4,48.27,50,1
2245.6,48.27,50,1
2245.8,48.26,50,1
2246.0,48.25,50,1
2246.2,48.26,50,1
2246.4,48.26,50,1
2246.6,48.23,50,1
2246.8,48.22,50,1
2247.0,48.23,50,1
2247.2,48.26,50,1
2247.4,48.26,50,1
2247.6,48.27,50,1
2247.8,48.26,50,1
2248.0,48.26,50,1
2248.2,48.26,50,1
2248.4,48.25,50,1
2248.6,48.24,50,1
2248.8,48.23,50,1
2249.0,48.29,50,1
2249.2,48.28,50,1
2249.4,48.29,50,1
2249.6,48.27,50,1
2249.8,48.28,50,1
2250.0,48.26,50,1
2250.2,48.27,50,1
2250.4,48.25,50,1
2250.6,48.24,50,1
2250.8,48.25,50,1
2251.0,48.28,50,1
2251.2,48.29,50,1
2251.4,48.28,50,1
2251.6,48.28,50,1
2251.8,48.27,50,1
2252.0,48.28,50,1
2252.2,48.25,50,1
2252.4,48.25,50,1
2252.6,48.29,50,1
2252.8,48.26,50,1
2253.0,48.3,50,1
2253.2,48.29,50,1
2253.4,48.3,50,1
2253.6,48.28,50,1
2253.8,48.29,50,1
2254.0,48.29,50,1
2254.2,48.27,50,1
2254.4,48.25,50,1
2254.6,48.26,50,1
2254.8,48.32,50,1
2255.0,48.31,50,1
2255.2,48.32,50,1
2255.4,48.3,50,1
2255.6,48.28,50,1
2255.8,48.29,50,1
2256.0,48.29,50,1
2256.2,48.28,50,1
2256.4,48.28,50,1
2256.6,48.28,50,1
2256.8,48.31,50,1
2257.0,48.3,50,1
2257.2,48.33,50,1
2257.4,48.3,50,1
2257.6,48.31,50,1
2257.8,48.3,50,1
2258.0,48.29,50,1
2258.2,48.28,50,1
2258.4,48.29,50,1
2258.6,48.33,50,1
2258.8,48.33,50,1
2259.0,48.33,50,1
2259.2,48.32,50,1
2259.4,48.32,50,1
2259.6,48.33,50,1
2259.8,48.32,50,1
2260.0,48.28,50,1
2260.2,48.3,50,1
2260.4,48.29,50,1
2260.6,48.34,50,1
2260.8,48.33,50,1
2261.0,48.34,50,1
2261.2,48.33,50,1
2261.4,48.32,50,1
2261.6,48.33,50,1
2261.8,48.31,50,1
2262.0,48.31,50,1
2262.2,48.3,50,1
2262.4,48.3,50,1
2262.6,48.35,50,1
2262.8,48.35,50,1
2263.0,48.3,50,1
2263.2,48.3,50,1
2263.4,48.29,50,1
2263.6,48.31,50,1
2263.8,48.26,50,1
2264.0,48.27,50,1
2264.2,48.26,50,1
2264.4,48.31,50,1
2264.6,48.31,50,1
2264.8,48.3,50,1
2265.0,48.31,50,1
2265.2,48.3,50,1
2265.4,48.3,50,1
2265.6,48.31,50,1
2265.8,48.27,50,1
2266.0,48.29,50,1
2266.2,48.29,50,1
2266.4,48.32,50,1
2266.6,48.33,50,1
2266.8,48.32,50,1
2267.0,48.32,50,1
2267.2,48.32,50,1
2267.4,48.32,50,1
2267.6,48.29,50,1
2267.8,48.29,50,1
2268.0,48.28,50,1
2268.2,48.33,50,1
2268.4,48.33,50,1
2268.6,48.32,50,1
2268.8,48.33,50,1
2269.0,48.31,50,1
2269.2,48.32,50,1
2269.4,48.32,50,1
2269.6,48.3,50,1
2269.8,48.3,50,1
2270.0,48.3,50,1
2270.2,48.33,50,1
2270.4,48.34,50,1
2270.6,48.34,50,1
2270.8,48.32,50,1
2271.0,48.33,50,1
2271.2,48.33,50,1
2271.4,48.31,50,1
2271.6,48.31,50,1
2271.8,48.31,50,1
2272.0,48.31,50,1
2272.2,48.34,50,1
2272.4,48.34,50,1
2272.6,48.34,50,1
2272.8,48.34,50,1
2273.0,48.34,50,1
2273.2,48.34,50,1
2273.4,48.31,50,1
2273.6,48.3,50,1
2273.8,48.32,50,1
2274.0,48.35,50,1
2274.2,48.36,50,1
2274.4,48.36,50,1
2274.6,48.34,50,1
2274.8,48.35,50,1
2275.0,48.35,50,1
2275.2,48.35,50,1
2275.4,48.32,50,1
2275.6,48.33,50,1
2275.8,48.33,50,1
2276.0,48.37,50,1
2276.2,48.36,50,1
2276.4,48.38,50,1
2276.6,48.36,50,1
2276.8,48.36,50,1
2277.0,48.36,50,1
2277.2,48.33,50,1
2277.4,48.32,50,1
2277.6,48.34,50,1
2277.8,48.37,50,1
2278.0,48.37,50,1
2278.2,48.39,50,1
2278.4,48.37,50,1
2278.6,48.36,50,1
2278.8,48.35,50,1
2279.0,48.37,50,1
2279.2,48.33,50,1
2279.4,48.34,50,1
2279.6,48.34,50,1
2279.8,48.38,50,1
2280.0,48.37,50,1
2280.2,48.37,50,1
2280.4,48.37,50,1
2280.6,48.37,50,1
2280.8,48.37,50,1
2281.0,48.35,50,1
2281.2,48.34,50,1
2281.4,48.34,50,1
2281.6,48.33,50,1
2281.8,48.39,50,1
2282.0,48.39,50,1
2282.2,48.39,50,1
2282.4,48.37,50,1
2282.6,48.38,50,1
2282.8,48.37,50,1
2283.0,48.35,50,1
2283.2,48.36,50,1
2283.4,48.35,50,1
2283.6,48.39,50,1
2283.8,48.4,50,1
2284.0,48.4,50,1
2284.2,48.39,50,1
2284.4,48.38,50,1
2284.6,48.4,50,1
2284.8,48.39,50,1
2285.0,48.37,50,1
2285.2,48.37,50,1
2285.4,48.37,50,1
2285.6,48.4,50,1
2285.8,48.4,50,1
2286.0,48.41,50,1
2286.2,48.39,50,1
2286.4,48.39,50,1
2286.6,48.4,50,1
2286.8,48.36,50,1
2287.0,48.37,50,1
2287.2,48.35,50,1
2287.4,48.41,50,1
2287.6,48.41,50,1
2287.8,48.41,50,1
2288.0,48.42,50,1
2288.2,48.4,50,1
2288.4,48.4,50,1
2288.6,48.41,50,1
2288.8,48.37,50,1
2289.0,48.37,50,1
2289.2,48.38,50,1
2289.4,48.41,50,1
2289.6,48.41,50,1
2289.8,48.41,50,1
2290.0,48.41,50,1
2290.2,48.4,50,1
2290.4,48.4,50,1
2290.6,48.37,50,1
2290.8,48.38,50,1
2291.0,48.38,50,1
2291.2,48.38,50,1
2291.4,48.42,50,1
2291.6,48.42,50,1
2291.8,48.43,50,1
2292.0,48.41,50,1
2292.2,48.41,50,1
2292.4,48.4,50,1
2292.6,48.39,50,1
2292.8,48.38,50,1
2293.0,48.4,50,1
2293.2,48.43,50,1
2293.4,48.43,50,1
2293.6,48.43,50,1
2293.8,48.41,50,1
2294.0,48.42,50,1
2294.2,48.43,50,1
2294.4,48.41,50,1
2294.6,48.39,50,1
2294.8,48.4,50,1
2295.0,48.39,50,1
2295.2,48.44,50,1
2295.4,48.42,50,1
2295.6,48.44,50,1
2295.8,48.41,50,1
2296.0,48.42,50,1
2296.2,48.43,50,1
2296.4,48.39,50,1
2296.6,48.4,50,1
2296.8,48.4,50,1
2297.0,48.44,50,1
2297.2,48.44,50,1
2297.4,48.44,50,1
2297.6,48.44,50,1
2297.8,48.43,50,1
2298.0,48.43,50,1
2298.2,48.42,50,1
2298.4,48.41,50,1
2298.6,48.41,50,1
2298.8,48.41,50,1
2299.0,48.44,50,1
2299.2,48.44,50,1
2299.4,48.44,50,1
2299.6,48.43,50,1
2299.8,48.43,50,1
2300.0,48.43,50,1
2300.2,48.41,50,1
2300.4,48.4,50,1
2300.6,48.41,50,1
2300.8,48.41,50,1
2301.0,48.45,50,1
2301.2,48.46,50,1
2301.4,48.45,50,1
2301.6,48.44,50,1
2301.8,48.44,50,1
2302.0,48.44,50,1
2302.2,48.4,50,1
2302.4,48.41,50,1
2302.6,48.4,50,1
2302.8,48.44,50,1
2303.0,48.45,50,1
2303.2,48.45,50,1
2303.4,48.44,50,1
2303.6,48.43,50,1
2303.8,48.46,50,1
2304.0,48.44,50,1
2304.2,48.43,50,1
2304.4,48.42,50,1
2304.6,48.41,50,1
2304.8,48.45,50,1
2305.0,48.46,50,1
2305.2,48.46,50,1
2305.4,48.45,50,1
2305.6,48.44,50,1
2305.8,48.44,50,1
2306.0,48.41,50,1
2306.2,48.42,50,1
2306.4,48.42,50,1
2306.6,48.46,50,1
2306.8,48.47,50,1
2307.0,48.46,50,1
2307.2,48.46,50,1
2307.4,48.45,50,1
2307.6,48.46,50,1
2307.8,48.45,50,1
2308.0,48.43,50,1
2308.2,48.43,50,1
2308.4,48.43,50,1
2308.6,48.47,50,1
2308.8,48.47,50,1
2309.0,48.46,50,1
2309.2,48.45,50,1
2309.4,48.45,50,1
2309.6,48.45,50,1
2309.8,48.43,50,1
2310.0,48.44,50,1
2310.2,48.43,50,1
2310.4,48.43,50,1
2310.6,48.47,50,1
2310.8,48.47,50,1
2311.0,48.47,50,1
2311.2,48.46,50,1
2311.4,48.46,50,1
2311.6,48.46,50,1
2311.8,48.44,50,1
2312.0,48.43,50,1
2312.2,48.44,50,1
2312.4,48.47,50,1
2312.6,48.48,50,1
2312.8,48.48,50,1
2313.0,48.47,50,1
2313.2,48.46,50,1
2313.4,48.47,50,1
2313.6,48.47,50,1
2313.8,48.44,50,1
2314.0,48.43,50,1
2314.2,48.45,50,1
2314.4,48.47,50,1
2314.6,48.48,50,1
2314.8,48.49,50,1
2315.0,48.48,50,1
2315.2,48.48,50,1
2315.4,48.47,50,1
2315.6,48.45,50,1
2315.8,48.44,50,1
2316.0,48.45,50,1
2316.2,48.48,50,1
2316.4,48.47,50,1
2316.6,48.48,50,1
2316.8,48.48,50,1
2317.0,48.47,50,1
2317.2,48.47,50,1
2317.4,48.47,50,1
2317.6,48.46,50,1
2317.8,48.46,50,1
2318.0,48.44,50,1
2318.2,48.49,50,1
2318.4,48.49,50,1
2318.6,48.5,50,1
2318.8,48.48,50,1
2319.0,48.48,50,1
2319.2,48.48,50,1
2319.4,48.45,50,1
2319.6,48.45,50,1
2319.8,48.45,50,1
2320.0,48.44,50,1
2320.2,48.49,50,1
2320.4,48.5,50,1
2320.6,48.5,50,1
2320.8,48.48,50,1
2321.0,48.48,50,1
2321.2,48.48,50,1
2321.4,48.46,50,1
2321.6,48.47,50,1
2321.8,48.46,50,1
2322.0,48.49,50,1
2322.2,48.5,50,1
2322.4,48.49,50,1
2322.6,48.49,50,1
2322.8,48.49,50,1
2323.0,48.5,50,1
2323.2,48.48,50,1
2323.4,48.46,50,1
2323.6,48.46,50,1
2323.8,48.33,50,1
2324.0,48.37,50,1
2324.2,48.38,50,1
2324.4,48.37,50,1
2324.6,48.35,50,1
2324.8,48.36,50,1
2325.0,48.36,50,1
2325.2,48.32,50,1
2325.4,48.33,50,1
2325.6,48.33,50,1
2325.8,48.36,50,1
2326.0,48.37,50,1
2326.2,48.37,50,1
2326.4,48.36,50,1
2326.6,48.36,50,1
2326.8,48.36,50,1
2327.0,48.36,50,1
2327.2,48.34,50,1
2327.4,48.34,50,1
2327.6,48.33,50,1
2327.8,48.37,50,1
2328.0,48.37,50,1
2328.2,48.38,50,1
2328.4,48.36,50,1
2328.6,48.37,50,1
2328.8,48.37,50,1
2329.0,48.33,50,1
2329.2,48.34,50,1
2329.4,48.33,50,1
2329.6,48.34,50,1
2329.8,48.38,50,1
2330.0,48.38,50,1
2330.2,48.38,50,1
2330.4,48.37,50,1
2330.6,48.36,50,1
2330.8,48.37,50,1
2331.0,48.35,50,1
2331.2,48.34,50,1
2331.4,48.36,50,1
2331.6,48.38,50,1
2331.8,48.38,50,1
2332.0,48.39,50,1
2332.2,48.37,50,1
2332.4,48.37,50,1
2332.6,48.37,50,1
2332.8,48.37,50,1
2333.0,48.35,50,1
2333.2,48.34,50,1
2333.4,48.34,50,1
2333.6,48.39,50,1
2333.8,48.38,50,1
2334.0,48.39,50,1
2334.2,48.36,50,1
2334.4,48.37,50,1
2334.6,48.39,0,1
2334.8,48.38,0,1
2335.0,48.37,0,1
2335.2,48.35,0,1
2335.4,48.3,0,1
2335.6,48.25,0,0
2335.8,48.18,0,0
2336.0,48.13,0,0
2336.2,48.07,0,0
2336.4,48.01,0,0
2336.6,47.94,0,0
2336.8,47.85,0,0
2337.0,47.78,0,0
2337.2,47.69,0,0
2337.4,47.62,0,0
2337.6,47.53,0,0
2337.8,47.46,0,0
2338.0,47.37,0,0
2338.2,47.29,0,0
2338.4,47.21,0,0
2338.6,47.13,0,0
2338.8,47.05,0,0
2339.0,46.96,0,0
2339.2,46.89,0,0
2339.4,46.81,0,0
2339.6,46.74,0,0
2339.8,46.66,0,0
2340.0,46.58,0,0
2340.2,46.51,0,0
2340.4,46.43,0,0
2340.6,46.35,0,0
2340.8,46.28,0,0
2341.0,46.21,0,0
2341.2,46.13,0,0
2341.4,46.06,0,0
2341.6,45.98,0,0
2341.8,45.92,0,0
2342.0,45.85,0,0
2342.2,45.77,0,0
2342.4,45.7,0,0
2342.6,45.63,0,0
2342.8,45.57,0,0
2343.0,45.5,0,0
2343.2,45.42,0,0
2343.4,45.35,0,0
2343.6,45.29,0,0
2343.8,45.21,0,0
2344.0,45.15,0,0
2344.2,45.09,0,0
2344.4,45.01,0,0
2344.6,44.96,0,0
2344.8,44.89,0,0
2345.0,44.82,0,0
2345.2,44.77,0,0
2345.4,44.7,0,0
2345.6,44.63,0,0
2345.8,44.57,0,0
2346.0,44.52,0,0
2346.2,44.45,0,0
2346.4,44.41,0,0
2346.6,44.33,0,0
2346.8,44.29,0,0
2347.0,44.22,0,0
2347.2,44.16,0,0
2347.4,44.1,0,0
2347.6,44.04,0,0
2347.8,43.99,0,0
2348.0,43.93,0,0
2348.2,43.87,0,0
2348.4,43.81,0,0
2348.6,43.76,0,0
2348.8,43.7,0,0
2349.0,43.64,0,0
2349.2,43.59,0,0
2349.4,43.53,0,0
2349.6,43.48,0,0
2349.8,43.43,0,0
2350.0,43.37,0,0
2350.2,43.31,0,0
2350.4,43.26,0,0
2350.6,43.21,0,0
2350.8,43.16,0,0
2351.0,43.1,0,0
2351.2,43.05,0,0
2351.4,42.99,0,0
2351.6,42.94,0,0
2351.8,42.89,0,0
2352.0,42.85,0,0
2352.2,42.8,0,0
2352.4,42.75,0,0
2352.6,42.7,0,0
2352.8,42.64,0,0
2353.0,42.59,0,0
2353.2,42.53,0,0
2353.4,42.49,0,0
2353.6,42.43,0,0
2353.8,42.39,0,0
2354.0,42.34,0,0
2354.2,42.28,0,0
2354.4,42.24,0,0
2354.6,42.18,0,0
2354.8,42.14,0,0
2355.0,42.08,0,0
2355.2,42.04,0,0
2355.4,41.99,0,0
2355.6,41.93,0,0
2355.8,41.9,0,0
2356.0,41.84,0,0
2356.2,41.81,0,0
2356.4,41.75,0,0
2356.6,41.71,0,0
2356.8,41.65,0,0
2357.0,41.61,0,0
2357.2,41.56,0,0
2357.4,41.51,0,0
2357.6,41.47,0,0
2357.8,41.43,0,0
2358.0,41.37,0,0
2358.2,41.32,0,0
2358.4,41.28,0,0
2358.6,41.24,0,0
2358.8,41.19,0,0
2359.0,41.15,0,0
2359.2,41.11,0,0
2359.4,41.06,0,0
2359.6,41.02,0,0
2359.8,40.97,0,0
2360.0,40.93,0,0
2360.2,40.87,0,0
2360.4,40.83,0,0
2360.6,40.8,0,0
2360.8,40.75,0,0
2361.0,40.7,0,0
2361.2,40.66,0,0
2361.4,40.62,0,0
2361.6,40.57,0,0
2361.8,40.54,0,0
2362.0,40.48,0,0
2362.2,40.45,0,0
2362.4,40.39,0,0
2362.6,40.36,0,0
2362.8,40.31,0,0
2363.0,40.28,0,0
2363.2,40.23,0,0
2363.4,40.18,0,0
2363.6,40.15,0,0
2363.8,40.11,0,0
2364.0,40.06,0,0
2364.2,40.01,0,0
2364.4,39.97,0,0
2364.6,39.93,0,0
2364.8,39.89,0,0
2365.0,39.85,0,0
2365.2,39.81,0,0
2365.4,39.76,0,0
2365.6,39.72,0,0
2365.8,39.69,0,0
2366.0,39.64,0,0
2366.2,39.6,0,0
2366.4,39.57,0,0
2366.6,39.52,0,0
2366.8,39.49,0,0
2367.0,39.45,0,0
2367.2,39.41,0,0
2367.4,39.36,0,0
2367.6,39.33,0,0
2367.8,39.28,0,0
2368.0,39.24,0,0
2368.2,39.21,0,0
2368.4,39.16,0,0
2368.6,39.13,0,0
2368.8,39.09,0,0
2369.0,39.04,0,0
2369.2,39.01,0,0
2369.4,38.97,0,0
2369.6,38.93,0,0
2369.8,38.88,0,0
2370.0,38.85,0,0
2370.2,38.81,0,0
2370.4,38.77,0,0
2370.6,38.74,0,0
2370.8,38.7,0,0
2371.0,38.67,0,0
2371.2,38.63,0,0
2371.4,38.59,0,0
2371.6,38.55,0,0
2371.8,38.5,0,0
2372.0,38.46,0,0
2372.2,38.44,0,0
2372.4,38.4,0,0
2372.6,38.37,0,0
2372.8,38.32,0,0
2373.0,38.28,0,0
2373.2,38.25,0,0
2373.4,38.21,0,0
2373.6,38.18,0,0
2373.8,38.13,0,0
2374.0,38.09,0,0
2374.2,38.08,0,0
2374.4,38.03,0,0
2374.6,37.99,0,0
2374.8,37.95,0,0
2375.0,37.92,0,0
2375.2,37.89,0,0
2375.4,37.85,0,0
2375.6,37.81,0,0
2375.8,37.78,0,0
2376.0,37.74,0,0
2376.2,37.71,0,0
2376.4,37.67,0,0
2376.6,37.63,0,0
2376.8,37.6,0,0
2377.0,37.57,0,0
2377.2,37.53,0,0
2377.4,37.49,0,0
2377.6,37.46,0,0
2377.8,37.42,0,0
2378.0,37.38,0,0
2378.2,37.35,0,0
2378.4,37.32,0,0
2378.6,37.29,0,0
2378.8,37.25,0,0
2379.0,37.21,0,0
2379.2,37.18,0,0
2379.4,37.14,0,0
2379.6,37.11,0,0
2379.8,37.08,0,0
2380.0,37.04,0,0
2380.2,37.01,0,0
2380.4,36.98,0,0
2380.6,36.94,0,0
2380.8,36.91,0,0
2381.0,36.88,0,0
2381.2,36.84,0,0
2381.4,36.82,0,0
2381.6,36.79,0,0
2381.8,36.75,0,0
2382.0,36.72,0,0
2382.2,36.69,0,0
2382.4,36.65,0,0
2382.6,36.62,0,0
2382.8,36.59,0,0
2383.0,36.55,0,0
2383.2,36.52,0,0
2383.4,36.49,0,0
2383.6,36.46,0,0
2383.8,36.43,0,0
2384.0,36.39,0,0
2384.2,36.37,0,0
2384.4,36.33,0,0
2384.6,36.3,0,0
2384.8,36.27,0,0
2385.0,36.24,0,0
2385.2,36.2,0,0
2385.4,36.18,0,0
2385.6,36.14,0,0
2385.8,36.11,0,0
2386.0,36.07,0,0
2386.2,36.04,0,0
2386.4,36.01,0,0
2386.6,35.99,0,0
2386.8,35.95,0,0
2387.0,35.92,0,0
2387.2,35.9,0,0
2387.4,35.86,0,0
2387.6,35.9,0,0
2387.8,35.86,0,0
2388.0,35.83,0,0
2388.2,35.8,0,0
2388.4,35.77,0,0
2388.6,35.74,0,0
2388.8,35.71,0,0
2389.0,35.68,0,0
2389.2,35.64,0,0
2389.4,35.61,0,0
2389.6,35.59,0,0
2389.8,35.55,0,0
2390.0,35.52,0,0
2390.2,35.49,0,0
2390.4,35.46,0,0
2390.6,35.44,0,0
2390.8,35.41,0,0
2391.0,35.38,0,0
2391.2,35.36,0,0
2391.4,35.33,0,0
2391.6,35.3,0,0
2391.8,35.27,0,0
2392.0,35.24,0,0
2392.2,35.21,0,0
2392.4,35.17,0,0
2392.6,35.15,0,0
2392.8,35.12,0,0
2393.0,35.1,0,0
2393.2,35.07,0,0
2393.4,35.03,0,0
2393.6,35.01,0,0
2393.8,34.97,0,0
2394.0,34.96,0,0
2394.2,34.93,0,0
2394.4,34.9,0,0
2394.6,34.87,0,0
2394.8,34.85,0,0
2395.0,34.81,0,0
2395.2,34.79,0,0
2395.4,34.77,0,0
2395.6,34.73,0,0
2395.8,34.7,0,0
2396.0,34.68,0,0
2396.2,34.64,0,0
2396.4,34.63,0,0
2396.6,34.6,0,0
2396.8,34.56,0,0
2397.0,34.54,0,0
2397.2,34.52,0,0
2397.4,34.48,0,0
2397.6,34.46,0,0
2397.8,34.44,0,0
2398.0,34.41,0,0
2398.2,34.38,0,0
2398.4,34.36,0,0
2398.6,34.33,0,0
2398.8,34.3,0,0
2399.0,34.28,0,0
2399.2,34.26,0,0
2399.4,34.23,0,0
2399.6,34.2,0,0
2399.8,34.17,0,0
2400.0,34.15,0,0
2400.2,34.12,0,0
2400.4,34.09,0,0
2400.6,34.07,0,0
2400.8,34.04,0,0
2401.0,34.02,0,0
2401.2,33.99,0,0
2401.4,33.96,0,0
2401.6,33.94,0,0
2401.8,33.92,0,0
2402.0,33.89,0,0
2402.2,33.87,0,0
2402.4,33.84,0,0
2402.6,33.82,0,0
2402.8,33.8,0,0
2403.0,33.77,0,0
2403.2,33.75,0,0
2403.4,33.72,0,0
2403.6,33.7,0,0
2403.8,33.67,0,0
2404.0,33.65,0,0
2404.2,33.62,0,0
2404.4,33.6,0,0
2404.6,33.58,0,0
2404.8,33.55,0,0
2405.0,33.53,0,0
2405.2,33.5,0,0
2405.4,33.48,0,0
2405.6,33.46,0,0
2405.8,33.44,0,0
2406.0,33.41,0,0
2406.2,33.39,0,0
2406.4,33.36,0,0
2406.6,33.34,0,0
2406.8,33.32,0,0
2407.0,33.29,0,0
2407.2,33.26,0,0
2407.4,33.24,0,0
2407.6,33.22,0,0
2407.8,33.19,0,0
2408.0,33.17,0,0
2408.2,33.15,0,0
2408.4,33.12,0,0
2408.6,33.1,0,0
2408.8,33.08,0,0
2409.0,33.05,0,0
2409.2,33.03,0,0
2409.4,33.01,0,0
2409.6,32.99,0,0
2409.8,32.96,0,0
2410.0,32.94,0,0
2410.2,32.92,0,0
2410.4,32.9,0,0
2410.6,32.88,0,0
2410.8,32.85,0,0
2411.0,32.83,0,0
2411.2,32.81,0,0
2411.4,32.79,0,0
2411.6,32.77,0,0
2411.8,32.75,0,0
2412.0,32.73,0,0
2412.2,32.7,0,0
2412.4,32.67,0,0
2412.6,32.66,0,0
2412.8,32.64,0,0
2413.0,32.61,0,0
2413.2,32.59,0,0
2413.4,32.57,0,0
2413.6,32.55,0,0
2413.8,32.52,0,0
2414.0,32.51,0,0
2414.2,32.49,0,0
2414.4,32.47,0,0
2414.6,32.45,0,0
2414.8,32.43,0,0
2415.0,32.41,0,0
2415.2,32.39,0,0
2415.4,32.36,0,0
2415.6,32.35,0,0
2415.8,32.32,0,0
2416.0,32.3,0,0
2416.2,32.28,0,0
2416.4,32.26,0,0
2416.6,32.24,0,0
2416.8,32.22,0,0
2417.0,32.19,0,0
2417.2,32.18,0,0
2417.4,32.16,0,0
2417.6,32.14,0,0
2417.8,32.12,0,0
2418.0,32.1,0,0
2418.2,32.08,0,0
2418.4,32.05,0,0
2418.6,32.04,0,0
2418.8,32.01,0,0
2419.0,32.0,0,0
2419.2,31.98,0,0
2419.4,31.95,0,0
2419.6,31.94,0,0
2419.8,31.92,0,0
2420.0,31.9,0,0
2420.2,31.88,0,0
2420.4,31.86,0,0
2420.6,31.84,0,0
2420.8,31.82,0,0
2421.0,31.8,0,0
2421.2,31.78,0,0
2421.4,31.75,0,0
2421.6,31.74,0,0
2421.8,31.72,0,0
2422.0,31.7,0,0
2422.2,31.68,0,0
2422.4,31.66,0,0
2422.6,31.64,0,0
2422.8,31.63,0,0
2423.0,31.6,0,0
2423.2,31.59,0,0
2423.4,31.56,0,0
2423.6,31.54,0,0
2423.8,31.53,0,0
2424.0,31.51,0,0
2424.2,31.49,0,0
2424.4,31.47,0,0
2424.6,31.45,0,0
2424.8,31.44,0,0
2425.0,31.41,0,0
2425.2,31.4,0,0
2425.4,31.38,0,0
2425.6,31.36,0,0
2425.8,31.34,0,0
2426.0,31.33,0,0
2426.2,31.31,0,0
2426.4,31.29,0,0
2426.6,31.27,0,0
2426.8,31.26,0,0
2427.0,31.25,0,0
2427.2,31.22,0,0
2427.4,31.21,0,0
2427.6,31.19,0,0
2427.8,31.17,0,0
2428.0,31.15,0,0
2428.2,31.13,0,0
2428.4,31.12,0,0
2428.6,31.1,0,0
2428.8,31.08,0,0
2429.0,31.06,0,0
2429.2,31.04,0,0
2429.4,31.03,0,0
2429.6,31.01,0,0
2429.8,30.99,0,0
2430.0,30.97,0,0
2430.2,30.95,0,0
2430.4,30.94,0,0
2430.6,30.92,0,0
2430.8,30.91,0,0
2431.0,30.88,0,0
2431.2,30.87,0,0
2431.4,30.86,0,0
2431.6,30.84,0,0
2431.8,30.82,0,0
2432.0,30.8,0,0
2432.2,30.76,0,0
2432.4,30.74,0,0
2432.6,30.71,0,0
2432.8,30.7,0,0
2433.0,30.68,0,0
2433.2,30.67,0,0
2433.4,30.65,0,0
2433.6,30.63,0,0
2433.8,30.62,0,0
2434.0,30.6,0,0
2434.2,30.59,0,0
2434.4,30.57,0,0
2434.6,30.55,0,0
2434.8,30.54,0,0
2435.0,30.52,0,0
2435.2,30.51,0,0
2435.4,30.48,0,0
2435.6,30.46,0,0
2435.8,30.45,0,0
2436.0,30.44,0,0
2436.2,30.41,0,0
2436.4,30.4,0,0
2436.6,30.38,0,0
2436.8,30.37,0,0
2437.0,30.35,0,0
2437.2,30.34,0,0
2437.4,30.32,0,0
2437.6,30.3,0,0
2437.8,30.29,0,0
2438.0,30.27,0,0
2438.2,30.26,0,0
2438.4,30.24,0,0
2438.6,30.23,0,0
2438.8,30.21,0,0
2439.0,30.2,0,0
2439.2,30.18,0,0
2439.4,30.17,0,0
2439.6,30.15,0,0
2439.8,30.14,0,0
2440.0,30.12,0,0
2440.2,30.11,0,0
2440.4,30.09,0,0
2440.6,30.07,0,0
2440.8,30.06,0,0
2441.0,30.05,0,0
2441.2,30.04,0,0
2441.4,30.02,0,0
2441.6,30.01,0,0
2441.8,29.99,0,0
2442.0,29.97,0,0
2442.2,29.95,0,0
2442.4,29.94,0,0
2442.6,29.93,0,0
2442.8,29.92,0,0
2443.0,29.89,0,0
2443.2,29.88,0,0
2443.4,29.87,0,0
2443.6,29.85,0,0
2443.8,29.83,0,0
2444.0,29.82,0,0
2444.2,29.81,0,0
2444.4,29.8,0,0
2444.6,29.79,0,0
2444.8,29.77,0,0
2445.0,29.75,0,0
2445.2,29.74,0,0
2445.4,29.73,0,0
2445.6,29.71,0,0
2445.8,29.7,0,0
2446.0,29.68,0,0
2446.2,29.66,0,0
2446.4,29.64,0,0
2446.6,29.64,0,0
2446.8,29.62,0,0
2447.0,29.61,0,0
2447.2,29.6,0,0
2447.4,29.58,0,0
2447.6,29.56,0,0
2447.8,29.55,0,0
2448.0,29.54,0,0
2448.2,29.53,0,0
2448.4,29.52,0,0
2448.6,29.5,0,0
2448.8,29.49,0,0
2449.0,29.47,0,0
2449.2,29.47,0,0
2449.4,29.45,0,0
2449.6,29.43,0,0
2449.8,29.42,0,0
2450.0,29.4,0,0
2450.2,29.41,0,0
2450.4,29.39,0,0
2450.6,29.38,0,0
2450.8,29.36,0,0
2451.0,29.35,0,0
2451.2,29.34,0,0
2451.4,29.33,0,0
2451.6,29.31,0,0
2451.8,29.3,0,0
2452.0,29.29,0,0
2452.2,29.27,0,0
2452.4,29.26,0,0
2452.6,29.25,0,0
2452.8,29.25,0,0
2453.0,29.23,0,0
2453.2,29.21,0,0
2453.4,29.2,0,0
2453.6,29.19,0,0
2453.8,29.18,0,0
2454.0,29.16,0,0
2454.2,29.15,0,0
2454.4,29.14,0,0
2454.6,29.13,0,0
2454.8,29.11,0,0
2455.0,29.1,0,0
2455.2,29.09,0,0
2455.4,29.08,0,0
2455.6,29.06,0,0
2455.8,29.05,0,0
2456.0,29.04,0,0
2456.2,29.03,0,0
2456.4,29.01,0,0
2456.6,29.01,0,0
2456.8,28.99,0,0
2457.0,28.98,0,0
2457.2,28.97,0,0
2457.4,28.96,0,0
2457.6,28.94,0,0
2457.8,28.93,0,0
2458.0,28.93,0,0
2458.2,28.91,0,0
2458.4,28.89,0,0
2458.6,28.88,0,0
2458.8,28.86,0,0
2459.0,28.86,0,0
2459.2,28.85,0,0
2459.4,28.84,0,0
2459.6,28.82,0,0
2459.8,28.81,0,0
2460.0,28.8,0,0
2460.2,28.78,0,0
2460.4,28.78,0,0
2460.6,28.76,0,0
2460.8,28.75,0,0
2461.0,28.74,0,0
2461.2,28.73,0,0
2461.4,28.72,0,0
2461.6,28.7,0,0
2461.8,28.69,0,0
2462.0,28.68,0,0
2462.2,28.67,0,0
2462.4,28.66,0,0
2462.6,28.65,0,0
2462.8,28.63,0,0
2463.0,28.63,0,0
2463.2,28.62,0,0
2463.4,28.6,0,0
2463.6,28.6,0,0
2463.8,28.58,0,0
2464.0,28.57,0,0
2464.2,28.56,0,0
2464.4,28.54,0,0
2464.6,28.53,0,0
2464.8,28.53,0,0
2465.0,28.51,0,0
2465.2,28.5,0,0
2465.4,28.48,0,0
2465.6,28.48,0,0
2465.8,28.47,0,0
2466.0,28.46,0,0
2466.2,28.44,0,0
2466.4,28.44,0,0
2466.6,28.43,0,0
2466.8,28.41,0,0
2467.0,28.4,0,0
2467.2,28.39,0,0
2467.4,28.39,0,0
2467.6,28.36,0,0
2467.8,28.35,0,0
2468.0,28.33,0,0
2468.2,28.32,0,0
2468.4,28.32,0,0
2468.6,28.31,0,0
2468.8,28.29,0,0
2469.0,28.28,0,0
2469.2,28.27,0,0
2469.4,28.26,0,0
2469.6,28.25,0,0
2469.8,28.24,0,0
2470.0,28.23,0,0
2470.2,28.21,0,0
2470.4,28.2,0,0
2470.6,28.2,0,0
2470.8,28.18,0,0
2471.0,28.17,0,0
2471.2,28.16,0,0
2471.4,28.15,0,0
2471.6,28.14,0,0
2471.8,28.14,0,0
2472.0,28.12,0,0
2472.2,28.11,0,0
2472.4,28.1,0,0
2472.6,28.09,0,0
2472.8,28.09,0,0
2473.0,28.08,0,0
2473.2,28.06,0,0
2473.4,28.05,0,0
2473.6,28.05,0,0
2473.8,28.03,0,0
2474.0,28.02,0,0
2474.2,28.01,0,0
2474.4,28.0,0,0
2474.6,27.99,0,0
2474.8,27.98,0,0
2475.0,28.21,0,0
2475.2,27.98,0,0
2475.4,27.97,0,0
2475.6,27.96,0,0
2475.8,27.95,0,0
2476.0,27.94,0,0
2476.2,27.92,0,0
2476.4,27.92,0,0
2476.6,27.9,0,0
2476.8,27.9,0,0
2477.0,27.89,0,0
2477.2,27.87,0,0
2477.4,27.86,0,0
2477.6,27.85,0,0
2477.8,27.85,0,0
2478.0,27.84,0,0
2478.2,27.83,0,0
2478.4,27.82,0,0
2478.6,27.81,0,0
2478.8,27.8,0,0
2479.0,27.79,0,0
2479.2,27.78,0,0
2479.4,27.77,0,0
2479.6,27.77,0,0
2479.8,27.76,0,0
2480.0,27.75,0,0
2480.2,27.74,0,0
2480.4,27.73,0,0
2480.6,27.72,0,0
2480.8,27.71,0,0
2481.0,27.7,0,0
2481.2,27.69,0,0
2481.4,27.68,0,0
2481.6,27.67,0,0
2481.8,27.67,0,0
2482.0,27.66,0,0
2482.2,27.65,0,0
2482.4,27.64,0,0
2482.6,27.63,0,0
2482.8,27.63,0,0
2483.0,27.61,0,0
2483.2,27.6,0,0
2483.4,27.6,0,0
2483.6,27.59,0,0
2483.8,27.58,0,0
2484.0,27.56,0,0
2484.2,27.55,0,0
2484.4,27.54,0,0
2484.6,27.54,0,0
2484.8,27.54,0,0
2485.0,27.52,0,0
2485.2,27.5,0,0
2485.4,27.5,0,0
2485.6,27.51,0,0
2485.8,27.49,0,0
2486.0,27.48,0,0
2486.2,27.46,0,0
2486.4,27.46,0,0
2486.6,27.44,0,0
2486.8,27.45,0,0
2487.0,27.44,0,0
2487.2,27.44,0,0
2487.4,27.42,0,0
2487.6,27.41,0,0
2487.8,27.41,0,0
2488.0,27.4,0,0
2488.2,27.38,0,0
2488.4,27.38,0,0
2488.6,27.37,0,0
2488.8,27.36,0,0
2489.0,27.35,0,0
2489.2,27.35,0,0
2489.4,27.34,0,0
2489.6,27.33,0,0
2489.8,27.32,0,0
2490.0,27.32,0,0
2490.2,27.31,0,0
2490.4,27.3,0,0
2490.6,27.29,0,0
2490.8,27.28,0,0
2491.0,27.28,0,0
2491.2,27.27,0,0
2491.4,27.25,0,0
2491.6,27.25,0,0
2491.8,27.24,0,0
2492.0,27.23,0,0
2492.2,27.22,0,0
2492.4,27.22,0,0
2492.6,27.21,0,0
2492.8,27.2,0,0
2493.0,27.19,0,0
2493.2,27.18,0,0
2493.4,27.17,0,0
2493.6,27.16,0,0
2493.8,27.16,0,0
2494.0,27.15,0,0
2494.2,27.15,0,0
2494.4,27.13,0,0
2494.6,27.13,0,0
2494.8,27.12,0,0
2495.0,27.11,0,0
2495.2,27.11,0,0
2495.4,27.1,0,0
2495.6,27.09,0,0
2495.8,27.08,0,0
2496.0,27.07,0,0
2496.2,27.07,0,0
2496.4,27.06,0,0
2496.6,27.06,0,0
2496.8,27.04,0,0
2497.0,27.04,0,0
2497.2,27.03,0,0
2497.4,27.02,0,0
2497.6,27.02,0,0
2497.8,27.0,0,0
2498.0,27.0,0,0
2498.2,26.98,0,0
2498.4,26.98,0,0
2498.6,26.98,0,0
2498.8,26.97,0,0
2499.0,26.96,0,0
2499.2,26.96,0,0
2499.4,26.95,0,0
2499.6,26.94,0,0
2499.8,26.93,0,0
2500.0,26.93,0,0
2500.2,26.92,0,0
2500.4,26.91,0,0
2500.6,26.9,0,0
2500.8,26.9,0,0
2501.0,26.89,0,0
2501.2,26.89,0,0
2501.4,26.88,0,0
2501.6,26.87,0,0
2501.8,26.86,0,0
2502.0,26.85,0,0
2502.2,26.84,0,0
2502.4,26.84,0,0
2502.6,26.84,0,0
2502.8,26.82,0,0
2503.0,26.82,0,0
2503.2,26.81,0,0
2503.4,26.8,0,0
2503.6,26.8,0,0
2503.8,26.79,0,0
2504.0,26.78,0,0
2504.2,26.77,0,0
2504.4,26.76,0,0
2504.6,26.75,0,0
2504.8,26.75,0,0
2505.0,26.74,0,0
2505.2,26.74,0,0
2505.4,26.73,0,0
2505.6,26.73,0,0
2505.8,26.72,0,0
2506.0,26.71,0,0
2506.2,26.7,0,0
2506.4,26.69,0,0
2506.6,26.68,0,0
2506.8,26.68,0,0
2507.0,26.68,0,0
2507.2,26.67,0,0
2507.4,26.66,0,0
2507.6,26.66,0,0
2507.8,26.66,0,0
2508.0,26.65,0,0
2508.2,26.64,0,0
2508.4,26.64,0,0
2508.6,26.63,0,0
2508.8,26.62,0,0
2509.0,26.61,0,0
2509.2,26.61,0,0
2509.4,26.6,0,0
2509.6,26.59,0,0
2509.8,26.58,0,0
2510.0,26.59,0,0
2510.2,26.57,0,0
2510.4,26.57,0,0
2510.6,26.56,0,0
2510.8,26.56,0,0
2511.0,26.54,0,0
2511.2,26.54,0,0
2511.4,26.53,0,0
2511.6,26.53,0,0
2511.8,26.53,0,0
2512.0,26.52,0,0
2512.2,26.52,0,0
2512.4,26.51,0,0
2512.6,26.51,0,0
2512.8,26.49,0,0
2513.0,26.49,0,0
2513.2,26.48,0,0
2513.4,26.48,0,0
2513.6,26.47,0,0
2513.8,26.46,0,0
2514.0,26.46,0,0
2514.2,26.45,0,0
2514.4,26.44,0,0
2514.6,26.44,0,0
2514.8,26.44,0,0
2515.0,26.43,0,0
2515.2,26.42,0,0
2515.4,26.41,0,0
2515.6,26.42,0,0
2515.8,26.41,0,0
2516.0,26.4,0,0
2516.2,26.4,0,0
2516.4,26.39,0,0
2516.6,26.39,0,0
2516.8,26.38,0,0
2517.0,26.37,0,0
2517.2,26.37,0,0
2517.4,26.36,0,0
2517.6,26.35,0,0
2517.8,26.35,0,0
2518.0,26.34,0,0
2518.2,26.34,0,0
2518.4,26.33,0,0
2518.6,26.33,0,0
2518.8,26.32,0,0
2519.0,26.32,0,0
2519.2,26.31,0,0
2519.4,26.3,0,0
2519.6,26.3,0,0
2519.8,26.29,0,0
2520.0,26.28,0,0
2520.2,26.28,0,0
2520.4,26.28,0,0
2520.6,26.27,0,0
2520.8,26.26,0,0
2521.0,26.25,0,0
2521.2,26.25,0,0
2521.4,26.25,0,0
2521.6,26.24,0,0
2521.8,26.23,0,0
2522.0,26.23,0,0
2522.2,26.22,0,0
2522.4,26.22,0,0
2522.6,26.21,0,0
2522.8,26.2,0,0
2523.0,26.2,0,0
2523.2,26.2,0,0
2523.4,26.18,0,0
2523.6,26.19,0,0
2523.8,26.18,0,0
2524.0,26.18,0,0
2524.2,26.17,0,0
2524.4,26.16,0,0
2524.6,26.16,0,0
2524.8,26.15,0,0
2525.0,26.15,0,0
2525.2,26.14,0,0
2525.4,26.14,0,0
2525.6,26.14,0,0
2525.8,26.13,0,0
2526.0,26.12,0,0
2526.2,26.11,0,0
2526.4,26.11,0,0
2526.6,26.11,0,0
2526.8,26.1,0,0
2527.0,26.1,0,0
2527.2,26.09,0,0
2527.4,26.08,0,0
2527.6,26.08,0,0
2527.8,26.07,0,0
2528.0,26.07,0,0
2528.2,26.06,0,0
2528.4,26.06,0,0
2528.6,26.06,0,0
2528.8,26.05,0,0
2529.0,26.05,0,0
2529.2,26.04,0,0
2529.4,26.03,0,0
2529.6,26.03,0,0
2529.8,26.03,0,0
2530.0,26.02,0,0
2530.2,26.02,0,0
2530.4,26.0,0,0
2530.6,26.0,0,0
2530.8,25.99,0,0
2531.0,25.99,0,0
2531.2,25.98,0,0
2531.4,25.98,0,0
2531.6,25.97,0,0
2531.8,25.97,0,0
2532.0,25.96,0,0
2532.2,25.96,0,0
2532.4,25.95,0,0
2532.6,25.95,0,0
2532.8,25.94,0,0
2533.0,25.95,0,0
2533.2,25.94,0,0
2533.4,25.94,0,0
2533.6,25.94,0,0
2533.8,25.93,0,0
2534.0,25.93,0,0
2534.2,25.92,0,0
2534.4,25.92,0,0
2534.6,25.91,0,0
2534.8,25.91,0,0
2535.0,25.9,0,0
2535.2,25.89,0,0
2535.4,25.89,0,0
2535.6,25.88,0,0
2535.8,25.88,0,0
2536.0,25.87,0,0
2536.2,25.87,0,0
2536.4,25.86,0,0
2536.6,25.86,0,0
2536.8,25.85,0,0
2537.0,25.85,0,0
2537.2,25.84,0,0
2537.4,25.83,0,0
2537.6,25.83,0,0
2537.8,25.82,0,0
2538.0,25.82,0,0
2538.2,25.82,0,0
2538.4,25.81,0,0
2538.6,25.8,0,0
2538.8,25.8,0,0
2539.0,25.79,0,0
2539.2,25.78,0,0
2539.4,25.79,0,0
2539.6,25.78,0,0
2539.8,25.78,0,0
2540.0,25.77,0,0
2540.2,25.77,0,0
2540.4,25.76,0,0
2540.6,25.75,0,0
2540.8,25.75,0,0
2541.0,25.75,0,0
2541.2,25.75,0,0
2541.4,25.74,0,0
2541.6,25.74,0,0
2541.8,25.73,0,0
2542.0,25.72,0,0
2542.2,25.72,0,0
2542.4,25.71,0,0
2542.6,25.71,0,0
2542.8,25.71,0,0
2543.0,25.7,0,0
2543.2,25.7,0,0
2543.4,25.7,0,0
2543.6,25.69,0,0
2543.8,25.68,0,0
2544.0,25.68,0,0
2544.2,25.67,0,0
2544.4,25.67,0,0
2544.6,25.66,0,0
2544.8,25.66,0,0
2545.0,25.66,0,0
2545.2,25.65,0,0
2545.4,25.65,0,0
2545.6,25.65,0,0
2545.8,25.64,0,0
2546.0,25.64,0,0
2546.2,25.63,0,0
2546.4,25.63,0,0
2546.6,25.62,0,0
2546.8,25.61,0,0
2547.0,25.61,0,0
2547.2,25.61,0,0
2547.4,25.61,0,0
2547.6,25.6,0,0
2547.8,25.59,0,0
2548.0,25.59,0,0
2548.2,25.58,0,0
2548.4,25.58,0,0
2548.6,25.57,0,0
2548.8,25.57,0,0
2549.0,25.57,0,0
2549.2,25.57,0,0
2549.4,25.56,0,0
2549.6,25.56,0,0
2549.8,25.55,0,0
2550.0,25.54,0,0
2550.2,25.55,0,0
2550.4,25.54,0,0
2550.6,25.53,0,0
2550.8,25.52,0,0
2551.0,25.52,0,0
2551.2,25.52,0,0
2551.4,25.52,0,0
2551.6,25.51,0,0
2551.8,25.51,0,0
2552.0,25.5,0,0
2552.2,25.5,0,0
2552.4,25.49,0,0
2552.6,25.49,0,0
2552.8,25.49,0,0
2553.0,25.49,0,0
2553.2,25.47,0,0
2553.4,25.48,0,0
2553.6,25.47,0,0
2553.8,25.47,0,0
2554.0,25.46,0,0
2554.2,25.46,0,0
2554.4,25.45,0,0
2554.6,25.45,0,0
2554.8,25.44,0,0
2555.0,25.44,0,0
2555.2,25.44,0,0
2555.4,25.43,0,0
2555.6,25.42,0,0
2555.8,25.42,0,0
2556.0,25.42,0,0
2556.2,25.42,0,0
2556.4,25.41,0,0
2556.6,25.42,0,0
2556.8,25.4,0,0
2557.0,25.4,0,0
2557.2,25.39,0,0
2557.4,25.39,0,0
2557.6,25.39,0,0
2557.8,25.39,0,0
2558.0,25.38,0,0
2558.2,25.38,0,0
2558.4,25.37,0,0
2558.6,25.36,0,0
2558.8,25.36,0,0
2559.0,25.36,0,0
2559.2,25.36,0,0
2559.4,25.35,0,0
2559.6,25.35,0,0
2559.8,25.35,0,0
2560.0,25.34,0,0
2560.2,25.34,0,0
2560.4,25.34,0,0
2560.6,25.33,0,0
2560.8,25.33,0,0
2561.0,25.32,0,0
2561.2,25.32,0,0
2561.4,25.32,0,0
2561.6,25.31,0,0
2561.8,25.31,0,0
2562.0,25.3,0,0
2562.2,25.3,0,0
2562.4,25.3,0,0
2562.6,25.29,0,0
2562.8,25.29,0,0
2563.0,25.29,0,0
2563.2,25.28,0,0
2563.4,25.28,0,0
2563.6,25.27,0,0
2563.8,25.27,0,0
2564.0,25.26,0,0
2564.2,25.27,0,0
2564.4,25.27,0,0
2564.6,25.25,0,0
2564.8,25.25,0,0
2565.0,25.25,0,0
2565.2,25.25,0,0
2565.4,25.24,0,0
2565.6,25.24,0,0
2565.8,25.23,0,0
2566.0,25.23,0,0
2566.2,25.23,0,0
2566.4,25.23,0,0
2566.6,25.22,0,0
2566.8,25.21,0,0
2567.0,25.21,0,0
2567.2,25.21,0,0
2567.4,25.21,0,0
2567.6,25.2,0,0
2567.8,25.19,0,0
2568.0,25.2,0,0
2568.2,25.19,0,0
2568.4,25.19,0,0
2568.6,25.18,0,0
2568.8,25.18,0,0
2569.0,25.18,0,0
2569.2,25.17,0,0
2569.4,25.17,0,0
2569.6,25.16,0,0
2569.8,25.17,0,0
2570.0,25.16,0,0
2570.2,25.16,0,0
2570.4,25.15,0,0
2570.6,25.15,0,0
2570.8,25.14,0,0
2571.0,25.14,0,0
2571.2,25.13,0,0
2571.4,25.13,0,0
2571.6,25.13,0,0
2571.8,25.12,0,0
2572.0,25.12,0,0
2572.2,25.12,0,0
2572.4,25.12,0,0
2572.6,25.11,0,0
2572.8,25.11,0,0
2573.0,25.1,0,0
2573.2,25.11,0,0
2573.4,25.1,0,0
2573.6,25.1,0,0
2573.8,25.09,0,0
2574.0,25.09,0,0
2574.2,25.09,0,0
2574.4,25.08,0,0
2574.6,25.09,0,0
2574.8,25.08,0,0
2575.0,25.08,0,0
2575.2,25.07,0,0
2575.4,25.06,0,0
2575.6,25.07,0,0
2575.8,25.06,0,0
2576.0,25.05,0,0
2576.2,25.05,0,0
2576.4,25.05,0,0
2576.6,25.05,0,0
2576.8,25.04,0,0
2577.0,25.03,0,0
2577.2,25.04,0,0
2577.4,25.03,0,0
2577.6,25.02,0,0
2577.8,25.03,0,0
2578.0,25.03,0,0
2578.2,25.02,0,0
2578.4,25.01,0,0
2578.6,25.01,0,0
2578.8,25.0,0,0
2579.0,25.0,0,0
2579.2,25.01,0,0
2579.4,25.01,0,0
2579.6,25.01,0,0
2579.8,25.01,0,0
2580.0,25.0,0,0
2580.2,24.99,0,0
2580.4,24.98,0,0
2580.6,24.99,0,0
2580.8,24.99,0,0
2581.0,24.98,0,0
2581.2,24.98,0,0
2581.4,24.97,0,0
2581.6,24.97,0,0
2581.8,24.97,0,0
2582.0,24.96,0,0
2582.2,24.96,0,0
2582.4,24.96,0,0
2582.6,24.96,0,0
2582.8,24.95,0,0
2583.0,24.94,0,0
2583.2,24.94,0,0
2583.4,24.95,0,0
2583.6,24.94,0,0
2583.8,24.94,0,0
2584.0,24.93,0,0
2584.2,24.93,0,0
2584.4,24.92,0,0
2584.6,24.92,0,0
2584.8,24.92,0,0
2585.0,24.91,0,0
2585.2,24.91,0,0
2585.4,24.9,0,0
2585.6,24.91,0,0
2585.8,24.9,0,0
2586.0,24.9,0,0
2586.2,24.9,0,0
2586.4,24.89,0,0
2586.6,24.89,0,0
2586.8,24.89,0,0
2587.0,24.89,0,0
2587.2,24.89,0,0
2587.4,24.88,0,0
2587.6,24.87,0,0
2587.8,24.87,0,0
2588.0,24.87,0,0
2588.2,24.88,0,0
2588.4,24.87,0,0
2588.6,24.86,0,0
2588.8,24.86,0,0
2589.0,24.85,0,0
2589.2,24.86,0,0
2589.4,24.85,0,0
2589.6,24.84,0,0
2589.8,24.85,0,0
2590.0,24.84,0,0
2590.2,24.84,0,0
2590.4,24.84,0,0
2590.6,24.84,0,0
2590.8,24.83,0,0
2591.0,24.82,0,0
2591.2,24.82,0,0
2591.4,24.82,0,0
2591.6,24.82,0,0
2591.8,24.82,0,0
2592.0,24.81,0,0
2592.2,24.81,0,0
2592.4,24.81,0,0
2592.6,24.81,0,0
2592.8,24.8,0,0
2593.0,24.8,0,0
2593.2,24.8,0,0
2593.4,24.79,0,0
2593.6,24.79,0,0
2593.8,24.79,0,0
2594.0,24.78,0,0
2594.2,24.79,0,0
2594.4,24.78,0,0
2594.6,24.78,0,0
2594.8,24.78,0,0
2595.0,24.77,0,0
2595.2,24.77,0,0
2595.4,24.77,0,0
2595.6,24.77,0,0
2595.8,24.76,0,0
2596.0,24.76,0,0
2596.2,24.76,0,0
2596.4,24.75,0,0
2596.6,24.75,0,0
2596.8,24.76,0,0
2597.0,24.75,0,0
2597.2,24.75,0,0
2597.4,24.74,0,0
2597.6,24.74,0,0
2597.8,24.74,0,0
2598.0,24.74,0,0
2598.2,24.73,0,0
2598.4,24.74,0,0
2598.6,24.73,0,0
2598.8,24.73,0,0
2599.0,24.73,0,0
2599.2,24.72,0,0
2599.4,24.72,0,0
2599.6,24.71,0,0
2599.8,24.71,0,0
2600.0,24.71,0,0
2600.2,24.71,0,0
2600.4,24.71,0,0
2600.6,24.7,0,0
2600.8,24.7,0,0
2601.0,24.69,0,0
2601.2,24.69,0,0
2601.4,24.7,0,0
2601.6,24.68,0,0
2601.8,24.68,0,0
2602.0,24.67,0,0
2602.2,24.68,0,0
2602.4,24.68,0,0
2602.6,24.67,0,0
2602.8,24.67,0,0
2603.0,24.66,0,0
2603.2,24.66,0,0
2603.4,24.67,0,0
2603.6,24.66,0,0
2603.8,24.65,0,0
2604.0,24.65,0,0
2604.2,24.65,0,0
2604.4,24.65,0,0
2604.6,24.65,0,0
2604.8,24.65,0,0
2605.0,24.64,0,0
2605.2,24.64,0,0
2605.4,24.64,0,0
2605.6,24.64,0,0
2605.8,24.63,0,0
2606.0,24.63,0,0
2606.2,24.63,0,0
2606.4,24.63,0,0
2606.6,24.62,0,0
2606.8,24.62,0,0
2607.0,24.61,0,0
2607.2,24.61,0,0
2607.4,24.61,0,0
2607.6,24.61,0,0
2607.8,24.6,0,0
2608.0,24.6,0,0
2608.2,24.6,0,0
2608.4,24.6,0,0
2608.6,24.59,0,0
2608.8,24.59,0,0
2609.0,24.59,0,0
2609.2,24.59,0,0
2609.4,24.59,0,0
2609.6,24.58,0,0
2609.8,24.58,0,0
2610.0,24.58,0,0
2610.2,24.58,0,0
2610.4,24.57,0,0
2610.6,24.57,0,0
2610.8,24.57,0,0
2611.0,24.57,0,0
2611.2,24.57,0,0
2611.4,24.56,0,0
2611.6,24.56,0,0
2611.8,24.55,0,0
2612.0,24.56,0,0
2612.2,24.55,0,0
2612.4,24.55,0,0
2612.6,24.55,0,0
2612.8,24.54,0,0
2613.0,24.54,0,0
2613.2,24.54,0,0
2613.4,24.54,0,0
2613.6,24.54,0,0
2613.8,24.53,0,0
2614.0,24.53,0,0
2614.2,24.53,0,0
2614.4,24.53,0,0
2614.6,24.52,0,0
2614.8,24.52,0,0
2615.0,24.52,0,0
2615.2,24.52,0,0
2615.4,24.52,0,0
2615.6,24.52,0,0
2615.8,24.51,0,0
2616.0,24.51,0,0
2616.2,24.51,0,0
2616.4,24.51,0,0
2616.6,24.51,0,0
2616.8,24.51,0,0
2617.0,24.52,0,0
2617.2,24.5,0,0
2617.4,24.51,0,0
2617.6,24.51,0,0
2617.8,24.51,0,0
2618.0,24.49,0,0
2618.2,24.5,0,0
2618.4,24.5,0,0
2618.6,24.5,0,0
2618.8,24.5,0,0
2619.0,24.49,0,0
2619.2,24.49,0,0
2619.4,24.49,0,0
2619.6,24.49,0,0
2619.8,24.49,0,0
2620.0,24.48,0,0
2620.2,24.48,0,0
2620.4,24.48,0,0
2620.6,24.47,0,0
2620.8,24.47,0,0
2621.0,24.47,0,0
2621.2,24.47,0,0
2621.4,24.46,0,0
2621.6,24.46,0,0
2621.8,24.45,0,0
2622.0,24.46,0,0
2622.2,24.45,0,0
2622.4,24.45,0,0
2622.6,24.44,0,0
2622.8,24.45,0,0
2623.0,24.45,0,0
2623.2,24.45,0,0
2623.4,24.43,0,0
2623.6,24.44,0,0
2623.8,24.44,0,0
2624.0,24.43,0,0
2624.2,24.43,0,0
2624.4,24.43,0,0
2624.6,24.43,0,0
2624.8,24.43,0,0
2625.0,24.43,0,0
2625.2,24.42,0,0
2625.4,24.42,0,0
2625.6,24.42,0,0
2625.8,24.42,0,0
2626.0,24.41,0,0
2626.2,24.41,0,0
2626.4,24.41,0,0
2626.6,24.41,0,0
2626.8,24.41,0,0
2627.0,24.4,0,0
2627.2,24.4,0,0
2627.4,24.4,0,0
2627.6,24.4,0,0
2627.8,24.4,0,0
2628.0,24.39,0,0
2628.2,24.39,0,0
2628.4,24.39,0,0
2628.6,24.38,0,0
2628.8,24.38,0,0
2629.0,24.37,0,0
2629.2,24.38,0,0
2629.4,24.38,0,0
2629.6,24.37,0,0
2629.8,24.37,0,0
2630.0,24.37,0,0
2630.2,24.37,0,0
2630.4,24.37,0,0
2630.6,24.37,0,0
2630.8,24.37,0,0
2631.0,24.36,0,0
2631.2,24.36,0,0
2631.4,24.36,0,0
2631.6,24.35,0,0
2631.8,24.35,0,0
2632.0,24.34,0,0
2632.2,24.34,0,0
2632.4,24.35,0,0
2632.6,24.34,0,0
2632.8,24.34,0,0
2633.0,24.34,0,0
2633.2,24.34,0,0
2633.4,24.34,0,0
2633.6,24.33,0,0
2633.8,24.34,0,0
2634.0,24.34,0,0
2634.2,24.33,0,0
2634.4,24.33,0,0
2634.6,24.33,0,0
2634.8,24.33,0,0
2635.0,24.33,0,0
2635.2,24.32,0,0
2635.4,24.32,0,0
2635.6,24.32,0,0
2635.8,24.32,0,0
2636.0,24.31,0,0
2636.2,24.31,0,0
2636.4,24.31,0,0
2636.6,24.31,0,0
2636.8,24.31,0,0
2637.0,24.31,0,0
2637.2,24.3,0,0
2637.4,24.31,0,0
2637.6,24.3,0,0
2637.8,24.3,0,0
2638.0,24.3,0,0
2638.2,24.29,0,0
2638.4,24.29,0,0
2638.6,24.29,0,0
2638.8,24.29,0,0
2639.0,24.29,0,0
2639.2,24.29,0,0
2639.4,24.29,0,0
2639.6,24.28,0,0
2639.8,24.28,0,0
2640.0,24.29,0,0
2640.2,24.28,0,0
2640.4,24.39,0,0
2640.6,24.39,0,0
2640.8,24.39,0,0
2641.0,24.38,0,0
2641.2,24.38,0,0
2641.4,24.39,0,0
2641.6,24.39,0,0
2641.8,24.39,0,0
2642.0,24.39,0,0
2642.2,24.38,0,0
2642.4,24.38,0,0
2642.6,24.38,0,0
2642.8,24.37,0,0
2643.0,24.37,0,0
2643.2,24.37,0,0
2643.4,24.37,0,0
2643.6,24.36,0,0
2643.8,24.36,0,0
2644.0,24.36,0,0
2644.2,24.36,0,0
2644.4,24.36,0,0
2644.6,24.36,0,0
2644.8,24.36,0,0
2645.0,24.36,0,0
2645.2,24.34,0,0
2645.4,24.35,0,0
2645.6,24.35,0,0
2645.8,24.35,0,0
2646.0,24.34,0,0
2646.2,24.35,0,0
2646.4,24.34,0,0
2646.6,24.34,0,0
2646.8,24.34,0,0
2647.0,24.34,0,0
2647.2,24.34,0,0
2647.4,24.34,0,0
2647.6,24.33,0,0
2647.8,24.33,0,0
2648.0,24.33,0,0
2648.2,24.33,0,0
2648.4,24.33,0,0
2648.6,24.33,0,0
2648.8,24.32,0,0
2649.0,24.32,0,0
2649.2,24.31,0,0
2649.4,24.31,0,0
2649.6,24.31,0,0
2649.8,24.31,0,0
2650.0,24.31,0,0
2650.2,24.31,0,0
2650.4,24.31,0,0
2650.6,24.29,0,0
2650.8,24.3,0,0
2651.0,24.29,0,0
2651.2,24.29,0,0
2651.4,24.28,0,0
2651.6,24.29,0,0
2651.8,24.29,0,0
2652.0,24.28,0,0
2652.2,24.28,0,0
2652.4,24.29,0,0
2652.6,24.29,0,0
2652.8,24.28,0,0
2653.0,24.29,0,0
2653.2,24.28,0,0
2653.4,24.28,0,0
2653.6,24.28,0,0
2653.8,24.28,0,0
2654.0,24.27,0,0
2654.2,24.27,0,0
2654.4,24.26,0,0
2654.6,24.26,0,0
2654.8,24.27,0,0
2655.0,24.26,0,0
2655.2,24.26,0,0
2655.4,24.26,0,0
2655.6,24.26,0,0
2655.8,24.26,0,0
2656.0,24.26,0,0
2656.2,24.26,0,0
2656.4,24.26,0,0
2656.6,24.25,0,0
2656.8,24.26,0,0
2657.0,24.26,0,0
2657.2,24.25,0,0
2657.4,24.25,0,0
2657.6,24.25,0,0
2657.8,24.25,0,0
2658.0,24.25,0,0
2658.2,24.25,0,0
2658.4,24.24,0,0
2658.6,24.23,0,0
2658.8,24.23,0,0
2659.0,24.23,0,0
2659.2,24.23,0,0
2659.4,24.23,0,0
2659.6,24.24,0,0
2659.8,24.22,0,0
2660.0,24.22,0,0
2660.2,24.22,0,0
2660.4,24.22,0,0
2660.6,24.21,0,0
2660.8,24.21,0,0
2661.0,24.21,0,0
2661.2,24.2,0,0
2661.4,24.22,0,0
2661.6,24.2,0,0
2661.8,24.2,0,0
2662.0,24.21,0,0
2662.2,24.21,0,0
2662.4,24.2,0,0
2662.6,24.2,0,0
2662.8,24.2,0,0
2663.0,24.2,0,0
2663.2,24.2,0,0
2663.4,24.19,0,0
2663.6,24.19,0,0
2663.8,24.19,0,0
2664.0,24.2,0,0
2664.2,24.2,0,0
2664.4,24.19,0,0
2664.6,24.19,0,0
2664.8,24.19,0,0
2665.0,24.19,0,0
2665.2,24.18,0,0
2665.4,24.19,0,0
2665.6,24.19,0,0
2665.8,24.18,0,0
2666.0,24.18,0,0
2666.2,24.17,0,0
2666.4,24.17,0,0
2666.6,24.17,0,0
2666.8,24.18,0,0
2667.0,24.17,0,0
2667.2,24.16,0,0
2667.4,24.16,0,0
2667.6,24.16,0,0
2667.8,24.16,0,0
2668.0,24.17,0,0
2668.2,24.17,0,0
2668.4,24.16,0,0
2668.6,24.17,0,0
2668.8,24.17,0,0
2669.0,24.17,0,0
2669.2,24.18,0,0
2669.4,24.18,0,0
2669.6,24.18,0,0
2669.8,24.17,0,0
2670.0,24.18,0,0
2670.2,24.18,0,0
2670.4,24.17,0,0
2670.6,24.16,0,0
2670.8,24.16,0,0
2671.0,24.16,0,0
2671.2,24.16,0,0
2671.4,24.15,0,0
2671.6,24.17,0,0
2671.8,24.16,0,0
2672.0,24.15,0,0
2672.2,24.14,0,0
2672.4,24.16,0,0
2672.6,24.13,0,0
2672.8,24.16,0,0
2673.0,24.15,0,0
2673.2,24.14,0,0
2673.4,24.16,0,0
2673.6,24.15,0,0
2673.8,24.16,0,0
2674.0,24.14,0,0
2674.2,24.15,0,0
2674.4,24.14,0,0
2674.6,24.14,0,0
2674.8,24.13,0,0
2675.0,24.15,0,0
2675.2,24.13,0,0
2675.4,24.14,0,0
2675.6,24.14,0,0
2675.8,24.14,0,0
2676.0,24.13,0,0
2676.2,24.13,0,0
2676.4,24.13,0,0
2676.6,24.14,0,0
2676.8,24.14,0,0
2677.0,24.12,0,0
2677.2,24.12,0,0
2677.4,24.12,0,0
2677.6,24.12,0,0
2677.8,24.12,0,0
2678.0,24.11,0,0
2678.2,24.13,0,0
2678.4,24.11,0,0
2678.6,24.12,0,0
2678.8,24.11,0,0
2679.0,24.11,0,0
2679.2,24.11,0,0
2679.4,24.12,0,0
2679.6,24.11,0,0
2679.8,24.11,0,0
2680.0,24.11,0,0
2680.2,24.1,0,0
2680.4,24.09,0,0
2680.6,24.1,0,0
2680.8,24.1,0,0
2681.0,24.1,0,0
2681.2,24.09,0,0
2681.4,24.09,0,0
2681.6,24.09,0,0
2681.8,24.1,0,0
2682.0,24.09,0,0
2682.2,24.08,0,0
2682.4,24.09,0,0
2682.6,24.09,0,0
2682.8,24.08,0,0
2683.0,24.08,0,0
2683.2,24.08,0,0
2683.4,24.09,0,0
2683.6,24.09,0,0
2683.8,24.08,0,0
2684.0,24.08,0,0
2684.2,24.09,0,0
2684.4,24.08,0,0
2684.6,24.07,0,0
2684.8,24.08,0,0
2685.0,24.08,0,0
2685.2,24.07,0,0
2685.4,24.08,0,0
2685.6,24.07,0,0
2685.8,24.07,0,0
2686.0,24.07,0,0
2686.2,24.07,0,0
2686.4,24.06,0,0
2686.6,24.07,0,0
2686.8,24.07,0,0
2687.0,24.06,0,0
2687.2,24.06,0,0
2687.4,24.06,0,0
2687.6,24.06,0,0
2687.8,24.06,0,0
2688.0,24.06,0,0
2688.2,24.07,0,0
2688.4,24.06,0,0
2688.6,24.07,0,0
2688.8,24.06,0,0
2689.0,24.05,0,0
2689.2,24.05,0,0
2689.4,24.06,0,0
2689.6,24.05,0,0
2689.8,24.06,0,0
2690.0,24.05,0,0
2690.2,24.05,0,0
2690.4,24.05,0,0
2690.6,24.05,0,0
2690.8,24.05,0,0
2691.0,24.05,0,0
2691.2,24.04,0,0
2691.4,24.05,0,0
2691.6,24.05,0,0
2691.8,24.05,0,0
2692.0,24.05,0,0
2692.2,24.05,0,0
2692.4,24.05,0,0
2692.6,24.04,0,0
2692.8,24.04,0,0
2693.0,24.03,0,0
2693.2,24.02,0,0
2693.4,24.03,0,0
2693.6,24.03,0,0
2693.8,24.03,0,0
2694.0,24.03,0,0
2694.2,24.03,0,0
2694.4,24.02,0,0
2694.6,24.02,0,0
2694.8,24.03,0,0
2695.0,24.03,0,0
2695.2,24.03,0,0
2695.4,24.03,0,0
2695.6,24.02,0,0
2695.8,24.03,0,0
2696.0,24.03,0,0
2696.2,24.02,0,0
2696.4,24.02,0,0
2696.6,24.03,0,0
2696.8,24.02,0,0
2697.0,24.02,0,0
2697.2,24.02,0,0
2697.4,24.02,0,0
2697.6,24.02,0,0
2697.8,24.02,0,0
2698.0,24.02,0,0
2698.2,24.02,0,0
2698.4,24.01,0,0
2698.6,24.02,0,0
2698.8,24.02,0,0
2699.0,24.02,0,0
2699.2,24.02,0,0
2699.4,24.02,0,0
2699.6,24.02,0,0
2699.8,24.02,0,0
2700.0,24.01,0,0
2700.2,24.01,0,0
2700.4,24.01,0,0
2700.6,24.01,0,0
2700.8,24.0,0,0
2701.0,24.0,0,0
2701.2,24.0,0,0
2701.4,24.0,0,0
2701.6,23.99,0,0
2701.8,24.0,0,0
2702.0,24.0,0,0
2702.2,24.0,0,0
2702.4,24.0,0,0
2702.6,23.99,0,0
2702.8,23.99,0,0
2703.0,23.99,0,0
2703.2,23.98,0,0
2703.4,23.99,0,0
2703.6,23.98,0,0
2703.8,23.98,0,0
2704.0,23.99,0,0
2704.2,23.98,0,0
2704.4,23.98,0,0
2704.6,23.99,0,0
2704.8,23.98,0,0
2705.0,23.98,0,0
2705.2,23.98,0,0
2705.4,23.98,0,0
2705.6,23.98,0,0
2705.8,23.97,0,0
2706.0,23.97,0,0
2706.2,23.97,0,0
2706.4,23.96,0,0
2706.6,23.96,0,0
2706.8,23.96,0,0
2707.0,23.96,0,0
2707.2,23.96,0,0
2707.4,23.98,0,0
2707.6,23.96,0,0
2707.8,23.97,0,0
2708.0,23.96,0,0
2708.2,23.96,0,0
2708.4,23.96,0,0
2708.6,23.95,0,0
2708.8,23.97,0,0
2709.0,23.95,0,0
2709.2,23.95,0,0
2709.4,23.96,0,0
2709.6,23.87,0,0
2709.8,23.87,0,0
2710.0,23.89,0,0
2710.2,23.94,0,0
2710.4,23.9,0,0
2710.6,23.91,0,0
2710.8,23.9,0,0
2711.0,23.89,0,0
2711.2,23.92,0,0
2711.4,23.92,0,0
2711.6,23.91,0,0
2711.8,23.91,0,0
2712.0,23.92,0,0
2712.2,23.91,0,0
2712.4,23.91,0,0
2712.6,23.89,0,0
2712.8,23.9,0,0
2713.0,23.9,0,0
2713.2,23.89,0,0
2713.4,23.91,0,0
2713.6,23.91,0,0
2713.8,23.89,0,0
2714.0,23.89,0,0
2714.2,23.89,0,0
2714.4,23.87,0,0
2714.6,23.86,0,0
2714.8,23.83,0,0
2715.0,23.85,0,0
2715.2,23.84,0,0
2715.4,23.79,0,0
2715.6,23.78,0,0
2715.8,23.78,0,0
2716.0,23.77,0,0
2716.2,23.77,0,0
2716.4,23.77,0,0
2716.6,23.77,0,0
2716.8,23.75,0,0
2717.0,23.77,0,0
2717.2,23.76,0,0
2717.4,23.75,0,0
2717.6,23.76,0,0
2717.8,23.75,0,0
2718.0,23.76,0,0
2718.2,23.75,0,0
2718.4,23.75,0,0
2718.6,23.76,0,0
2718.8,23.76,0,0
2719.0,23.75,0,0
2719.2,23.76,0,0
2719.4,23.76,0,0
2719.6,23.74,0,0
2719.8,23.75,0,0
2720.0,23.74,0,0
2720.2,23.74,0,0
2720.4,23.75,0,0
2720.6,23.73,0,0
2720.8,23.75,0,0
2721.0,23.74,0,0
2721.2,23.73,0,0
2721.4,23.73,0,0
2721.6,23.73,0,0
2721.8,23.73,0,0
2722.0,23.73,0,0
2722.2,23.73,0,0
2722.4,23.73,0,0
2722.6,23.73,0,0
2722.8,23.72,0,0
2723.0,23.72,0,0
2723.2,23.73,0,0
2723.4,23.72,0,0
2723.6,23.73,0,0
2723.8,23.73,0,0
2724.0,23.72,0,0
2724.2,23.72,0,0
2724.4,23.72,0,0
2724.6,23.71,0,0
2724.8,23.72,0,0
2725.0,23.72,0,0
2725.2,23.72,0,0
2725.4,23.72,0,0
2725.6,23.71,0,0
2725.8,23.71,0,0
2726.0,23.71,0,0
2726.2,23.72,0,0
2726.4,23.71,0,0
2726.6,23.72,0,0
2726.8,23.71,0,0
2727.0,23.71,0,0
2727.2,23.7,0,0
2727.4,23.71,0,0
2727.6,23.7,0,0
2727.8,23.7,0,0
2728.0,23.7,0,0
2728.2,23.7,0,0
2728.4,23.7,0,0
2728.6,23.7,0,0
2728.8,23.7,0,0
2729.0,23.69,0,0
2729.2,23.7,0,0
2729.4,23.69,0,0
2729.6,23.68,0,0
2729.8,23.69,0,0
2730.0,23.69,0,0
2730.2,23.69,0,0
2730.4,23.68,0,0
2730.6,23.69,0,0
2730.8,23.68,0,0
2731.0,23.7,0,0
2731.2,23.68,0,0
2731.4,23.68,0,0
2731.6,23.68,0,0
2731.8,23.67,0,0
2732.0,23.68,0,0
2732.2,23.68,0,0
2732.4,23.68,0,0
2732.6,23.68,0,0
2732.8,23.68,0,0
2733.0,23.67,0,0
2733.2,23.67,0,0
2733.4,23.69,0,0
2733.6,23.68,0,0
2733.8,23.67,0,0
2734.0,23.67,0,0
2734.2,23.68,0,0
2734.4,23.68,0,0
2734.6,23.68,0,0
2734.8,23.67,0,0
2735.0,23.67,0,0
2735.2,23.67,0,0
2735.4,23.66,0,0
2735.6,23.67,0,0
2735.8,23.66,0,0
2736.0,23.66,0,0
2736.2,23.66,0,0
2736.4,23.69,10,0
2736.6,23.67,10,0
2736.8,23.65,10,0
2737.0,23.64,10,0
2737.2,23.62,10,0
2737.4,23.65,20,0
2737.6,23.64,20,0
2737.8,23.62,20,0
2738.0,23.6,20,0
2738.2,23.58,20,0
2738.4,23.58,20,0
2738.6,23.6,20,0
2738.8,23.59,20,0
2739.0,23.57,20,0
2739.2,23.52,22,0
2739.4,23.53,22,0
2739.6,23.52,22,0
2739.8,23.5,22,0
2740.0,23.5,22,0
2740.2,23.5,22,0
2740.4,23.47,22,0
2740.6,23.42,22,0
2740.8,23.4,22,0
2741.0,23.39,22,0
2741.2,23.41,22,0
2741.4,23.4,22,0
2741.6,23.38,22,0
2741.8,23.38,22,0
2742.0,23.37,22,0
2742.2,23.36,22,0
2742.4,23.36,22,0
2742.6,23.29,22,0
2742.8,23.28,22,0
2743.0,23.26,22,0
2743.2,23.29,22,0
2743.4,23.27,22,0
2743.6,23.26,22,0
2743.8,23.26,22,0
2744.0,23.25,22,0
2744.2,23.24,22,0
2744.4,23.19,22,0
2744.6,23.18,22,0
2744.8,23.16,22,0
2745.0,23.18,22,0
2745.2,23.17,22,0
2745.4,23.16,22,0
2745.6,23.15,22,0
2745.8,23.16,22,0
2746.0,23.14,22,0
2746.2,23.13,22,0
2746.4,23.07,22,0
2746.6,23.06,22,0
2746.8,23.05,22,0
2747.0,23.08,22,0
2747.2,23.07,22,0
2747.4,23.06,22,0
2747.6,23.06,22,0
2747.8,23.05,22,0
2748.0,23.04,22,0
2748.2,22.98,22,0
2748.4,22.99,22,0
2748.6,22.98,22,0
2748.8,22.97,22,0
2749.0,22.98,22,0
2749.2,22.99,22,0
2749.4,22.98,22,0
2749.6,22.98,22,0
2749.8,22.97,22,0
2750.0,22.96,22,0
2750.2,22.9,22,0
2750.4,22.9,22,0
2750.6,22.88,22,0
2750.8,22.91,22,0
2751.0,22.91,22,0
2751.2,22.9,22,0
2751.4,22.91,22,0
2751.6,22.89,22,0
2751.8,22.89,22,0
2752.0,22.88,22,0
2752.2,22.83,22,0
2752.4,22.81,22,0
2752.6,22.82,22,0
2752.8,22.83,22,0
2753.0,22.83,22,0
2753.2,22.82,22,0
2753.4,22.82,22,0
2753.6,22.81,22,0
2753.8,22.82,22,0
2754.0,22.76,22,0
2754.2,22.75,22,0
2754.4,22.74,22,0
2754.6,22.76,22,0
2754.8,22.76,22,0
2755.0,22.75,22,0
2755.2,22.74,22,0
2755.4,22.76,22,0
2755.6,22.75,22,0
2755.8,22.74,22,0
2756.0,22.69,22,0
2756.2,22.68,22,0
2756.4,22.68,22,0
2756.6,22.7,22,0
2756.8,22.69,22,0
2757.0,22.68,22,0
2757.2,22.69,22,0
2757.4,22.68,22,0
2757.6,22.68,22,0
2757.8,22.63,22,0
2758.0,22.63,22,0
2758.2,22.62,22,0
2758.4,22.61,22,0
2758.6,22.63,22,0
2758.8,22.62,22,0
2759.0,22.62,22,0
2759.2,22.63,22,0
2759.4,22.63,22,0
2759.6,22.61,22,0
2759.8,22.56,22,0
2760.0,22.55,22,0
2760.2,22.55,22,0
2760.4,22.57,22,0
2760.6,22.56,22,0
2760.8,22.56,22,0
2761.0,22.56,22,0
2761.2,22.57,22,0
2761.4,22.55,22,0
2761.6,22.55,22,0
2761.8,22.49,22,0
2762.0,22.5,22,0
2762.2,22.48,22,0
2762.4,22.51,22,0
2762.6,22.51,22,0
2762.8,22.5,22,0
2763.0,22.52,22,0
2763.2,22.51,22,0
2763.4,22.5,22,0
2763.6,22.45,22,0
2763.8,22.38,22,0
2764.0,22.4,22,0
2764.2,22.42,22,0
2764.4,22.41,22,0
2764.6,22.4,22,0
2764.8,22.4,22,0
2765.0,22.43,22,0
2765.2,22.41,22,0
2765.4,22.42,22,0
2765.6,22.35,22,0
2765.8,22.35,22,0
2766.0,22.33,22,0
2766.2,22.36,22,0
2766.4,22.35,22,0
2766.6,22.36,22,0
2766.8,22.36,22,0
2767.0,22.35,22,0
2767.2,22.35,22,0
2767.4,22.31,22,0
2767.6,22.29,22,0
2767.8,22.29,22,0
2768.0,22.29,22,0
2768.2,22.31,22,0
2768.4,22.29,22,0
2768.6,22.29,22,0
2768.8,22.3,22,0
2769.0,22.3,22,0
2769.2,22.29,22,0
2769.4,22.24,22,0
2769.6,22.24,22,0
2769.8,22.22,22,0
2770.0,22.25,22,0
2770.2,22.25,22,0
2770.4,22.24,22,0
2770.6,22.25,22,0
2770.8,22.24,22,0
2771.0,22.23,22,0
2771.2,22.24,22,0
2771.4,22.19,22,0
2771.6,22.18,22,0
2771.8,22.18,22,0
2772.0,22.2,22,0
2772.2,22.19,22,0
2772.4,22.19,22,0
2772.6,22.2,22,0
2772.8,22.19,22,0
2773.0,22.2,22,0
2773.2,22.14,22,0
2773.4,22.13,22,0
2773.6,22.12,22,0
2773.8,22.15,22,0
2774.0,22.14,22,0
2774.2,22.14,22,0
2774.4,22.13,22,0
2774.6,22.15,22,0
2774.8,22.14,22,0
2775.0,22.14,22,0
2775.2,22.09,22,0
2775.4,22.11,22,0
2775.6,22.1,22,0
2775.8,22.11,22,0
2776.0,22.11,22,0
2776.2,22.1,22,0
2776.4,22.11,22,0
2776.6,22.1,22,0
2776.8,22.11,22,0
2777.0,22.06,22,0
2777.2,22.05,22,0
2777.4,22.04,22,0
2777.6,22.04,22,0
2777.8,22.06,22,0
2778.0,22.06,22,0
2778.2,22.05,22,0
2778.4,22.06,22,0
2778.6,22.07,22,0
2778.8,22.06,22,0
2779.0,22.01,22,0
2779.2,21.99,22,0
2779.4,22.0,22,0
2779.6,22.02,22,0
2779.8,22.01,22,0
2780.0,22.01,22,0
2780.2,22.02,22,0
2780.4,22.01,22,0
2780.6,22.01,22,0
2780.8,22.0,22,0
2781.0,21.94,22,0
2781.2,21.95,22,0
2781.4,21.94,22,0
2781.6,21.97,22,0
2781.8,21.96,22,0
2782.0,21.95,22,0
2782.2,21.96,22,0
2782.4,21.97,22,0
2782.6,21.95,22,0
2782.8,21.91,22,0
2783.0,21.89,22,0
2783.2,21.9,22,0
2783.4,21.93,22,0
2783.6,21.92,22,0
2783.8,21.91,22,0
2784.0,21.92,22,0
2784.2,21.93,22,0
2784.4,21.92,22,0
2784.6,21.93,22,0
2784.8,21.86,22,0
2785.0,21.86,22,0
2785.2,21.84,22,0
2785.4,21.88,22,0
2785.6,21.88,22,0
2785.8,21.87,22,0
2786.0,21.88,22,0
2786.2,21.89,22,0
2786.4,21.88,22,0
2786.6,21.83,22,0
2786.8,21.82,22,0
2787.0,21.83,22,0
2787.2,21.8,22,0
2787.4,21.84,22,0
2787.6,21.83,22,0
2787.8,21.83,22,0
2788.0,21.84,22,0
2788.2,21.83,22,0
2788.4,21.84,22,0
2788.6,21.78,22,0
2788.8,21.78,22,0
2789.0,21.77,22,0
2789.2,21.81,22,0
2789.4,21.8,22,0
2789.6,21.79,22,0
2789.8,21.8,22,0
2790.0,21.8,22,0
2790.2,21.8,22,0
2790.4,21.79,22,0
2790.6,21.75,22,0
2790.8,21.74,22,0
2791.0,21.74,22,0
2791.2,21.76,22,0
2791.4,21.76,22,0
2791.6,21.76,22,0
2791.8,21.77,22,0
2792.0,21.76,22,0
2792.2,21.77,22,0
2792.4,21.7,22,0
2792.6,21.71,22,0
2792.8,21.69,22,0
2793.0,21.73,22,0
2793.2,21.73,22,0
2793.4,21.72,22,0
2793.6,21.72,22,0
2793.8,21.73,22,0
2794.0,21.73,22,0
2794.2,21.72,22,0
2794.4,21.68,22,0
2794.6,21.66,22,0
2794.8,21.67,22,0
2795.0,21.7,22,0
2795.2,21.69,22,0
2795.4,21.69,22,0
2795.6,21.74,22,0
2795.8,21.69,22,0
2796.0,21.72,22,0
2796.2,21.68,22,0
2796.4,21.82,22,0
2796.6,21.69,22,0
2796.8,21.7,22,0
2797.0,21.72,22,0
2797.2,21.72,22,0
2797.4,21.71,22,0
2797.6,21.72,22,0
2797.8,21.72,22,0
2798.0,21.72,22,0
2798.2,21.67,22,0
2798.4,21.65,22,0
2798.6,21.67,22,0
2798.8,21.68,22,0
2799.0,21.67,22,0
2799.2,21.67,22,0
2799.4,21.68,22,0
2799.6,21.68,22,0
2799.8,21.68,22,0
2800.0,21.68,22,0
2800.2,21.63,22,0
2800.4,21.62,22,0
2800.6,21.62,22,0
2800.8,21.64,22,0
2801.0,21.64,22,0
2801.2,21.63,22,0
2801.4,21.64,22,0
2801.6,21.64,22,0
2801.8,21.63,22,0
2802.0,21.6,22,0
2802.2,21.58,22,0
2802.4,21.58,22,0
2802.6,21.61,22,0
2802.8,21.6,22,0
2803.0,21.6,22,0
2803.2,21.59,22,0
2803.4,21.6,22,0
2803.6,21.6,22,0
2803.8,21.6,22,0
2804.0,21.54,22,0
2804.2,21.55,22,0
2804.4,21.54,22,0
2804.6,21.56,22,0
2804.8,21.57,22,0
2805.0,21.57,22,0
2805.2,21.58,22,0
2805.4,21.58,22,0
2805.6,21.58,22,0
2805.8,21.53,22,0
2806.0,21.5,22,0
2806.2,21.52,22,0
2806.4,21.5,22,0
2806.6,21.54,22,0
2806.8,21.54,22,0
2807.0,21.54,22,0
2807.2,21.55,22,0
2807.4,21.54,22,0
2807.6,21.54,22,0
2807.8,21.48,22,0
2808.0,21.48,22,0
2808.2,21.47,22,0
2808.4,21.51,22,0
2808.6,21.5,22,0
2808.8,21.5,22,0
2809.0,21.51,22,0
2809.2,21.52,22,0
2809.4,21.51,22,0
2809.6,21.52,22,0
2809.8,21.46,22,0
2810.0,21.46,22,0
2810.2,21.46,22,0
2810.4,21.48,22,0
2810.6,21.48,22,0
2810.8,21.48,22,0
2811.0,21.49,22,0
2811.2,21.48,22,0
2811.4,21.48,22,0
2811.6,21.41,22,0
2811.8,21.43,22,0
2812.0,21.42,22,0
2812.2,21.45,22,0
2812.4,21.45,22,0
2812.6,21.44,22,0
2812.8,21.44,22,0
2813.0,21.45,22,0
2813.2,21.45,22,0
2813.4,21.44,22,0
2813.6,21.4,22,0
2813.8,21.39,22,0
2814.0,21.44,22,0
2814.2,21.42,22,0
2814.4,21.42,22,0
2814.6,21.42,22,0
2814.8,21.44,22,0
2815.0,21.42,22,0
2815.2,21.43,22,0
2815.4,21.36,22,0
2815.6,21.37,22,0
2815.8,21.36,22,0
2816.0,21.37,22,0
2816.2,21.39,22,0
2816.4,21.4,22,0
2816.6,21.39,22,0
2816.8,21.4,22,0
2817.0,21.41,22,0
2817.2,21.39,22,0
2817.4,21.36,22,0
2817.6,21.34,22,0
2817.8,21.35,22,0
2818.0,21.38,22,0
2818.2,21.37,22,0
2818.4,21.37,22,0
2818.6,21.38,22,0
2818.8,21.38,22,0
2819.0,21.38,22,0
2819.2,21.37,22,0
2819.4,21.33,22,0
2819.6,21.33,22,0
2819.8,21.33,22,0
2820.0,21.35,22,0
2820.2,21.35,22,0
2820.4,21.34,22,0
2820.6,21.36,22,0
2820.8,21.36,22,0
2821.0,21.35,22,0
2821.2,21.31,22,0
2821.4,21.3,22,0
2821.6,21.31,22,0
2821.8,21.33,22,0
2822.0,21.33,22,0
2822.2,21.33,22,0
2822.4,21.32,22,0
2822.6,21.34,22,0
2822.8,21.33,22,0
2823.0,21.33,22,0
2823.2,21.28,22,0
2823.4,21.28,22,0
2823.6,21.29,22,0
2823.8,21.31,22,0
2824.0,21.3,22,0
2824.2,21.3,22,0
2824.4,21.32,22,0
2824.6,21.32,22,0
2824.8,21.32,22,0
2825.0,21.27,22,0
2825.2,21.26,22,0
2825.4,21.27,22,0
2825.6,21.25,22,0
2825.8,21.29,22,0
2826.0,21.28,22,0
2826.2,21.28,22,0
2826.4,21.3,22,0
2826.6,21.29,22,0
2826.8,21.29,22,0
2827.0,21.24,22,0
2827.2,21.25,22,0
2827.4,21.23,22,0
2827.6,21.27,22,0
2827.8,21.26,22,0
2828.0,21.26,22,0
2828.2,21.28,22,0
2828.4,21.28,22,0
2828.6,21.27,22,0
2828.8,21.28,22,0
2829.0,21.23,22,0
2829.2,21.22,22,0
2829.4,21.21,22,0
2829.6,21.25,22,0
2829.8,21.24,22,0
2830.0,21.24,22,0
2830.2,21.26,22,0
2830.4,21.26,22,0
2830.6,21.26,22,0
2830.8,21.19,22,0
2831.0,21.21,22,0
2831.2,21.19,22,0
2831.4,21.23,22,0
2831.6,21.23,22,0
2831.8,21.23,22,0
2832.0,21.22,22,0
2832.2,21.23,22,0
2832.4,21.23,22,0
2832.6,21.23,22,0
2832.8,21.19,22,0
2833.0,21.19,22,0
2833.2,21.18,22,0
2833.4,21.22,22,0
2833.6,21.21,22,0
2833.8,21.21,22,0
2834.0,21.22,22,0
2834.2,21.21,22,0
2834.4,21.22,22,0
2834.6,21.16,22,0
2834.8,21.16,22,0
2835.0,21.15,22,0
2835.2,21.16,22,0
2835.4,21.19,22,0
2835.6,21.18,22,0
2835.8,21.18,22,0
2836.0,21.2,22,0
2836.2,21.2,22,0
2836.4,21.19,22,0
2836.6,21.15,22,0
2836.8,21.14,22,0
2837.0,21.15,22,0
2837.2,21.17,22,0
2837.4,21.17,22,0
2837.6,21.17,22,0
2837.8,21.19,22,0
2838.0,21.18,22,0
2838.2,21.18,22,0
2838.4,21.17,22,0
2838.6,21.14,22,0
2838.8,21.13,22,0
2839.0,21.13,22,0
2839.2,21.15,22,0
2839.4,21.16,22,0
2839.6,21.15,22,0
2839.8,21.16,22,0
2840.0,21.17,22,0
2840.2,21.16,22,0
2840.4,21.11,22,0
2840.6,21.11,22,0
2840.8,21.11,22,0
2841.0,21.14,22,0
2841.2,21.14,22,0
2841.4,21.13,22,0
2841.6,21.14,22,0
2841.8,21.15,22,0
2842.0,21.14,22,0
2842.2,21.14,22,0
2842.4,21.09,22,0
2842.6,21.1,22,0
2842.8,21.1,22,0
2843.0,21.13,22,0
2843.2,21.12,22,0
2843.4,21.12,22,0
2843.6,21.13,22,0
2843.8,21.14,22,0
2844.0,21.12,22,0
2844.2,21.09,22,0
2844.4,21.07,22,0
2844.6,21.09,22,0
2844.8,21.07,22,0
2845.0,21.1,22,0
2845.2,21.11,22,0
2845.4,21.1,22,0
2845.6,21.11,22,0
2845.8,21.21,22,0
2846.0,21.25,22,0
2846.2,21.19,22,0
2846.4,21.2,22,0
2846.6,21.2,22,0
2846.8,21.22,22,0
2847.0,21.22,22,0
2847.2,21.22,22,0
2847.4,21.23,22,0
2847.6,21.25,22,0
2847.8,21.23,22,0
2848.0,21.24,22,0
2848.2,21.18,22,0
2848.4,21.19,22,0
2848.6,21.17,22,0
2848.8,21.21,22,0
2849.0,21.21,22,0
2849.2,21.2,22,0
2849.4,21.22,22,0
2849.6,21.21,22,0
2849.8,21.22,22,0
2850.0,21.16,22,0
2850.2,21.17,22,0
2850.4,21.16,22,0
2850.6,21.19,22,0
2850.8,21.19,22,0
2851.0,21.19,22,0
2851.2,21.18,22,0
2851.4,21.2,22,0
2851.6,21.2,22,0
2851.8,21.21,22,0
2852.0,21.15,22,0
2852.2,21.16,22,0
2852.4,21.15,22,0
2852.6,21.18,22,0
2852.8,21.18,22,0
2853.0,21.17,22,0
2853.2,21.2,22,0
2853.4,21.19,22,0
2853.6,21.19,22,0
2853.8,21.14,22,0
2854.0,21.14,22,0
2854.2,21.13,22,0
2854.4,21.14,22,0
2854.6,21.16,22,0
2854.8,21.16,22,0
2855.0,21.16,22,0
2855.2,21.17,22,0
2855.4,21.17,22,0
2855.6,21.17,22,0
2855.8,21.13,22,0
2856.0,21.12,22,0
2856.2,21.13,22,0
2856.4,21.15,22,0
2856.6,21.15,22,0
2856.8,21.15,22,0
2857.0,21.17,22,0
2857.2,21.16,22,0
2857.4,21.17,22,0
2857.6,21.16,22,0
2857.8,21.12,22,0
2858.0,21.1,22,0
2858.2,21.12,22,0
2858.4,21.14,22,0
2858.6,21.14,22,0
2858.8,21.14,22,0
2859.0,21.15,22,0
2859.2,21.16,22,0
2859.4,21.15,22,0
2859.6,21.11,22,0
2859.8,21.1,22,0
2860.0,21.1,22,0
2860.2,21.13,22,0
2860.4,21.13,22,0
2860.6,21.13,22,0
2860.8,21.12,22,0
2861.0,21.14,22,0
2861.2,21.14,22,0
2861.4,21.14,22,0
2861.6,21.09,22,0
2861.8,21.09,22,0
2862.0,21.08,22,0
2862.2,21.12,22,0
2862.4,21.11,22,0
2862.6,21.12,22,0
2862.8,21.12,22,0
2863.0,21.14,22,0
2863.2,21.13,22,0
2863.4,21.08,22,0
2863.6,21.07,22,0
2863.8,21.09,22,0
2864.0,21.07,22,0
2864.2,21.1,22,0
2864.4,21.11,22,0
2864.6,21.1,22,0
2864.8,21.11,22,0
2865.0,21.11,22,0
2865.2,21.11,22,0
2865.4,21.07,22,0
2865.6,21.07,22,0
2865.8,21.06,22,0
2866.0,21.04,22,0
2866.2,21.04,22,0
2866.4,21.05,22,0
2866.6,21.06,22,0
2866.8,21.06,22,0
2867.0,21.05,22,0
2867.2,21.06,22,0
2867.4,21.0,22,0
2867.6,21.0,22,0
2867.8,21.0,22,0
2868.0,21.03,22,0
2868.2,21.03,22,0
2868.4,21.03,22,0
2868.6,21.05,22,0
2868.8,21.04,22,0
2869.0,21.03,22,0
2869.2,20.99,22,0
2869.4,20.99,22,0
2869.6,20.98,22,0
2869.8,21.02,22,0
2870.0,21.02,22,0
2870.2,21.02,22,0
2870.4,21.01,22,0
2870.6,21.03,22,0
2870.8,21.03,22,0
2871.0,21.04,22,0
2871.2,20.98,22,0
2871.4,20.99,22,0
2871.6,20.97,22,0
2871.8,21.01,22,0
2872.0,21.0,22,0
2872.2,21.01,22,0
2872.4,21.03,22,0
2872.6,21.02,22,0
2872.8,21.03,22,0
2873.0,20.97,22,0
2873.2,20.98,22,0
2873.4,20.97,22,0
2873.6,20.98,22,0
2873.8,21.0,22,0
2874.0,21.0,22,0
2874.2,20.99,22,0
2874.4,21.01,22,0
2874.6,21.01,22,0
2874.8,21.01,22,0
2875.0,20.97,22,0
2875.2,20.96,22,0
2875.4,20.96,22,0
2875.6,20.99,22,0
2875.8,20.99,22,0
2876.0,20.99,22,0
2876.2,21.01,22,0
2876.4,21.0,22,0
2876.6,21.0,22,0
2876.8,20.99,22,0
2877.0,20.96,22,0
2877.2,20.94,22,0
2877.4,20.96,22,0
2877.6,20.98,22,0
2877.8,20.97,22,0
2878.0,20.97,22,0
2878.2,20.99,22,0
2878.4,20.99,22,0
2878.6,20.99,22,0
2878.8,20.95,22,0
2879.0,20.94,22,0
2879.2,20.95,22,0
2879.4,20.97,22,0
2879.6,20.97,22,0
2879.8,20.97,22,0
2880.0,20.97,22,0
2880.2,20.98,22,0
2880.4,20.99,22,0
2880.6,20.98,22,0
2880.8,20.94,22,0
2881.0,20.92,22,0
2881.2,20.94,22,0
2881.4,20.97,22,0
2881.6,20.96,22,0
2881.8,20.96,22,0
2882.0,20.97,22,0
2882.2,20.98,22,0
2882.4,21.05,22,0
2882.6,20.97,22,0
2882.8,20.95,22,0
2883.0,20.96,22,0
2883.2,20.95,22,0
2883.4,20.99,22,0
2883.6,21.0,22,0
2883.8,20.99,22,0
2884.0,21.01,22,0
2884.2,21.01,22,0
2884.4,21.0,22,0
2884.6,20.96,22,0
2884.8,20.96,22,0
2885.0,20.96,22,0
2885.2,20.98,22,0
2885.4,20.98,22,0
2885.6,20.98,22,0
2885.8,20.99,22,0
2886.0,21.0,22,0
2886.2,20.99,22,0
2886.4,21.0,22,0
2886.6,20.94,22,0
2886.8,20.95,22,0
2887.0,20.93,22,0
2887.2,20.98,22,0
2887.4,20.97,22,0
2887.6,20.97,22,0
2887.8,20.99,22,0
2888.0,20.98,22,0
2888.2,20.98,22,0
2888.4,20.93,22,0
2888.6,20.94,22,0
2888.8,20.94,22,0
2889.0,20.97,22,0
2889.2,20.97,22,0
2889.4,20.96,22,0
2889.6,20.97,22,0
2889.8,20.98,22,0
2890.0,20.97,22,0
2890.2,20.98,22,0
2890.4,20.92,22,0
2890.6,20.94,22,0
2890.8,20.91,22,0
2891.0,21.83,22,0
2891.2,23.85,22,0
2891.4,23.94,22,0
2891.6,23.85,22,0
2891.8,23.85,22,0
2892.0,23.86,22,0
2892.2,23.76,22,0
2892.4,23.76,22,0
2892.6,23.75,22,0
2892.8,23.83,22,0
2893.0,24.2,22,0
2893.2,24.17,22,0
2893.4,24.1,22,0
2893.6,23.93,22,0
2893.8,24.12,22,0
2894.0,24.19,22,0
2894.2,23.83,22,0
2894.4,23.74,22,0
2894.6,23.89,22,0
2894.8,23.97,22,0
2895.0,24.0,22,0
2895.2,23.92,22,0
2895.4,23.88,22,0
2895.6,23.87,22,0
2895.8,23.84,22,0
2896.0,23.86,22,0
2896.2,23.93,22,0
2896.4,23.78,22,0
2896.6,23.73,22,0
2896.8,23.77,22,0
2897.0,23.77,22,0
2897.2,23.92,22,0
2897.4,23.83,22,0
2897.6,23.76,22,0
2897.8,23.77,22,0
2898.0,23.83,22,0
2898.2,23.96,22,0
2898.4,23.77,22,0
2898.6,23.78,22,0
2898.8,23.79,22,0
2899.0,23.84,22,0
2899.2,23.84,22,0
2899.4,23.95,22,0
2899.6,24.01,22,0
2899.8,24.07,22,0
2900.0,23.81,22,0
2900.2,23.19,22,0
2900.4,23.32,22,0
2900.6,23.32,22,0
2900.8,23.48,22,0
2901.0,23.47,22,0
2901.2,23.39,22,0
2901.4,23.3,22,0
2901.6,23.36,22,0
2901.8,23.35,22,0
2902.0,23.37,22,0
2902.2,23.35,22,0
2902.4,23.25,22,0
2902.6,23.26,22,0
2902.8,23.26,22,0
2903.0,23.26,22,0
2903.2,23.29,22,0
2903.4,23.29,22,0
2903.6,23.38,22,0
2903.8,23.36,22,0
2904.0,23.34,22,0
2904.2,23.36,22,0
2904.4,23.39,22,0
2904.6,23.4,22,0
2904.8,23.39,22,0
2905.0,23.39,22,0
2905.2,23.41,22,0
2905.4,23.45,22,0
2905.6,23.44,22,0
2905.8,23.34,22,0
2906.0,23.35,22,0
2906.2,23.35,22,0
2906.4,23.41,22,0
2906.6,23.37,22,0
2906.8,23.38,22,0
2907.0,23.41,22,0
2907.2,23.35,22,0
2907.4,23.36,22,0
2907.6,23.33,22,0
2907.8,23.31,22,0
2908.0,23.36,22,0
2908.2,23.35,22,0
2908.4,23.3,22,0
2908.6,23.38,22,0
2908.8,23.35,22,0
2909.0,23.36,22,0
2909.2,23.34,22,0
2909.4,23.34,22,0
2909.6,23.28,22,0
2909.8,23.32,22,0
2910.0,23.33,22,0
2910.2,23.37,22,0
2910.4,23.29,22,0
2910.6,23.31,22,0
2910.8,23.32,22,0
2911.0,23.33,22,0
2911.2,23.32,22,0
2911.4,23.27,22,0
2911.6,23.26,22,0
2911.8,23.27,22,0
2912.0,23.27,22,0
2912.2,23.3,22,0
2912.4,23.3,22,0
2912.6,23.3,22,0
2912.8,23.33,22,0
2913.0,23.3,22,0
2913.2,23.38,22,0
2913.4,23.33,22,0
2913.6,23.33,22,0
2913.8,23.31,22,0
2914.0,23.35,22,0
2914.2,23.36,22,0
2914.4,23.37,22,0
2914.6,23.37,22,0
2914.8,23.35,22,0
2915.0,23.37,22,0
2915.2,23.31,22,0
2915.4,23.25,22,0
2915.6,23.29,22,0
2915.8,23.29,22,0
2916.0,23.32,22,0
2916.2,23.31,22,0
2916.4,23.35,22,0
2916.6,23.36,22,0
2916.8,23.33,22,0
2917.0,23.34,22,0
2917.2,23.29,22,0
2917.4,23.29,22,0
2917.6,23.32,22,0
2917.8,23.34,22,0
2918.0,23.38,22,0
2918.2,23.37,22,0
2918.4,23.32,22,0
2918.6,23.35,22,0
2918.8,23.26,22,0
2919.0,23.36,22,0
2919.2,23.3,22,0
2919.4,23.26,22,0
2919.6,23.33,22,0
2919.8,23.28,22,0
2920.0,23.25,22,0
2920.2,23.25,22,0
2920.4,23.27,22,0
2920.6,23.32,22,0
2920.8,23.33,22,0
2921.0,23.26,22,0
2921.2,23.31,22,0
2921.4,23.32,22,0
2921.6,23.24,22,0
2921.8,23.24,22,0
2922.0,23.24,22,0
2922.2,23.23,22,0
2922.4,23.23,22,0
2922.6,23.18,22,0
2922.8,23.17,22,0
2923.0,23.15,22,0
2923.2,23.17,22,0
2923.4,23.18,22,0
2923.6,23.24,22,0
2923.8,23.22,22,0
2924.0,23.29,22,0
2924.2,23.38,22,0
2924.4,23.37,22,0
2924.6,23.37,22,0
2924.8,23.36,22,0
2925.0,23.28,22,0
2925.2,23.23,22,0
2925.4,23.24,22,0
2925.6,23.31,22,0
2925.8,23.34,22,0
2926.0,23.31,22,0
2926.2,23.31,22,0
2926.4,23.31,22,0
2926.6,23.28,22,0
2926.8,23.26,22,0
2927.0,23.25,22,0
2927.2,23.26,22,0
2927.4,23.27,22,0
2927.6,23.26,22,0
2927.8,23.25,22,0
2928.0,23.23,22,0
2928.2,23.26,22,0
2928.4,23.26,22,0
2928.6,23.25,22,0
2928.8,23.18,22,0
2929.0,23.19,22,0
2929.2,23.19,22,0
2929.4,23.27,22,0
2929.6,23.3,22,0
2929.8,23.29,22,0
2930.0,23.28,22,0
2930.2,23.31,22,0
2930.4,23.28,22,0
2930.6,23.25,22,0
2930.8,23.29,22,0
2931.0,23.25,22,0
2931.2,23.26,22,0
2931.4,23.28,22,0
2931.6,23.27,22,0
2931.8,23.27,22,0
2932.0,23.31,22,0
2932.2,23.31,22,0
2932.4,23.3,22,0
2932.6,23.25,22,0
2932.8,23.25,22,0
2933.0,23.25,22,0
2933.2,23.29,22,0
2933.4,23.28,22,0
2933.6,23.27,22,0
2933.8,23.33,22,0
2934.0,23.32,22,0
2934.2,23.31,22,0
2934.4,23.3,22,0
2934.6,23.26,22,0
2934.8,23.26,22,0
2935.0,23.27,22,0
2935.2,23.29,22,0
2935.4,23.29,22,0
2935.6,23.28,22,0
2935.8,23.29,22,0
2936.0,23.27,22,0
2936.2,23.27,22,0
2936.4,23.23,22,0
2936.6,23.25,22,0
2936.8,23.21,22,0
2937.0,23.17,22,0
2937.2,23.21,22,0
2937.4,23.19,22,0
2937.6,23.16,22,0
2937.8,23.2,22,0
2938.0,23.25,22,0
2938.2,23.14,22,0
2938.4,23.14,22,0
2938.6,23.12,22,0
2938.8,23.12,22,0
2939.0,23.11,22,0
2939.2,23.15,22,0
2939.4,23.15,22,0
2939.6,23.1,22,0
2939.8,23.12,22,0
2940.0,23.13,22,0
2940.2,23.05,22,0
2940.4,23.12,22,0
2940.6,23.14,22,0
2940.8,23.15,22,0
2941.0,23.15,22,0
2941.2,23.15,22,0
2941.4,23.2,22,0
2941.6,23.12,22,0
2941.8,23.12,22,0
2942.0,23.07,22,0
2942.2,23.01,22,0
2942.4,22.99,22,0
2942.6,22.99,22,0
2942.8,23.04,22,0
2943.0,23.04,22,0
2943.2,23.04,22,0
2943.4,23.05,22,0
2943.6,23.06,22,0
2943.8,23.07,22,0
2944.0,23.06,22,0
2944.2,23.02,22,0
2944.4,23.06,22,0
2944.6,23.05,22,0
2944.8,23.11,22,0
2945.0,23.09,22,0
2945.2,23.13,22,0
2945.4,23.1,22,0
2945.6,23.12,22,0
2945.8,23.06,22,0
2946.0,23.07,22,0
2946.2,23.11,22,0
2946.4,23.04,22,0
2946.6,23.05,22,0
2946.8,23.07,22,0
2947.0,23.08,22,0
2947.2,23.06,22,0
2947.4,23.07,22,0
2947.6,23.09,22,0
2947.8,23.07,22,0
2948.0,23.0,22,0
2948.2,23.02,22,0
2948.4,23.01,22,0
2948.6,23.1,22,0
2948.8,23.18,22,0
2949.0,23.15,22,0
2949.2,23.16,22,0
2949.4,23.17,22,0
2949.6,23.15,22,0
2949.8,23.09,22,0
2950.0,23.12,22,0
2950.2,23.11,22,0
2950.4,23.1,22,0
2950.6,23.14,22,0
2950.8,23.15,22,0
2951.0,23.14,22,0
2951.2,23.17,22,0
2951.4,23.17,22,0
2951.6,23.18,22,0
2951.8,23.1,22,0
2952.0,23.09,22,0
2952.2,23.1,22,0
2952.4,23.17,22,0
2952.6,23.16,22,0
2952.8,23.14,22,0
2953.0,23.17,22,0
2953.2,23.17,22,0
2953.4,23.17,22,0
2953.6,23.17,22,0
2953.8,23.13,22,0
2954.0,23.12,22,0
2954.2,23.11,22,0
2954.4,23.15,22,0
2954.6,23.16,22,0
2954.8,23.16,22,0
2955.0,23.18,22,0
2955.2,23.21,22,0
2955.4,23.21,22,0
2955.6,23.14,22,0
2955.8,23.15,22,0
2956.0,23.14,22,0
2956.2,23.18,22,0
2956.4,23.18,22,0
2956.6,23.19,22,0
2956.8,23.19,22,0
2957.0,23.17,22,0
2957.2,23.19,22,0
2957.4,23.18,22,0
2957.6,23.13,22,0
2957.8,23.14,22,0
2958.0,23.13,22,0
2958.2,23.15,22,0
2958.4,23.17,22,0
2958.6,23.17,22,0
2958.8,23.18,22,0
2959.0,23.18,22,0
2959.2,23.17,22,0
2959.4,23.11,22,0
2959.6,23.1,22,0
2959.8,23.05,22,0
2960.0,23.03,22,0
2960.2,23.12,22,0
2960.4,23.07,22,0
2960.6,23.1,22,0
2960.8,23.11,22,0
2961.0,23.12,22,0
2961.2,23.1,22,0
2961.4,23.04,22,0
2961.6,23.03,22,0
2961.8,23.04,22,0
2962.0,23.07,22,0
2962.2,23.09,22,0
2962.4,23.11,22,0
2962.6,23.15,22,0
2962.8,23.12,22,0
2963.0,23.13,22,0
2963.2,23.1,22,0
2963.4,23.05,22,0
2963.6,23.07,22,0
2963.8,23.06,22,0
2964.0,23.1,22,0
2964.2,23.1,22,0
2964.4,23.11,22,0
2964.6,23.11,22,0
2964.8,23.12,22,0
2965.0,23.11,22,0
2965.2,23.07,22,0
2965.4,23.06,22,0
2965.6,23.07,22,0
2965.8,23.1,22,0
2966.0,23.1,22,0
2966.2,23.1,22,0
2966.4,23.1,22,0
2966.6,23.11,22,0
2966.8,23.12,22,0
2967.0,23.11,22,0
2967.2,23.05,22,0
2967.4,23.05,22,0
2967.6,23.03,22,0
2967.8,23.1,22,0
2968.0,23.11,22,0
2968.2,23.09,22,0
2968.4,23.1,22,0
2968.6,23.12,22,0
2968.8,23.1,22,0
2969.0,23.07,22,0
2969.2,23.06,22,0
2969.4,23.07,22,0
2969.6,23.07,22,0
2969.8,23.1,22,0
2970.0,23.08,22,0
2970.2,23.1,22,0
2970.4,23.1,22,0
2970.6,23.1,22,0
2970.8,23.12,22,0
2971.0,23.05,22,0
2971.2,23.07,22,0
2971.4,23.06,22,0
2971.6,23.12,22,0
2971.8,23.07,22,0
2972.0,23.02,22,0
2972.2,23.04,22,0
2972.4,23.07,22,0
2972.6,23.05,22,0
2972.8,23.07,22,0
2973.0,23.05,22,0
2973.2,23.01,22,0
2973.4,23.04,22,0
2973.6,23.05,22,0
2973.8,23.05,22,0
2974.0,23.07,22,0
2974.2,23.06,22,0
2974.4,23.06,22,0
2974.6,23.1,22,0
2974.8,23.01,22,0
2975.0,23.01,22,0
2975.2,23.03,22,0
2975.4,23.08,22,0
2975.6,23.07,22,0
2975.8,23.09,22,0
2976.0,23.03,22,0
2976.2,23.09,22,0
2976.4,23.05,22,0
2976.6,23.05,22,0
2976.8,23.01,22,0
2977.0,22.99,22,0
2977.2,22.99,22,0
2977.4,23.05,22,0
2977.6,23.06,22,0
2977.8,23.06,22,0
2978.0,23.05,22,0
2978.2,23.05,22,0
2978.4,23.07,22,0
2978.6,23.01,22,0
2978.8,23.02,22,0
2979.0,23.01,22,0
2979.2,23.02,22,0
2979.4,23.05,22,0
2979.6,23.05,22,0
2979.8,23.06,22,0
2980.0,23.07,22,0
2980.2,23.07,22,0
2980.4,23.06,22,0
2980.6,22.99,22,0
2980.8,23.0,22,0
2981.0,23.01,22,0
2981.2,23.04,22,0
2981.4,23.06,22,0
2981.6,23.06,22,0
2981.8,23.04,22,0
2982.0,23.07,22,0
2982.2,23.1,22,0
2982.4,23.06,22,0
2982.6,23.04,22,0
2982.8,23.04,22,0
2983.0,23.05,22,0
2983.2,23.06,22,0
2983.4,23.05,22,0
2983.6,23.06,22,0
2983.8,23.07,22,0
2984.0,23.09,22,0
2984.2,23.07,22,0
2984.4,23.03,22,0
2984.6,23.02,22,0
2984.8,23.02,22,0
2985.0,23.05,22,0
2985.2,23.05,22,0
2985.4,23.05,22,0
2985.6,23.05,22,0
2985.8,23.06,22,0
2986.0,23.07,22,0
2986.2,23.07,22,0
2986.4,23.03,22,0
2986.6,23.01,22,0
2986.8,23.02,22,0
2987.0,23.04,22,0
2987.2,23.04,22,0
2987.4,23.04,22,0
2987.6,23.06,22,0
2987.8,23.05,22,0
2988.0,23.05,22,0
2988.2,23.01,22,0
2988.4,23.0,22,0
2988.6,23.01,22,0
2988.8,23.0,22,0
2989.0,23.04,22,0
2989.2,23.03,22,0
2989.4,23.05,22,0
2989.6,23.07,22,0
2989.8,23.04,22,0
2990.0,23.05,22,0
2990.2,22.99,22,0
2990.4,23.02,22,0
2990.6,23.0,22,0
2990.8,23.04,22,0
2991.0,23.03,22,0
2991.2,23.04,22,0
2991.4,23.05,22,0
2991.6,23.06,22,0
2991.8,23.05,22,0
2992.0,23.06,22,0
2992.2,23.0,22,0
2992.4,23.01,22,0
2992.6,22.99,22,0
2992.8,23.02,22,0
2993.0,23.03,22,0
2993.2,23.02,22,0
2993.4,23.06,22,0
2993.6,23.0,31,0
2993.8,23.02,33,0
2994.0,23.01,33,0
2994.2,23.01,33,0
2994.4,22.98,40,0
2994.6,23.0,41,0
2994.8,22.96,42,0
2995.0,22.98,42,0
2995.2,22.96,44,0
2995.4,22.96,45,0
2995.6,22.94,45,0
2995.8,22.91,45,0
2996.0,22.91,45,0
2996.2,22.83,45,0
2996.4,22.8,45,0
2996.6,22.76,45,0
2996.8,22.8,45,0
2997.0,22.81,45,0
2997.2,22.8,45,0
2997.4,22.81,45,0
2997.6,22.78,45,0
2997.8,22.78,45,0
2998.0,22.72,45,0
2998.2,22.7,45,0
2998.4,22.68,45,0
2998.6,22.67,45,0
2998.8,22.66,45,0
2999.0,22.64,45,0
2999.2,22.63,45,0
2999.4,22.61,45,0
2999.6,22.59,45,0
2999.8,22.58,45,0
3000.0,22.58,45,0
3000.2,22.57,45,0
3000.4,22.56,45,0
3000.6,22.54,45,0
3000.8,22.52,45,0
3001.0,22.52,45,0
3001.2,22.51,45,0
3001.4,22.5,45,0
3001.6,22.49,45,0
3001.8,22.49,45,0
3002.0,22.48,45,0
3002.2,22.47,45,0
3002.4,22.45,45,0
3002.6,22.45,45,0
3002.8,22.44,45,0
3003.0,22.42,45,0
3003.2,22.41,45,0
3003.4,22.4,45,0
3003.6,22.39,45,0
3003.8,22.39,45,0
3004.0,22.38,45,0
3004.2,22.37,45,0
3004.4,22.36,45,0
3004.6,22.36,45,0
3004.8,22.37,45,0
3005.0,22.36,45,0
3005.2,22.36,45,0
3005.4,22.34,45,0
3005.6,22.33,45,0
3005.8,22.32,45,0
3006.0,22.32,45,0
3006.2,22.29,45,0
3006.4,22.3,45,0
3006.6,22.3,45,0
3006.8,22.29,45,0
3007.0,22.28,45,0
3007.2,22.27,45,0
3007.4,22.25,45,0
3007.6,22.24,45,0
3007.8,22.23,45,0
3008.0,22.22,45,0
3008.2,22.22,45,0
3008.4,22.2,45,0
3008.6,22.19,45,0
3008.8,22.18,45,0
3009.0,22.17,45,0
3009.2,22.16,45,0
3009.4,22.17,45,0
3009.6,22.16,45,0
3009.8,22.15,45,0
3010.0,22.13,45,0
3010.2,22.13,45,0
3010.4,22.12,45,0
3010.6,22.12,45,0
3010.8,22.1,45,0
3011.0,22.09,45,0
3011.2,22.09,45,0
3011.4,22.09,45,0
3011.6,22.07,45,0
3011.8,22.06,45,0
3012.0,22.08,45,0
3012.2,22.08,45,0
3012.4,22.05,45,0
3012.6,22.05,45,0
3012.8,22.04,45,0
3013.0,22.03,45,0
3013.2,22.01,45,0
3013.4,22.01,45,0
3013.6,22.02,45,0
3013.8,22.0,45,0
3014.0,22.0,45,0
3014.2,21.98,45,0
3014.4,21.99,45,0
3014.6,21.97,45,0
3014.8,21.96,45,0
3015.0,21.96,45,0
3015.2,21.95,45,0
3015.4,21.94,45,0
3015.6,21.94,45,0
3015.8,21.94,45,0
3016.0,21.92,45,0
3016.2,21.91,45,0
3016.4,21.92,45,0
3016.6,21.91,45,0
3016.8,21.91,45,0
3017.0,21.89,45,0
3017.2,21.89,45,0
3017.4,21.88,45,0
3017.6,21.87,45,0
3017.8,21.87,45,0
3018.0,21.87,45,0
3018.2,21.85,45,0
3018.4,21.86,45,0
3018.6,21.86,45,0
3018.8,21.84,45,0
3019.0,21.84,45,0
3019.2,21.83,45,0
3019.4,21.82,45,0
3019.6,21.81,45,0
3019.8,21.81,45,0
3020.0,21.8,45,0
3020.2,21.8,45,0
3020.4,21.79,45,0
3020.6,21.78,45,0
3020.8,21.78,45,0
3021.0,21.77,45,0
3021.2,21.77,45,0
3021.4,21.75,45,0
3021.6,21.76,45,0
3021.8,21.76,45,0
3022.0,21.75,45,0
3022.2,21.73,45,0
3022.4,21.73,45,0
3022.6,21.71,45,0
3022.8,21.75,45,0
3023.0,21.7,45,0
3023.2,21.71,45,0
3023.4,21.7,45,0
3023.6,21.69,45,0
3023.8,21.69,45,0
3024.0,21.68,45,0
3024.2,21.67,45,0
3024.4,21.66,45,0
3024.6,21.67,45,0
3024.8,21.68,45,0
3025.0,21.67,45,0
3025.2,21.67,45,0
3025.4,21.65,45,0
3025.6,21.64,45,0
3025.8,21.64,45,0
3026.0,21.63,45,0
3026.2,21.62,45,0
3026.4,21.61,45,0
3026.6,21.62,45,0
3026.8,21.61,45,0
3027.0,21.61,45,0
3027.2,21.6,45,0
3027.4,21.6,45,0
3027.6,21.59,45,0
3027.8,21.59,45,0
3028.0,21.58,45,0
3028.2,21.55,45,0
3028.4,21.56,45,0
3028.6,21.56,45,0
3028.8,21.56,45,0
3029.0,21.55,45,0
3029.2,21.55,45,0
3029.4,21.55,45,0
3029.6,21.55,45,0
3029.8,21.55,45,0
3030.0,21.54,45,0
3030.2,21.54,45,0
3030.4,21.55,45,0
3030.6,21.52,45,0
3030.8,21.53,45,0
3031.0,21.52,45,0
3031.2,21.52,45,0
3031.4,21.51,45,0
3031.6,21.51,45,0
3031.8,21.49,45,0
3032.0,21.5,45,0
3032.2,21.48,45,0
3032.4,21.48,45,0
3032.6,21.48,45,0
3032.8,21.47,45,0
3033.0,21.46,45,0
3033.2,21.47,45,0
3033.4,21.45,45,0
3033.6,21.45,45,0
3033.8,21.45,45,0
3034.0,21.44,45,0
3034.2,21.43,45,0
3034.4,21.44,45,0
3034.6,21.43,45,0
3034.8,21.43,45,0
3035.0,21.42,45,0
3035.2,21.39,45,0
3035.4,21.38,45,0
3035.6,21.37,45,0
3035.8,21.4,45,0
3036.0,21.4,45,0
3036.2,21.4,45,0
3036.4,21.41,45,0
3036.6,21.42,45,0
3036.8,21.42,45,0
3037.0,21.39,45,0
3037.2,21.38,45,0
3037.4,21.38,45,0
3037.6,21.35,45,0
3037.8,21.36,45,0
3038.0,21.34,45,0
3038.2,21.35,45,0
3038.4,21.34,45,0
3038.6,21.3,45,0
3038.8,21.31,45,0
3039.0,21.36,45,0
3039.2,21.36,45,0
3039.4,21.34,45,0
3039.6,21.36,45,0
3039.8,21.34,45,0
3040.0,21.33,45,0
3040.2,21.34,45,0
3040.4,21.32,45,0
3040.6,21.34,45,0
3040.8,21.32,45,0
3041.0,21.32,45,0
3041.2,21.31,45,0
3041.4,21.31,45,0
3041.6,21.31,45,0
3041.8,21.3,45,0
3042.0,21.3,45,0
3042.2,21.3,45,0
3042.4,21.28,45,0
3042.6,21.31,45,0
3042.8,21.29,45,0
3043.0,21.29,45,0
3043.2,21.29,45,0
3043.4,21.27,45,0
3043.6,21.28,45,0
3043.8,21.27,45,0
3044.0,21.24,45,0
3044.2,21.26,45,0
3044.4,21.27,45,0
3044.6,21.25,45,0
3044.8,21.24,45,0
3045.0,21.29,45,0
3045.2,21.25,45,0
3045.4,21.27,45,0
3045.6,21.23,45,0
3045.8,21.23,45,0
3046.0,21.22,45,0
3046.2,21.22,45,0
3046.4,21.22,45,0
3046.6,21.2,45,0
3046.8,21.2,45,0
3047.0,21.19,45,0
3047.2,21.18,45,0
3047.4,21.18,45,0
3047.6,21.17,45,0
3047.8,21.18,45,0
3048.0,21.17,45,0
3048.2,21.18,45,0
3048.4,21.16,45,0
3048.6,21.18,45,0
3048.8,21.18,45,0
3049.0,21.14,45,0
3049.2,21.15,45,0
3049.4,21.14,45,0
3049.6,21.14,45,0
3049.8,21.12,45,0
3050.0,21.13,45,0
3050.2,21.13,45,0
3050.4,21.11,45,0
3050.6,21.11,45,0
3050.8,21.12,45,0
3051.0,21.11,45,0
3051.2,21.09,45,0
3051.4,21.09,45,0
3051.6,21.1,45,0
3051.8,21.09,45,0
3052.0,21.09,45,0
3052.2,21.09,45,0
3052.4,21.08,45,0
3052.6,21.07,45,0
3052.8,21.08,45,0
3053.0,21.07,45,0
3053.2,21.07,45,0
3053.4,21.08,45,0
3053.6,21.06,45,0
3053.8,21.06,45,0
3054.0,21.08,45,0
3054.2,21.06,45,0
3054.4,21.06,45,0
3054.6,21.05,45,0
3054.8,21.04,45,0
3055.0,21.04,45,0
3055.2,21.03,45,0
3055.4,21.03,45,0
3055.6,21.04,45,0
3055.8,21.04,45,0
3056.0,21.01,45,0
3056.2,21.0,45,0
3056.4,21.01,45,0
3056.6,21.01,45,0
3056.8,21.0,45,0
3057.0,21.01,45,0
3057.2,21.0,45,0
3057.4,21.0,45,0
3057.6,21.01,45,0
3057.8,20.99,45,0
3058.0,20.98,45,0
3058.2,20.99,45,0
3058.4,21.0,45,0
3058.6,20.97,45,0
3058.8,20.97,45,0
3059.0,20.97,45,0
3059.2,20.97,45,0
3059.4,20.97,45,0
3059.6,20.96,45,0
3059.8,20.95,45,0
3060.0,20.96,45,0
3060.2,20.93,45,0
3060.4,20.95,45,0
3060.6,20.92,45,0
3060.8,20.93,45,0
3061.0,20.91,45,0
3061.2,20.91,45,0
3061.4,20.92,45,0
3061.6,20.93,45,0
3061.8,20.91,45,0
3062.0,20.92,45,0
3062.2,20.91,45,0
3062.4,20.9,45,0
3062.6,20.89,45,0
3062.8,20.89,45,0
3063.0,20.89,45,0
3063.2,20.9,45,0
3063.4,20.88,45,0
3063.6,20.88,45,0
3063.8,20.88,45,0
3064.0,20.87,45,0
3064.2,20.88,45,0
3064.4,20.86,45,0
3064.6,20.87,45,0
3064.8,20.86,45,0
3065.0,20.86,45,0
3065.2,20.85,45,0
3065.4,20.86,45,0
3065.6,20.84,45,0
3065.8,20.84,45,0
3066.0,20.85,45,0
3066.2,20.85,45,0
3066.4,20.89,45,0
3066.6,20.86,45,0
3066.8,20.87,45,0
3067.0,20.84,45,0
3067.2,20.84,45,0
3067.4,20.83,45,0
3067.6,20.82,45,0
3067.8,20.82,45,0
3068.0,20.81,45,0
3068.2,20.81,45,0
3068.4,20.83,45,0
3068.6,20.8,45,0
3068.8,20.8,45,0
3069.0,20.8,45,0
3069.2,20.8,45,0
3069.4,20.79,45,0
3069.6,20.79,45,0
3069.8,20.78,45,0
3070.0,20.78,45,0
3070.2,20.79,45,0
3070.4,20.77,45,0
3070.6,20.77,45,0
3070.8,20.79,45,0
3071.0,20.78,45,0
3071.2,20.79,45,0
3071.4,20.78,45,0
3071.6,20.75,45,0
3071.8,20.75,45,0
3072.0,20.75,45,0
3072.2,20.73,45,0
3072.4,20.73,45,0
3072.6,20.74,45,0
3072.8,20.76,45,0
3073.0,20.74,45,0
3073.2,20.72,45,0
3073.4,20.73,45,0
3073.6,20.73,45,0
3073.8,20.71,45,0
3074.0,20.71,45,0
3074.2,20.71,45,0
3074.4,20.72,45,0
3074.6,20.72,45,0
3074.8,20.7,45,0
3075.0,20.7,45,0
3075.2,20.7,45,0
3075.4,20.7,45,0
3075.6,20.7,45,0
3075.8,20.7,45,0
3076.0,20.68,45,0
3076.2,20.68,45,0
3076.4,20.68,45,0
3076.6,20.67,45,0
3076.8,20.68,45,0
3077.0,20.64,45,0
3077.2,20.66,45,0
3077.4,20.66,45,0
3077.6,20.66,45,0
3077.8,20.65,45,0
3078.0,20.65,45,0
3078.2,20.65,45,0
3078.4,20.65,45,0
3078.6,20.63,45,0
3078.8,20.65,45,0
3079.0,20.66,45,0
3079.2,20.65,45,0
3079.4,20.64,45,0
3079.6,20.64,45,0
3079.8,20.64,45,0
3080.0,20.64,45,0
3080.2,20.63,45,0
3080.4,20.63,45,0
3080.6,20.64,45,0
3080.8,20.65,45,0
3081.0,20.63,45,0
3081.2,20.64,45,0
3081.4,20.64,45,0
3081.6,20.62,45,0
3081.8,20.61,45,0
3082.0,20.6,45,0
3082.2,20.6,45,0
3082.4,20.6,45,0
3082.6,20.59,45,0
3082.8,20.6,45,0
3083.0,20.59,45,0
3083.2,20.62,45,0
3083.4,20.59,45,0
3083.6,20.58,45,0
3083.8,20.6,45,0
3084.0,20.58,45,0
3084.2,20.59,45,0
3084.4,20.63,45,0
3084.6,20.57,45,0
3084.8,20.56,45,0
3085.0,20.57,45,0
3085.2,20.56,45,0
3085.4,20.57,45,0
3085.6,20.58,45,0
3085.8,20.56,45,0
3086.0,20.56,45,0
3086.2,20.55,45,0
3086.4,20.55,45,0
3086.6,20.55,45,0
3086.8,20.55,45,0
3087.0,20.55,45,0
3087.2,20.55,45,0
3087.4,20.54,45,0
3087.6,20.59,45,0
3087.8,20.56,45,0
3088.0,20.55,45,0
3088.2,20.53,45,0
3088.4,20.54,45,0
3088.6,20.54,45,0
3088.8,20.54,45,0
3089.0,20.55,45,0
3089.2,20.48,45,0
3089.4,20.56,45,0
3089.6,20.57,45,0
3089.8,20.56,45,0
3090.0,20.52,45,0
3090.2,20.51,45,0
3090.4,20.51,45,0
3090.6,20.5,45,0
3090.8,20.51,45,0
3091.0,20.51,45,0
3091.2,20.48,45,0
3091.4,20.45,45,0
3091.6,20.45,45,0
3091.8,20.51,45,0
3092.0,20.47,45,0
3092.2,20.47,45,0
3092.4,20.47,45,0
3092.6,20.47,45,0
3092.8,20.46,45,0
3093.0,20.46,45,0
3093.2,20.45,45,0
3093.4,20.48,45,0
3093.6,20.45,45,0
3093.8,20.44,45,0
3094.0,20.44,45,0
3094.2,20.48,45,0
3094.4,20.48,45,0
3094.6,20.47,45,0
3094.8,20.5,45,0
3095.0,20.56,45,0
3095.2,20.54,45,0
3095.4,20.47,45,0
3095.6,20.44,45,0
3095.8,20.48,45,0
3096.0,20.46,45,0
3096.2,20.44,45,0
3096.4,20.47,45,0
3096.6,20.43,45,0
3096.8,20.43,45,0
3097.0,20.46,45,0
3097.2,20.47,45,0
3097.4,20.47,45,0
3097.6,20.44,45,0
3097.8,20.44,45,0
3098.0,20.45,45,0
3098.2,20.44,45,0
3098.4,20.43,45,0
3098.6,20.45,45,0
3098.8,20.42,45,0
3099.0,20.41,45,0
3099.2,20.42,45,0
3099.4,20.44,45,0
3099.6,20.42,45,0
3099.8,20.42,45,0
3100.0,20.4,45,0
3100.2,20.4,45,0
3100.4,20.4,45,0
3100.6,20.43,45,0
3100.8,20.4,45,0
3101.0,20.4,45,0
3101.2,20.41,45,0
3101.4,20.42,45,0
3101.6,20.4,45,0
3101.8,20.42,45,0
3102.0,20.44,45,0
3102.2,20.41,45,0
3102.4,20.4,45,0
3102.6,20.41,45,0
3102.8,20.44,45,0
3103.0,20.37,45,0
3103.2,20.36,45,0
3103.4,20.36,45,0
3103.6,20.36,45,0
3103.8,20.36,45,0
3104.0,20.39,45,0
3104.2,20.42,45,0
3104.4,20.4,45,0
3104.6,20.38,45,0
3104.8,20.38,45,0
3105.0,20.39,45,0
3105.2,20.39,45,0
3105.4,20.38,45,0
3105.6,20.36,45,0
3105.8,20.37,45,0
3106.0,20.33,45,0
3106.2,20.36,45,0
3106.4,20.33,45,0
3106.6,20.3,45,0
3106.8,20.3,45,0
3107.0,20.32,45,0
3107.2,20.35,45,0
3107.4,20.34,45,0
3107.6,20.3,45,0
3107.8,20.29,45,0
3108.0,20.3,45,0
3108.2,20.33,45,0
3108.4,20.29,45,0
3108.6,20.29,45,0
3108.8,20.29,45,0
3109.0,20.28,45,0
3109.2,20.27,45,0
3109.4,20.28,45,0
3109.6,20.27,45,0
3109.8,20.29,45,0
3110.0,20.28,45,0
3110.2,20.29,45,0
3110.4,20.29,45,0
3110.6,20.29,45,0
3110.8,20.27,45,0
3111.0,20.28,45,0
3111.2,20.29,45,0
3111.4,20.28,45,0
3111.6,20.28,45,0
3111.8,20.29,45,0
3112.0,20.28,45,0
3112.2,20.28,45,0
3112.4,20.27,45,0
3112.6,20.27,45,0
3112.8,20.28,45,0
3113.0,20.29,45,0
3113.2,20.28,45,0
3113.4,20.27,45,0
3113.6,20.28,45,0
3113.8,20.27,45,0
3114.0,20.27,45,0
3114.2,20.27,45,0
3114.4,20.25,45,0
3114.6,20.27,45,0
3114.8,20.27,45,0
3115.0,20.25,45,0
3115.2,20.26,45,0
3115.4,20.26,45,0
3115.6,20.26,45,0
3115.8,20.24,45,0
3116.0,20.24,45,0
3116.2,20.23,45,0
3116.4,20.22,45,0
3116.6,20.24,45,0
3116.8,20.21,45,0
3117.0,20.22,45,0
3117.2,20.21,45,0
3117.4,20.21,45,0
3117.6,20.21,45,0
3117.8,20.21,45,0
3118.0,20.19,45,0
3118.2,20.2,45,0
3118.4,20.2,45,0
3118.6,20.19,45,0
3118.8,20.19,45,0
3119.0,20.19,45,0
3119.2,20.18,45,0
3119.4,20.19,45,0
3119.6,20.19,45,0
3119.8,20.17,45,0
3120.0,20.17,45,0
3120.2,20.17,45,0
3120.4,20.17,45,0
3120.6,20.17,45,0
3120.8,20.19,45,0
3121.0,20.18,45,0
3121.2,20.18,45,0
3121.4,20.18,45,0
3121.6,20.18,45,0
3121.8,20.18,45,0
3122.0,20.17,45,0
3122.2,20.19,45,0
3122.4,20.16,45,0
3122.6,20.18,45,0
3122.8,20.17,45,0
3123.0,20.15,45,0
3123.2,20.17,45,0
3123.4,20.17,45,0
3123.6,20.17,45,0
3123.8,20.16,45,0
3124.0,20.15,45,0
3124.2,20.16,45,0
3124.4,20.16,45,0
3124.6,20.16,45,0
3124.8,20.15,45,0
3125.0,20.15,45,0
3125.2,20.16,45,0
3125.4,20.16,45,0
3125.6,20.14,45,0
3125.8,20.13,45,0
3126.0,20.19,45,0
3126.2,20.18,45,0
3126.4,20.18,45,0
3126.6,20.16,45,0
3126.8,20.15,45,0
3127.0,20.13,45,0
3127.2,20.13,45,0
3127.4,20.13,45,0
3127.6,20.13,45,0
3127.8,20.12,45,0
3128.0,20.12,45,0
3128.2,20.11,45,0
3128.4,20.11,45,0
3128.6,20.11,45,0
3128.8,20.12,45,0
3129.0,20.12,45,0
3129.2,20.12,45,0
3129.4,20.12,45,0
3129.6,20.12,45,0
3129.8,20.1,45,0
3130.0,20.1,45,0
3130.2,20.11,45,0
3130.4,20.1,45,0
3130.6,20.09,45,0
3130.8,20.11,45,0
3131.0,20.12,45,0
3131.2,20.1,45,0
3131.4,20.1,45,0
3131.6,20.1,45,0
3131.8,20.08,45,0
3132.0,20.09,45,0
3132.2,20.07,45,0
3132.4,20.1,45,0
3132.6,20.1,45,0
3132.8,20.1,45,0
3133.0,20.09,45,0
3133.2,20.08,45,0
3133.4,20.11,45,0
3133.6,20.11,45,0
3133.8,20.09,45,0
3134.0,20.1,45,0
3134.2,20.1,45,0
3134.4,20.1,45,0
3134.6,20.15,45,0
3134.8,20.09,45,0
3135.0,20.1,45,0
3135.2,20.11,45,0
3135.4,20.12,45,0
3135.6,20.05,45,0
3135.8,20.06,45,0
3136.0,20.06,45,0
3136.2,20.06,45,0
3136.4,20.06,45,0
3136.6,20.05,45,0
3136.8,20.06,45,0
3137.0,20.06,45,0
3137.2,20.06,45,0
3137.4,20.05,45,0
3137.6,20.05,45,0
3137.8,20.04,45,0
3138.0,20.06,45,0
3138.2,20.05,45,0
3138.4,20.06,45,0
3138.6,20.06,45,0
3138.8,20.08,45,0
3139.0,20.04,45,0
3139.2,20.05,45,0
3139.4,20.04,45,0
3139.6,20.04,45,0
3139.8,20.03,45,0
3140.0,20.05,45,0
3140.2,20.04,45,0
3140.4,20.04,45,0
3140.6,20.07,45,0
3140.8,20.03,45,0
3141.0,20.07,45,0
3141.2,20.03,45,0
3141.4,20.05,45,0
3141.6,20.04,45,0
3141.8,20.04,45,0
3142.0,20.03,45,0
3142.2,20.04,45,0
3142.4,20.02,45,0
3142.6,20.02,45,0
3142.8,20.03,45,0
3143.0,20.03,45,0
3143.2,20.02,45,0
3143.4,20.02,45,0
3143.6,20.01,45,0
3143.8,20.02,45,0
3144.0,20.01,45,0
3144.2,20.01,45,0
3144.4,20.02,45,0
3144.6,20.01,45,0
3144.8,20.01,45,0
3145.0,20.01,45,0
3145.2,20.01,45,0
3145.4,20.01,45,0
3145.6,20.01,45,0
3145.8,20.0,45,0
3146.0,20.01,45,0
3146.2,20.01,45,0
3146.4,19.99,45,0
3146.6,20.0,45,0
3146.8,19.99,45,0
3147.0,20.02,45,0
3147.2,19.99,45,0
3147.4,19.99,45,0
3147.6,20.0,45,0
3147.8,19.99,45,0
3148.0,20.0,45,0
3148.2,20.01,45,0
3148.4,20.0,45,0
3148.6,20.01,45,0
3148.8,20.0,45,0
3149.0,20.01,45,0
3149.2,19.99,45,0
3149.4,20.0,45,0
3149.6,19.98,45,0
3149.8,20.0,45,0
3150.0,19.99,45,0
3150.2,19.99,45,0
3150.4,19.99,45,0
3150.6,19.99,45,0
3150.8,19.99,45,0
3151.0,20.0,45,0
3151.2,20.0,45,0
3151.4,19.99,45,0
3151.6,19.98,45,0
3151.8,19.98,45,0
3152.0,19.98,45,0
3152.2,19.98,45,0
3152.4,19.99,45,0
3152.6,19.99,45,0
3152.8,19.98,45,0
3153.0,19.98,45,0
3153.2,19.97,45,0
3153.4,19.98,45,0
3153.6,19.96,45,0
3153.8,19.94,45,0
3154.0,19.94,45,0
3154.2,19.95,45,0
3154.4,19.91,45,0
3154.6,19.97,45,0
3154.8,19.94,45,0
3155.0,19.95,45,0
3155.2,19.96,45,0
3155.4,19.97,45,0
3155.6,19.96,45,0
3155.8,19.95,45,0
3156.0,19.95,45,0
3156.2,19.95,45,0
3156.4,19.96,45,0
3156.6,19.94,45,0
3156.8,19.95,45,0
3157.0,19.95,45,0
3157.2,19.95,45,0
3157.4,19.95,45,0
3157.6,19.93,45,0
3157.8,19.93,45,0
3158.0,19.93,45,0
3158.2,19.93,45,0
3158.4,19.91,45,0
3158.6,19.91,45,0
3158.8,19.91,45,0
3159.0,19.9,45,0
3159.2,19.91,45,0
3159.4,19.91,45,0
3159.6,19.9,45,0
3159.8,19.88,45,0
3160.0,19.91,45,0
3160.2,19.91,45,0
3160.4,19.9,45,0
3160.6,19.91,45,0
3160.8,19.85,45,0
3161.0,19.91,45,0
3161.2,19.92,45,0
3161.4,19.9,45,0
3161.6,19.89,45,0
3161.8,19.9,45,0
3162.0,19.89,45,0
3162.2,19.89,45,0
3162.4,19.89,45,0
3162.6,19.89,45,0
3162.8,19.88,45,0
3163.0,19.88,45,0
3163.2,19.89,45,0
3163.4,19.89,45,0
3163.6,19.88,45,0
3163.8,19.89,45,0
3164.0,19.89,45,0
3164.2,19.9,45,0
3164.4,19.93,45,0
3164.6,19.9,45,0
3164.8,19.91,45,0
3165.0,19.88,45,0
3165.2,19.9,45,0
3165.4,19.9,45,0
3165.6,19.89,45,0
3165.8,19.9,45,0
3166.0,19.89,45,0
3166.2,19.9,45,0
3166.4,19.89,45,0
3166.6,19.89,45,0
3166.8,19.89,45,0
3167.0,19.88,45,0
3167.2,19.88,45,0
3167.4,19.86,45,0
3167.6,19.86,45,0
3167.8,19.86,45,0
3168.0,19.89,45,0
3168.2,19.88,45,0
3168.4,19.86,45,0
3168.6,19.86,45,0
3168.8,19.86,45,0
3169.0,19.86,45,0
3169.2,19.85,45,0
3169.4,19.85,45,0
3169.6,19.86,45,0
3169.8,19.86,45,0
3170.0,19.86,45,0
3170.2,19.86,45,0
3170.4,19.85,45,0
3170.6,19.85,45,0
3170.8,19.85,45,0
3171.0,19.85,45,0
3171.2,19.86,45,0
3171.4,19.85,45,0
3171.6,19.85,45,0
3171.8,19.85,45,0
3172.0,19.83,45,0
3172.2,19.83,45,0
3172.4,19.83,45,0
3172.6,19.83,45,0
3172.8,19.83,45,0
3173.0,19.84,45,0
3173.2,19.84,45,0
3173.4,19.84,45,0
3173.6,19.83,45,0
3173.8,19.83,45,0
3174.0,19.82,45,0
3174.2,19.82,45,0
3174.4,19.82,45,0
3174.6,19.82,45,0
3174.8,19.83,45,0
3175.0,19.83,45,0
3175.2,19.83,45,0
3175.4,19.83,45,0
3175.6,19.84,45,0
3175.8,19.81,45,0
3176.0,19.82,45,0
3176.2,19.82,45,0
3176.4,19.82,45,0
3176.6,19.81,45,0
3176.8,19.81,45,0
3177.0,19.82,45,0
3177.2,19.81,45,0
3177.4,19.79,45,0
3177.6,19.82,45,0
3177.8,19.82,45,0
3178.0,19.83,45,0
3178.2,19.82,45,0
3178.4,19.82,45,0
3178.6,19.82,45,0
3178.8,19.81,45,0
3179.0,19.82,45,0
3179.2,19.81,45,0
3179.4,19.82,45,0
3179.6,19.81,45,0
3179.8,19.81,45,0
3180.0,19.8,45,0
3180.2,19.81,45,0
3180.4,19.82,45,0
3180.6,19.81,45,0
3180.8,19.79,45,0
3181.0,19.79,45,0
3181.2,19.79,45,0
3181.4,19.79,45,0
3181.6,19.81,45,0
3181.8,19.77,45,0
3182.0,19.76,45,0
3182.2,19.81,45,0
3182.4,19.81,45,0
3182.6,19.83,45,0
3182.8,19.81,45,0
3183.0,19.87,45,0
3183.2,19.86,45,0
3183.4,19.84,45,0
3183.6,19.86,45,0
3183.8,19.87,45,0
3184.0,19.88,45,0
3184.2,19.9,45,0
3184.4,19.9,45,0
3184.6,19.9,45,0
3184.8,19.92,45,0
3185.0,19.94,45,0
3185.2,19.93,45,0
3185.4,19.92,45,0
3185.6,19.88,45,0
3185.8,19.87,45,0
3186.0,19.92,45,0
3186.2,19.9,45,0
3186.4,19.87,45,0
3186.6,19.89,45,0
3186.8,19.88,45,0
3187.0,19.87,45,0
3187.2,19.85,45,0
3187.4,19.88,45,0
3187.6,19.86,45,0
3187.8,19.87,45,0
3188.0,19.88,45,0
3188.2,19.88,45,0
3188.4,19.84,45,0
3188.6,19.85,45,0
3188.8,19.88,45,0
3189.0,19.85,45,0
3189.2,19.84,45,0
3189.4,19.86,45,0
3189.6,19.87,45,0
3189.8,19.89,45,0
3190.0,19.86,45,0
3190.2,19.84,45,0
3190.4,19.86,45,0
3190.6,19.87,45,0
3190.8,19.85,45,0
3191.0,19.86,45,0
3191.2,19.85,45,0
3191.4,19.8,45,0
3191.6,19.85,45,0
3191.8,19.89,45,0
3192.0,19.88,45,0
3192.2,19.88,45,0
3192.4,19.89,45,0
3192.6,19.86,45,0
3192.8,19.87,45,0
3193.0,19.83,45,0
3193.2,19.81,45,0
3193.4,19.83,45,0
3193.6,19.81,45,0
3193.8,19.81,45,0
3194.0,19.82,45,0
3194.2,19.81,45,0
3194.4,19.84,45,0
3194.6,19.82,45,0
3194.8,19.83,45,0
3195.0,19.81,45,0
3195.2,19.82,45,0
3195.4,19.81,45,0
3195.6,19.82,45,0
3195.8,19.81,45,0
3196.0,19.82,45,0
3196.2,19.83,45,0
3196.4,19.82,45,0
3196.6,19.8,45,0
3196.8,19.79,45,0
3197.0,19.79,45,0
3197.2,19.8,45,0
3197.4,19.79,45,0
3197.6,19.79,45,0
3197.8,19.8,45,0
3198.0,19.79,45,0
3198.2,19.78,45,0
3198.4,19.79,45,0
3198.6,19.81,45,0
3198.8,19.79,45,0
3199.0,19.78,45,0
3199.2,19.79,45,0
3199.4,19.8,45,0
3199.6,19.8,45,0
3199.8,19.8,45,0
3200.0,19.81,45,0
3200.2,19.8,45,0
3200.4,19.8,45,0
3200.6,19.8,45,0
3200.8,19.79,45,0
3201.0,19.8,45,0
3201.2,19.8,45,0
3201.4,19.8,45,0
3201.6,19.8,45,0
3201.8,19.84,45,0
3202.0,19.85,45,0
3202.2,19.85,45,0
3202.4,19.86,45,0
3202.6,19.79,45,0
3202.8,19.81,45,0
3203.0,19.88,45,0
3203.2,19.87,45,0
3203.4,19.88,45,0
3203.6,19.87,45,0
3203.8,19.88,45,0
3204.0,19.86,45,0
3204.2,19.87,45,0
3204.4,19.87,45,0
3204.6,19.86,45,0
3204.8,19.89,45,0
3205.0,19.89,45,0
3205.2,19.9,45,0
3205.4,19.89,45,0
3205.6,19.93,45,0
3205.8,19.77,45,0
3206.0,19.78,45,0
3206.2,19.77,45,0
3206.4,19.73,45,0
3206.6,19.73,45,0
3206.8,19.72,45,0
3207.0,19.73,45,0
3207.2,19.81,45,0
3207.4,19.83,45,0
3207.6,19.81,45,0
3207.8,19.81,45,0
3208.0,19.81,45,0
3208.2,19.81,45,0
3208.4,19.81,45,0
3208.6,19.82,45,0
3208.8,19.8,45,0
3209.0,19.84,45,0
3209.2,19.83,45,0
3209.4,19.83,45,0
3209.6,19.87,45,0
3209.8,19.91,45,0
3210.0,19.81,45,0
3210.2,19.82,45,0
3210.4,19.87,45,0
3210.6,19.87,45,0
3210.8,19.83,45,0
3211.0,19.87,45,0
3211.2,19.84,45,0
3211.4,19.85,45,0
3211.6,19.84,45,0
3211.8,19.87,45,0
3212.0,19.85,45,0
3212.2,19.87,45,0
3212.4,19.85,45,0
3212.6,19.85,45,0
3212.8,19.86,45,0
3213.0,19.85,45,0
3213.2,19.86,45,0
3213.4,19.86,45,0
3213.6,19.85,45,0
3213.8,19.76,45,0
3214.0,19.82,45,0
3214.2,19.8,45,0
3214.4,19.8,45,0
3214.6,19.86,45,0
3214.8,19.82,45,0
3215.0,19.84,45,0
3215.2,19.88,45,0
3215.4,19.82,45,0
3215.6,19.83,45,0
3215.8,19.88,45,0
3216.0,19.82,48,0
3216.2,19.82,50,0
3216.4,19.82,53,0
3216.6,19.83,53,0
3216.8,19.78,60,0
3217.0,19.77,61,0
3217.2,19.82,63,0
3217.4,19.81,63,0
3217.6,19.78,67,0
3217.8,19.81,69,0
3218.0,19.77,69,0
3218.2,19.76,69,0
3218.4,19.75,69,0
3218.6,19.78,68,0
3218.8,19.74,67,0
3219.0,19.78,67,0
3219.2,19.75,67,0
3219.4,19.73,67,0
3219.6,19.69,67,0
3219.8,19.65,67,0
3220.0,19.68,67,0
3220.2,19.66,67,0
3220.4,19.66,67,0
3220.6,19.63,67,0
3220.8,19.61,67,0
3221.0,19.64,67,0
3221.2,19.59,67,0
3221.4,19.56,67,0
3221.6,19.55,67,0
3221.8,19.54,67,0
3222.0,19.53,67,0
3222.2,19.5,67,0
3222.4,19.47,67,0
3222.6,19.46,67,0
3222.8,19.44,67,0
3223.0,19.48,67,0
3223.2,19.45,67,0
3223.4,19.44,67,0
3223.6,19.43,67,0
3223.8,19.44,67,0
3224.0,19.42,67,0
3224.2,19.41,67,0
3224.4,19.4,67,0
3224.6,19.38,67,0
3224.8,19.38,67,0
3225.0,19.36,67,0
3225.2,19.33,67,0
3225.4,19.34,67,0
3225.6,19.33,67,0
3225.8,19.32,67,0
3226.0,19.31,67,0
3226.2,19.32,67,0
3226.4,19.3,67,0
3226.6,19.31,67,0
3226.8,19.29,67,0
3227.0,19.19,67,0
3227.2,19.23,67,0
3227.4,19.22,67,0
3227.6,19.15,67,0
3227.8,19.14,67,0
3228.0,19.2,67,0
3228.2,19.19,67,0
3228.4,19.17,67,0
3228.6,19.17,67,0
3228.8,19.15,67,0
3229.0,19.14,67,0
3229.2,19.12,67,0
3229.4,19.12,67,0
3229.6,19.14,67,0
3229.8,19.11,67,0
3230.0,19.09,67,0
3230.2,19.08,67,0
3230.4,19.08,67,0
3230.6,19.07,67,0
3230.8,19.05,67,0
3231.0,19.02,67,0
3231.2,19.04,67,0
3231.4,19.03,67,0
3231.6,19.04,67,0
3231.8,19.07,67,0
3232.0,19.06,67,0
3232.2,19.11,67,0
3232.4,19.1,67,0
3232.6,19.12,67,0
3232.8,19.08,67,0
3233.0,19.04,67,0
3233.2,18.97,67,0
3233.4,18.98,67,0
3233.6,18.96,67,0
3233.8,18.96,67,0
3234.0,18.94,67,0
3234.2,18.99,67,0
3234.4,18.97,67,0
3234.6,18.95,67,0
3234.8,18.95,67,0
3235.0,18.93,67,0
3235.2,18.93,67,0
3235.4,18.94,67,0
3235.6,18.94,67,0
3235.8,18.92,67,0
3236.0,18.96,67,0
3236.2,18.93,67,0
3236.4,18.91,67,0
3236.6,18.88,67,0
3236.8,18.87,67,0
3237.0,18.86,67,0
3237.2,18.88,67,0
3237.4,18.88,67,0
3237.6,18.87,67,0
3237.8,18.87,67,0
3238.0,18.87,67,0
3238.2,18.83,67,0
3238.4,18.9,67,0
3238.6,18.86,67,0
3238.8,18.81,67,0
3239.0,18.8,67,0
3239.2,18.79,67,0
3239.4,18.8,67,0
3239.6,18.83,67,0
3239.8,18.8,67,0
3240.0,18.8,67,0
3240.2,18.8,67,0
3240.4,18.78,67,0
3240.6,18.79,67,0
3240.8,18.77,67,0
3241.0,18.78,67,0
3241.2,18.76,67,0
3241.4,18.73,67,0
3241.6,18.73,67,0
3241.8,18.69,67,0
3242.0,18.74,67,0
3242.2,18.68,67,0
3242.4,18.71,67,0
3242.6,18.69,67,0
3242.8,18.68,67,0
3243.0,18.65,67,0
3243.2,18.63,67,0
3243.4,18.66,67,0
3243.6,18.64,67,0
3243.8,18.63,67,0
3244.0,18.59,67,0
3244.2,18.6,67,0
3244.4,18.58,67,0
3244.6,18.56,67,0
3244.8,18.52,67,0
3245.0,18.55,67,0
3245.2,18.52,67,0
3245.4,18.51,67,0
3245.6,18.55,67,0
3245.8,18.51,67,0
3246.0,18.56,67,0
3246.2,18.52,67,0
3246.4,18.54,67,0
3246.6,18.52,67,0
3246.8,18.51,67,0
3247.0,18.45,67,0
3247.2,18.45,67,0
3247.4,18.51,67,0
3247.6,18.47,67,0
3247.8,18.5,67,0
3248.0,18.48,67,0
3248.2,18.46,67,0
3248.4,18.46,67,0
3248.6,18.53,67,0
3248.8,18.46,67,0
3249.0,18.52,67,0
3249.2,18.47,67,0
3249.4,18.44,67,0
3249.6,18.39,67,0
3249.8,18.44,67,0
3250.0,18.42,67,0
3250.2,18.41,67,0
3250.4,18.41,67,0
3250.6,18.41,67,0
3250.8,18.4,67,0
3251.0,18.4,67,0
3251.2,18.39,67,0
3251.4,18.39,67,0
3251.6,18.39,67,0
3251.8,18.37,67,0
3252.0,18.36,67,0
3252.2,18.39,67,0
3252.4,18.35,67,0
3252.6,18.36,67,0
3252.8,18.35,67,0
3253.0,18.35,67,0
3253.2,18.34,67,0
3253.4,18.33,67,0
3253.6,18.32,67,0
3253.8,18.31,67,0
3254.0,18.32,67,0
3254.2,18.31,67,0
3254.4,18.3,67,0
3254.6,18.3,67,0
3254.8,18.24,67,0
3255.0,18.34,67,0
3255.2,18.34,67,0
3255.4,18.36,67,0
3255.6,18.35,67,0
3255.8,18.33,67,0
3256.0,18.33,67,0
3256.2,18.31,67,0
3256.4,18.31,67,0
3256.6,18.35,67,0
3256.8,18.29,67,0
3257.0,18.29,67,0
3257.2,18.28,67,0
3257.4,18.32,67,0
3257.6,18.32,67,0
3257.8,18.31,67,0
3258.0,18.29,67,0
3258.2,18.32,67,0
3258.4,18.3,67,0
3258.6,18.31,67,0
3258.8,18.33,67,0
3259.0,18.29,67,0
3259.2,18.28,67,0
3259.4,18.27,67,0
3259.6,18.24,67,0
3259.8,18.21,67,0
3260.0,18.24,67,0
3260.2,18.24,67,0
3260.4,18.25,67,0
3260.6,18.25,67,0
3260.8,18.24,67,0
3261.0,18.23,67,0
3261.2,18.23,67,0
3261.4,18.24,67,0
3261.6,18.21,67,0
3261.8,18.21,67,0
3262.0,18.2,67,0
3262.2,18.21,67,0
3262.4,18.25,67,0
3262.6,18.24,67,0
3262.8,18.14,67,0
3263.0,18.13,67,0
3263.2,18.21,67,0
3263.4,18.19,67,0
3263.6,18.19,67,0
3263.8,18.1,67,0
3264.0,18.09,67,0
3264.2,18.1,67,0
3264.4,18.1,67,0
3264.6,18.09,67,0
3264.8,18.08,67,0
3265.0,18.1,67,0
3265.2,18.14,67,0
3265.4,18.13,67,0
3265.6,18.11,67,0
3265.8,18.12,67,0
3266.0,18.12,67,0
3266.2,18.11,67,0
3266.4,18.11,67,0
3266.6,18.1,67,0
3266.8,18.09,67,0
3267.0,18.09,67,0
3267.2,18.08,67,0
3267.4,18.07,67,0
3267.6,18.07,67,0
3267.8,18.08,67,0
3268.0,18.08,67,0
3268.2,18.02,67,0
3268.4,18.03,67,0
3268.6,18.01,67,0
3268.8,18.01,67,0
3269.0,18.01,67,0
3269.2,17.98,67,0
3269.4,17.97,67,0
3269.6,17.96,67,0
3269.8,17.96,67,0
3270.0,17.98,67,0
3270.2,17.96,67,0
3270.4,17.96,67,0
3270.6,17.95,67,0
3270.8,17.97,67,0
3271.0,17.96,67,0
3271.2,17.93,67,0
3271.4,17.92,67,0
3271.6,17.92,67,0
3271.8,17.94,67,0
3272.0,17.94,67,0
3272.2,17.94,67,0
3272.4,18.0,67,0
3272.6,18.0,67,0
3272.8,17.98,67,0
3273.0,17.95,67,0
3273.2,17.96,67,0
3273.4,17.95,67,0
3273.6,17.96,67,0
3273.8,17.96,67,0
3274.0,17.95,67,0
3274.2,17.97,67,0
3274.4,17.96,67,0
3274.6,17.96,67,0
3274.8,17.95,67,0
3275.0,17.93,67,0
3275.2,17.93,67,0
3275.4,17.92,67,0
3275.6,17.92,67,0
3275.8,17.92,67,0
3276.0,17.91,67,0
3276.2,17.91,67,0
3276.4,17.92,67,0
3276.6,17.91,67,0
3276.8,17.92,67,0
3277.0,17.89,67,0
3277.2,17.89,67,0
3277.4,17.88,67,0
3277.6,17.9,67,0
3277.8,17.88,67,0
3278.0,17.88,67,0
3278.2,17.88,67,0
3278.4,17.89,67,0
3278.6,17.82,67,0
3278.8,17.82,67,0
3279.0,17.84,67,0
3279.2,17.85,67,0
3279.4,17.87,67,0
3279.6,17.86,67,0
3279.8,17.84,67,0
3280.0,17.8,67,0
3280.2,17.79,67,0
3280.4,17.77,67,0
3280.6,17.76,67,0
3280.8,17.73,67,0
3281.0,17.73,67,0
3281.2,17.77,67,0
3281.4,17.76,67,0
3281.6,17.78,67,0
3281.8,17.75,67,0
3282.0,17.73,67,0
3282.2,17.73,67,0
3282.4,17.71,67,0
3282.6,17.71,67,0
3282.8,17.7,67,0
3283.0,17.69,67,0
3283.2,17.69,67,0
3283.4,17.7,67,0
3283.6,17.71,67,0
3283.8,17.78,67,0
3284.0,17.77,67,0
3284.2,17.77,67,0
3284.4,17.77,67,0
3284.6,17.79,67,0
3284.8,17.73,67,0
3285.0,17.74,67,0
3285.2,17.75,67,0
3285.4,17.75,67,0
3285.6,17.74,67,0
3285.8,17.75,67,0
3286.0,17.75,67,0
3286.2,17.74,67,0
3286.4,17.73,67,0
3286.6,17.71,67,0
3286.8,17.72,67,0
3287.0,17.71,67,0
3287.2,17.71,67,0
3287.4,17.65,67,0
3287.6,17.65,67,0
3287.8,17.66,67,0
3288.0,17.7,67,0
3288.2,17.73,67,0
3288.4,17.75,67,0
3288.6,17.71,67,0
3288.8,17.73,67,0
3289.0,17.76,67,0
3289.2,17.73,67,0
3289.4,17.7,67,0
3289.6,17.71,67,0
3289.8,17.64,67,0
3290.0,17.64,67,0
3290.2,17.69,67,0
3290.4,17.64,67,0
3290.6,17.62,67,0
3290.8,17.61,67,0
3291.0,17.62,67,0
3291.2,17.61,67,0
3291.4,17.67,67,0
3291.6,17.68,67,0
3291.8,17.6,67,0
3292.0,17.67,67,0
3292.2,17.6,67,0
3292.4,17.61,67,0
3292.6,17.63,67,0
3292.8,17.63,67,0
3293.0,17.64,67,0
3293.2,17.59,67,0
3293.4,17.59,67,0
3293.6,17.59,67,0
3293.8,17.65,67,0
3294.0,17.63,67,0
3294.2,17.61,67,0
3294.4,17.6,67,0
3294.6,17.64,67,0
3294.8,17.65,67,0
3295.0,17.65,67,0
3295.2,17.61,67,0
3295.4,17.6,67,0
3295.6,17.62,67,0
3295.8,17.62,67,0
3296.0,17.59,67,0
3296.2,17.58,67,0
3296.4,17.59,67,0
3296.6,17.58,67,0
3296.8,17.59,67,0
3297.0,17.59,67,0
3297.2,17.58,67,0
3297.4,17.58,67,0
3297.6,17.59,67,0
3297.8,17.58,67,0
3298.0,17.56,67,0
3298.2,17.56,67,0
3298.4,17.55,67,0
3298.6,17.55,67,0
3298.8,17.55,67,0
3299.0,17.47,67,0
3299.2,17.55,67,0
3299.4,17.55,67,0
3299.6,17.55,67,0
3299.8,17.55,67,0
3300.0,17.53,67,0
3300.2,17.52,67,0
3300.4,17.52,67,0
3300.6,17.52,67,0
3300.8,17.52,67,0
3301.0,17.53,67,0
3301.2,17.54,67,0
3301.4,17.54,67,0
3301.6,17.54,67,0
3301.8,17.51,67,0
3302.0,17.53,67,0
3302.2,17.52,67,0
3302.4,17.56,67,0
3302.6,17.57,67,0
3302.8,17.57,67,0
3303.0,17.56,67,0
3303.2,17.57,67,0
3303.4,17.56,67,0
3303.6,17.56,67,0
3303.8,17.54,67,0
3304.0,17.54,67,0
3304.2,17.49,67,0
3304.4,17.55,67,0
3304.6,17.55,67,0
3304.8,17.55,67,0
3305.0,17.56,67,0
3305.2,17.54,67,0
3305.4,17.54,67,0
3305.6,17.54,67,0
3305.8,17.53,67,0
3306.0,17.51,67,0
3306.2,17.51,67,0
3306.4,17.5,67,0
3306.6,17.48,67,0
3306.8,17.46,67,0
3307.0,17.43,67,0
3307.2,17.46,67,0
3307.4,17.45,67,0
3307.6,17.5,67,0
3307.8,17.5,67,0
3308.0,17.47,67,0
3308.2,17.49,67,0
3308.4,17.48,67,0
3308.6,17.42,67,0
3308.8,17.43,67,0
3309.0,17.48,67,0
3309.2,17.48,67,0
3309.4,17.47,67,0
3309.6,17.46,67,0
3309.8,17.38,67,0
3310.0,17.42,67,0
3310.2,17.41,67,0
3310.4,17.44,67,0
3310.6,17.4,67,0
3310.8,17.42,67,0
3311.0,17.41,67,0
3311.2,17.4,67,0
3311.4,17.38,67,0
3311.6,17.39,67,0
3311.8,17.39,67,0
3312.0,17.37,67,0
3312.2,17.38,67,0
3312.4,17.38,67,0
3312.6,17.44,67,0
3312.8,17.44,67,0
3313.0,17.44,67,0
3313.2,17.43,67,0
3313.4,17.38,67,0
3313.6,17.41,67,0
3313.8,17.41,67,0
3314.0,17.43,67,0
3314.2,17.42,67,0
3314.4,17.41,67,0
3314.6,17.41,67,0
3314.8,17.42,67,0
3315.0,17.41,67,0
3315.2,17.42,67,0
3315.4,17.39,67,0
3315.6,17.39,67,0
3315.8,17.39,67,0
3316.0,17.42,67,0
3316.2,17.43,67,0
3316.4,17.37,67,0
3316.6,17.37,67,0
3316.8,17.37,67,0
3317.0,17.36,67,0
3317.2,17.35,67,0
3317.4,17.35,67,0
3317.6,17.35,67,0
3317.8,17.37,67,0
3318.0,17.36,67,0
3318.2,17.36,67,0
3318.4,17.35,67,0
3318.6,17.35,67,0
3318.8,17.33,67,0
3319.0,17.36,67,0
3319.2,17.32,67,0
3319.4,17.34,67,0
3319.6,17.33,67,0
3319.8,17.34,67,0
3320.0,17.33,67,0
3320.2,17.33,67,0
3320.4,17.37,67,0
3320.6,17.33,67,0
3320.8,17.32,67,0
3321.0,17.38,67,0
3321.2,17.34,67,0
3321.4,17.33,67,0
3321.6,17.34,67,0
3321.8,17.3,67,0
3322.0,17.31,67,0
3322.2,17.29,67,0
3322.4,17.29,67,0
3322.6,17.29,67,0
3322.8,17.3,67,0
3323.0,17.28,67,0
3323.2,17.3,67,0
3323.4,17.29,67,0
3323.6,17.27,67,0
3323.8,17.28,67,0
3324.0,17.28,67,0
3324.2,17.32,67,0
3324.4,17.32,67,0
3324.6,17.31,67,0
3324.8,17.27,67,0
3325.0,17.28,67,0
3325.2,17.27,67,0
3325.4,17.27,67,0
3325.6,17.28,67,0
3325.8,17.28,67,0
3326.0,17.28,67,0
3326.2,17.29,67,0
3326.4,17.29,67,0
3326.6,17.28,67,0
3326.8,17.27,67,0
3327.0,17.27,67,0
3327.2,17.25,67,0
3327.4,17.26,67,0
3327.6,17.26,67,0
3327.8,17.26,67,0
3328.0,17.27,67,0
3328.2,17.26,67,0
3328.4,17.27,67,0
3328.6,17.27,67,0
3328.8,17.25,67,0
3329.0,17.26,67,0
3329.2,17.27,67,0
3329.4,17.26,67,0
3329.6,17.26,67,0
3329.8,17.27,67,0
3330.0,17.29,67,0
3330.2,17.27,67,0
3330.4,17.28,67,0
3330.6,17.26,67,0
3330.8,17.26,67,0
3331.0,17.26,67,0
3331.2,17.25,67,0
3331.4,17.27,67,0
3331.6,17.25,67,0
3331.8,17.24,67,0
3332.0,17.25,67,0
3332.2,17.23,67,0
3332.4,17.23,67,0
3332.6,17.22,67,0
3332.8,17.21,67,0
3333.0,17.22,67,0
3333.2,17.22,67,0
3333.4,17.24,67,0
3333.6,17.24,67,0
3333.8,17.24,67,0
3334.0,17.19,67,0
3334.2,17.18,67,0
3334.4,17.19,67,0
3334.6,17.16,67,0
3334.8,17.17,67,0
3335.0,17.22,67,0
3335.2,17.2,67,0
3335.4,17.17,67,0
3335.6,17.21,67,0
3335.8,17.16,67,0
3336.0,17.2,67,0
3336.2,17.07,67,0
3336.4,17.05,67,0
3336.6,17.02,67,0
3336.8,17.02,67,0
3337.0,17.01,67,0
3337.2,17.02,67,0
3337.4,17.0,67,0
3337.6,17.02,67,0
3337.8,17.02,67,0
3338.0,17.02,67,0
3338.2,17.06,67,0
3338.4,17.05,67,0
3338.6,17.02,67,0
3338.8,17.02,67,0
3339.0,17.03,67,0
3339.2,17.02,67,0
3339.4,17.0,67,0
3339.6,17.02,67,0
3339.8,17.0,67,0
3340.0,17.03,67,0
3340.2,16.99,67,0
3340.4,17.03,67,0
3340.6,17.01,67,0
3340.8,17.0,67,0
3341.0,17.02,67,0
3341.2,17.03,67,0
3341.4,17.03,67,0
3341.6,17.04,67,0
3341.8,17.04,67,0
3342.0,17.03,67,0
3342.2,17.01,67,0
3342.4,17.0,67,0
3342.6,17.01,67,0
3342.8,17.0,67,0
3343.0,17.02,67,0
3343.2,17.0,67,0
3343.4,17.0,67,0
3343.6,17.02,67,0
3343.8,17.02,67,0
3344.0,17.01,67,0
3344.2,16.97,67,0
3344.4,17.03,67,0
3344.6,17.0,67,0
3344.8,16.99,67,0
3345.0,16.99,67,0
3345.2,16.99,67,0
3345.4,17.01,67,0
3345.6,16.99,67,0
3345.8,16.99,67,0
3346.0,16.99,67,0
3346.2,16.98,67,0
3346.4,16.99,67,0
3346.6,17.0,67,0
3346.8,16.99,67,0
3347.0,16.98,67,0
3347.2,16.98,67,0
3347.4,16.98,67,0
3347.6,16.99,67,0
3347.8,17.0,67,0
3348.0,16.96,67,0
3348.2,16.96,67,0
3348.4,16.96,67,0
3348.6,16.99,67,0
3348.8,16.95,67,0
3349.0,16.94,67,0
3349.2,16.94,67,0
3349.4,16.82,67,0
3349.6,16.85,67,0
3349.8,16.84,67,0
3350.0,16.96,67,0
3350.2,16.96,67,0
3350.4,16.97,67,0
3350.6,16.97,67,0
3350.8,16.97,67,0
3351.0,16.97,67,0
3351.2,16.95,67,0
3351.4,16.93,67,0
3351.6,16.94,67,0
3351.8,16.94,67,0
3352.0,16.96,67,0
3352.2,16.92,67,0
3352.4,16.93,67,0
3352.6,16.91,67,0
3352.8,16.93,67,0
3353.0,16.92,67,0
3353.2,16.93,67,0
3353.4,16.94,67,0
3353.6,16.95,67,0
3353.8,16.93,67,0
3354.0,16.92,67,0
3354.2,16.91,67,0
3354.4,16.93,67,0
3354.6,16.94,67,0
3354.8,16.95,67,0
3355.0,16.97,67,0
3355.2,16.97,67,0
3355.4,16.95,67,0
3355.6,16.93,67,0
3355.8,16.93,67,0
3356.0,16.95,67,0
3356.2,16.94,67,0
3356.4,16.94,67,0
3356.6,16.94,67,0
3356.8,16.97,67,0
3357.0,16.94,67,0
3357.2,16.94,67,0
3357.4,16.93,67,0
3357.6,16.92,67,0
3357.8,16.92,67,0
3358.0,16.9,67,0
3358.2,16.85,67,0
3358.4,17.01,67,0
3358.6,17.0,67,0
3358.8,17.0,67,0
3359.0,17.0,67,0
3359.2,17.01,67,0
3359.4,17.0,67,0
3359.6,17.0,67,0
3359.8,17.02,67,0
3360.0,17.04,67,0
3360.2,17.02,67,0
3360.4,17.02,67,0
3360.6,16.99,67,0
3360.8,16.99,67,0
3361.0,16.92,67,0
3361.2,16.9,67,0
3361.4,16.98,67,0
3361.6,16.96,67,0
3361.8,16.96,67,0
3362.0,16.97,67,0
3362.2,16.97,67,0
3362.4,16.97,67,0
3362.6,16.97,67,0
3362.8,16.97,67,0
3363.0,16.97,67,0
3363.2,16.97,67,0
3363.4,16.95,67,0
3363.6,16.94,67,0
3363.8,16.94,67,0
3364.0,16.95,67,0
3364.2,16.95,67,0
3364.4,16.95,67,0
3364.6,16.96,67,0
3364.8,16.95,67,0
3365.0,16.95,67,0
3365.2,16.94,67,0
3365.4,16.94,67,0
3365.6,16.94,67,0
3365.8,16.95,67,0
3366.0,16.96,67,0
3366.2,16.94,67,0
3366.4,16.96,67,0
3366.6,16.95,67,0
3366.8,16.95,67,0
3367.0,16.95,67,0
3367.2,16.93,67,0
3367.4,16.93,67,0
3367.6,16.94,67,0
3367.8,16.95,67,0
3368.0,16.93,67,0
3368.2,16.93,67,0
3368.4,16.95,67,0
3368.6,16.91,67,0
3368.8,16.85,67,0
3369.0,16.83,67,0
3369.2,16.78,67,0
3369.4,16.75,67,0
3369.6,16.74,67,0
3369.8,16.79,67,0
3370.0,17.08,67,0
3370.2,17.08,67,0
3370.4,16.98,67,0
3370.6,16.97,67,0
3370.8,16.98,67,0
3371.0,17.08,67,0
3371.2,17.08,67,0
3371.4,17.08,67,0
3371.6,17.06,67,0
3371.8,16.95,67,0
3372.0,16.95,67,0
3372.2,16.95,67,0
3372.4,16.95,67,0
3372.6,16.95,67,0
3372.8,16.94,67,0
3373.0,16.92,67,0
3373.2,16.93,67,0
3373.4,16.93,67,0
3373.6,16.94,67,0
3373.8,16.94,67,0
3374.0,16.94,67,0
3374.2,16.95,67,0
3374.4,16.94,67,0
3374.6,16.93,67,0
3374.8,16.91,67,0
3375.0,16.92,67,0
3375.2,16.91,67,0
3375.4,16.92,67,0
3375.6,16.92,67,0
3375.8,16.92,67,0
3376.0,16.92,67,0
3376.2,16.92,67,0
3376.4,16.92,67,0
3376.6,16.92,67,0
3376.8,16.89,67,0
3377.0,16.91,67,0
3377.2,16.9,67,0
3377.4,16.91,67,0
3377.6,16.9,67,0
3377.8,16.91,67,0
3378.0,16.91,67,0
3378.2,16.92,67,0
3378.4,17.08,67,0
3378.6,17.1,67,0
3378.8,17.11,67,0
3379.0,16.92,67,0
3379.2,16.92,67,0
3379.4,16.92,67,0
3379.6,16.92,67,0
3379.8,16.92,67,0
3380.0,16.92,67,0
3380.2,16.93,67,0
3380.4,16.93,67,0
3380.6,16.92,67,0
3380.8,16.92,67,0
3381.0,16.91,67,0
3381.2,16.92,67,0
3381.4,16.93,67,0
3381.6,16.93,67,0
3381.8,16.93,67,0
3382.0,16.92,67,0
3382.2,16.91,67,0
3382.4,16.92,67,0
3382.6,16.9,67,0
3382.8,16.9,67,0
3383.0,16.9,67,0
3383.2,16.9,67,0
3383.4,16.9,67,0
3383.6,16.9,67,0
3383.8,16.91,67,0
3384.0,17.08,67,0
3384.2,16.9,67,0
3384.4,16.88,67,0
3384.6,17.04,67,0
3384.8,16.86,67,0
3385.0,17.02,67,0
3385.2,17.05,67,0
3385.4,17.04,67,0
3385.6,17.08,67,0
3385.8,16.99,67,0
3386.0,16.92,67,0
3386.2,16.94,67,0
3386.4,16.92,67,0
3386.6,16.92,67,0
3386.8,16.93,67,0
3387.0,18.52,67,0
3387.2,19.28,67,0
3387.4,17.63,67,0
3387.6,18.06,67,0
3387.8,18.0,67,0
3388.0,17.64,67,0
3388.2,17.65,67,0
3388.4,17.63,67,0
3388.6,17.62,67,0
3388.8,17.63,67,0
3389.0,17.61,67,0
3389.2,17.49,67,0
3389.4,17.53,67,0
3389.6,16.77,67,0
3389.8,16.8,67,0
3390.0,16.62,67,0
3390.2,16.59,67,0
3390.4,16.58,67,0
3390.6,16.57,67,0
3390.8,16.59,67,0
3391.0,16.6,67,0
3391.2,16.59,67,0
3391.4,16.59,67,0
3391.6,16.58,67,0
3391.8,16.59,67,0
3392.0,16.57,67,0
3392.2,16.57,67,0
3392.4,16.56,67,0
3392.6,16.57,67,0
3392.8,16.57,67,0
3393.0,16.56,67,0
3393.2,16.57,67,0
3393.4,16.58,67,0
3393.6,16.57,67,0
3393.8,16.58,67,0
3394.0,16.55,67,0
3394.2,16.56,67,0
3394.4,16.55,67,0
3394.6,16.54,67,0
3394.8,16.56,67,0
3395.0,16.54,67,0
3395.2,16.56,67,0
3395.4,16.57,67,0
3395.6,16.58,67,0
3395.8,16.62,67,0
3396.0,16.62,67,0
3396.2,16.61,67,0
3396.4,16.6,67,0
3396.6,16.65,67,0
3396.8,16.65,67,0
3397.0,16.65,67,0
3397.2,16.67,67,0
3397.4,16.68,67,0
3397.6,16.66,67,0
3397.8,16.65,67,0
3398.0,16.66,67,0
3398.2,16.67,67,0
3398.4,16.66,67,0
3398.6,16.66,67,0
3398.8,16.67,67,0
3399.0,16.76,67,0
3399.2,16.65,67,0
3399.4,16.67,67,0
3399.6,16.65,67,0
3399.8,16.51,67,0
3400.0,16.53,67,0
3400.2,16.56,67,0
3400.4,16.62,67,0
3400.6,16.62,67,0
3400.8,16.57,67,0
3401.0,16.55,67,0
3401.2,16.55,67,0
3401.4,16.58,67,0
3401.6,16.59,67,0
3401.8,16.54,67,0
3402.0,16.52,67,0
3402.2,16.47,67,0
3402.4,16.42,67,0
3402.6,16.39,67,0
3402.8,16.39,67,0
3403.0,16.39,67,0
3403.2,16.48,67,0
3403.4,16.4,67,0
3403.6,16.38,67,0
3403.8,16.38,67,0
3404.0,16.34,67,0
3404.2,16.27,67,0
3404.4,16.27,67,0
3404.6,16.28,67,0
3404.8,16.28,67,0
3405.0,16.3,67,0
3405.2,16.29,67,0
3405.4,16.3,67,0
3405.6,16.28,67,0
3405.8,16.27,67,0
3406.0,16.29,67,0
3406.2,16.33,67,0
3406.4,16.32,67,0
3406.6,16.3,67,0
3406.8,16.34,67,0
3407.0,16.64,67,0
3407.2,16.37,67,0
3407.4,16.3,67,0
3407.6,16.28,67,0
3407.8,16.28,67,0
3408.0,16.37,67,0
3408.2,16.4,67,0
3408.4,16.36,67,0
3408.6,16.38,67,0
3408.8,16.39,67,0
3409.0,16.35,67,0
3409.2,16.37,67,0
3409.4,16.39,67,0
3409.6,16.4,67,0
3409.8,16.37,67,0
3410.0,16.4,67,0
3410.2,16.58,67,0
3410.4,16.36,67,0
3410.6,16.33,67,0
3410.8,16.31,67,0
3411.0,16.29,67,0
3411.2,16.29,67,0
3411.4,16.27,67,0
3411.6,16.26,67,0
3411.8,16.25,67,0
3412.0,16.26,67,0
3412.2,16.26,67,0
3412.4,16.26,67,0
3412.6,16.27,67,0
3412.8,16.26,67,0
3413.0,16.26,67,0
3413.2,16.26,67,0
3413.4,16.23,67,0
3413.6,16.24,67,0
3413.8,16.26,67,0
3414.0,16.26,67,0
3414.2,16.26,67,0
3414.4,16.25,67,0
3414.6,16.26,67,0
3414.8,16.26,67,0
3415.0,16.26,67,0
3415.2,16.24,67,0
3415.4,16.23,67,0
3415.6,16.24,67,0
3415.8,16.25,67,0
3416.0,16.25,67,0
3416.2,16.24,67,0
3416.4,16.25,67,0
3416.6,16.25,67,0
3416.8,16.25,67,0
3417.0,16.23,67,0
3417.2,16.25,67,0
3417.4,16.26,67,0
3417.6,16.26,67,0
3417.8,16.27,67,0
3418.0,16.29,67,0
3418.2,16.27,67,0
3418.4,16.28,67,0
3418.6,16.26,67,0
3418.8,16.25,67,0
3419.0,16.22,67,0
3419.2,16.22,67,0
3419.4,16.21,67,0
3419.6,16.23,67,0
3419.8,16.23,67,0
3420.0,16.23,67,0
3420.2,16.23,67,0
3420.4,16.25,67,0
3420.6,16.24,67,0
3420.8,16.26,67,0
3421.0,16.24,67,0
3421.2,16.25,67,0
3421.4,16.24,67,0
3421.6,16.26,67,0
3421.8,16.26,67,0
3422.0,16.26,67,0
3422.2,16.26,67,0
3422.4,16.26,67,0
3422.6,16.25,67,0
3422.8,16.21,67,0
3423.0,16.23,67,0
3423.2,16.22,67,0
3423.4,16.24,67,0
3423.6,16.25,67,0
3423.8,16.23,67,0
3424.0,16.23,67,0
3424.2,16.23,67,0
3424.4,16.24,67,0
3424.6,16.26,67,0
3424.8,16.23,67,0
3425.0,16.22,67,0
3425.2,16.23,67,0
3425.4,16.23,67,0
3425.6,16.23,67,0
3425.8,16.24,67,0
3426.0,16.25,67,0
3426.2,16.25,67,0
3426.4,16.25,67,0
3426.6,16.23,67,0
3426.8,16.24,67,0
3427.0,16.24,67,0
3427.2,16.24,67,0
3427.4,16.24,67,0
3427.6,16.24,67,0
3427.8,16.23,67,0
3428.0,16.28,67,0
3428.2,16.29,67,0
3428.4,16.28,67,0
3428.6,16.27,67,0
3428.8,16.26,67,0
3429.0,16.26,67,0
3429.2,16.27,67,0
3429.4,16.27,67,0
3429.6,16.27,67,0
3429.8,16.26,67,0
3430.0,16.26,67,0
3430.2,16.28,67,0
3430.4,16.27,67,0
3430.6,16.26,67,0
3430.8,16.25,67,0
3431.0,16.27,67,0
3431.2,16.27,67,0
3431.4,16.27,67,0
3431.6,16.27,67,0
3431.8,16.28,67,0
3432.0,16.29,67,0
3432.2,16.29,67,0
3432.4,16.28,67,0
3432.6,16.28,67,0
3432.8,16.28,67,0
3433.0,16.31,67,0
3433.2,16.32,67,0
3433.4,16.3,67,0
3433.6,16.3,67,0
3433.8,16.3,67,0
3434.0,16.3,67,0
3434.2,16.3,67,0
3434.4,16.32,67,0
3434.6,16.33,67,0
3434.8,16.33,67,0
3435.0,16.36,67,0
3435.2,16.37,67,0
3435.4,16.32,67,0
3435.6,16.34,67,0
3435.8,16.33,67,0
3436.0,16.34,67,0
3436.2,16.4,67,0
3436.4,16.39,67,0
3436.6,16.35,67,0
3436.8,16.32,67,0
3437.0,16.34,67,0
3437.2,16.37,67,0
3437.4,16.39,67,0
3437.6,16.39,67,0
3437.8,16.42,67,0
3438.0,16.44,67,0
3438.2,16.4,67,0
3438.4,16.32,67,0
3438.6,16.33,67,0
3438.8,16.32,67,0
3439.0,16.33,67,0
3439.2,16.35,67,0
3439.4,16.33,67,0
3439.6,16.32,67,0
3439.8,16.33,67,0
3440.0,16.35,67,0
3440.2,16.33,67,0
3440.4,16.31,67,0
3440.6,16.31,67,0
3440.8,16.31,67,0
3441.0,16.3,67,0
3441.2,16.31,67,0
3441.4,16.32,67,0
3441.6,16.31,67,0
3441.8,16.28,67,0
3442.0,16.29,67,0
3442.2,16.3,67,0
3442.4,16.28,67,0
3442.6,16.29,67,0
3442.8,16.29,67,0
3443.0,16.31,67,0
3443.2,16.3,67,0
3443.4,16.32,67,0
3443.6,16.32,67,0
3443.8,16.3,67,0
3444.0,16.29,67,0
3444.2,16.31,67,0
3444.4,16.32,67,0
3444.6,16.32,67,0
3444.8,16.29,67,0
3445.0,16.28,67,0
3445.2,16.3,67,0
3445.4,16.29,67,0
3445.6,16.3,67,0
3445.8,16.28,67,0
3446.0,16.25,67,0
3446.2,16.24,67,0
3446.4,16.23,67,0
3446.6,16.24,67,0
3446.8,16.21,67,0
3447.0,16.21,67,0
3447.2,16.23,67,0
3447.4,16.21,67,0
3447.6,16.21,67,0
3447.8,16.19,67,0
3448.0,16.19,67,0
3448.2,16.2,67,0
3448.4,16.21,67,0
3448.6,16.2,67,0
3448.8,16.21,67,0
3449.0,16.21,67,0
3449.2,16.2,67,0
3449.4,16.21,67,0
3449.6,16.21,67,0
3449.8,16.2,67,0
3450.0,16.18,67,0
3450.2,16.19,67,0
3450.4,16.2,67,0
3450.6,16.2,67,0
3450.8,16.2,67,0
3451.0,16.21,67,0
3451.2,16.21,67,0
3451.4,16.2,67,0
3451.6,16.19,67,0
3451.8,16.19,67,0
3452.0,16.18,67,0
3452.2,16.21,67,0
3452.4,16.2,67,0
3452.6,16.19,67,0
3452.8,16.2,67,0
3453.0,16.19,67,0
3453.2,16.19,67,0
3453.4,16.2,67,0
3453.6,16.18,67,0
3453.8,16.19,67,0
3454.0,16.18,67,0
3454.2,16.18,67,0
3454.4,16.19,67,0
3454.6,16.18,67,0
3454.8,16.18,67,0
3455.0,16.19,67,0
3455.2,16.18,67,0
3455.4,16.17,67,0
3455.6,16.16,67,0
3455.8,16.16,67,0
3456.0,16.16,67,0
3456.2,16.18,67,0
3456.4,16.18,67,0
3456.6,16.18,67,0
3456.8,16.18,67,0
3457.0,16.19,67,0
3457.2,16.19,67,0
3457.4,16.17,67,0
3457.6,16.19,67,0
3457.8,16.17,67,0
3458.0,16.18,67,0
3458.2,16.12,67,0
3458.4,16.12,67,0
3458.6,16.13,67,0
3458.8,16.13,67,0
3459.0,16.12,67,0
3459.2,16.12,67,0
3459.4,16.11,67,0
3459.6,16.1,67,0
3459.8,16.11,67,0
3460.0,16.12,67,0
3460.2,16.13,67,0
3460.4,16.12,67,0
3460.6,16.12,67,0
3460.8,16.12,67,0
3461.0,16.12,67,0
3461.2,16.09,67,0
3461.4,16.11,67,0
3461.6,16.1,67,0
3461.8,16.1,67,0
3462.0,16.1,67,0
3462.2,16.11,67,0
3462.4,16.11,67,0
3462.6,16.11,67,0
3462.8,16.11,67,0
3463.0,16.11,67,0
3463.2,16.14,67,0
3463.4,16.13,67,0
3463.6,16.14,67,0
3463.8,16.11,67,0
3464.0,16.16,67,0
3464.2,16.14,67,0
3464.4,16.15,67,0
3464.6,16.15,67,0
3464.8,16.15,67,0
3465.0,16.13,67,0
3465.2,16.12,67,0
3465.4,16.12,67,0
3465.6,16.1,67,0
3465.8,16.1,67,0
3466.0,16.1,67,0
3466.2,16.1,67,0
3466.4,16.09,67,0
3466.6,16.1,67,0
3466.8,16.1,67,0
3467.0,16.07,67,0
3467.2,16.07,67,0
3467.4,16.09,67,0
3467.6,16.09,67,0
3467.8,16.09,67,0
3468.0,16.1,67,0
3468.2,16.1,67,0
3468.4,16.09,67,0
3468.6,16.1,67,0
3468.8,16.09,67,0
3469.0,16.05,67,0
3469.2,16.02,67,0
3469.4,16.04,67,0
3469.6,16.04,67,0
3469.8,16.07,67,0
3470.0,16.07,67,0
3470.2,16.1,67,0
3470.4,16.1,67,0
3470.6,16.1,67,0
3470.8,16.08,67,0
3471.0,16.09,67,0
3471.2,16.08,67,0
3471.4,16.13,67,0
3471.6,16.11,67,0
3471.8,16.2,67,0
3472.0,16.2,67,0
3472.2,16.21,67,0
3472.4,16.23,67,0
3472.6,16.22,67,0
3472.8,16.21,67,0
3473.0,16.21,67,0
3473.2,16.21,67,0
3473.4,16.21,67,0
3473.6,16.21,67,0
3473.8,16.21,67,0
3474.0,16.21,67,0
3474.2,16.21,67,0
3474.4,16.2,67,0
3474.6,16.2,67,0
3474.8,16.19,67,0
3475.0,16.21,67,0
3475.2,16.19,67,0
3475.4,16.18,67,0
3475.6,16.19,67,0
3475.8,16.2,67,0
3476.0,16.2,67,0
3476.2,16.2,67,0
3476.4,16.19,67,0
3476.6,16.18,67,0
3476.8,16.18,67,0
3477.0,16.17,67,0
3477.2,16.18,67,0
3477.4,16.18,67,0
3477.6,16.18,67,0
3477.8,16.19,67,0
3478.0,16.16,67,0
3478.2,16.17,67,0
3478.4,16.16,67,0
3478.6,16.14,67,0
3478.8,16.16,67,0
3479.0,16.16,67,0
3479.2,16.15,67,0
3479.4,16.15,67,0
3479.6,16.15,67,0
3479.8,16.16,67,0
3480.0,16.15,67,0
3480.2,16.16,67,0
3480.4,16.14,67,0
3480.6,16.16,67,0
3480.8,16.14,67,0
3481.0,16.16,67,0
3481.2,16.16,67,0
3481.4,16.16,67,0
3481.6,16.15,67,0
3481.8,16.16,67,0
3482.0,16.16,67,0
3482.2,16.16,67,0
3482.4,16.12,67,0
3482.6,16.15,67,0
3482.8,16.16,67,0
3483.0,16.17,67,0
3483.2,16.15,67,0
3483.4,16.14,67,0
3483.6,16.17,67,0
3483.8,16.18,67,0
3484.0,16.19,67,0
3484.2,16.19,67,0
3484.4,16.18,67,0
3484.6,16.18,67,0
3484.8,16.18,67,0
3485.0,16.19,67,0
3485.2,16.2,67,0
3485.4,16.2,67,0
3485.6,16.22,67,0
3485.8,16.21,67,0
3486.0,16.22,67,0
3486.2,16.21,67,0
3486.4,16.2,67,0
3486.6,16.19,67,0
3486.8,16.22,67,0
3487.0,16.21,67,0
3487.2,16.22,67,0
3487.4,16.22,67,0
3487.6,16.23,67,0
3487.8,16.23,67,0
3488.0,16.22,67,0
3488.2,16.2,67,0
3488.4,16.2,67,0
3488.6,16.2,67,0
3488.8,16.21,67,0
3489.0,16.21,67,0
3489.2,16.2,67,0
3489.4,16.21,67,0
3489.6,16.21,67,0
3489.8,16.22,67,0
3490.0,16.19,67,0
3490.2,16.21,67,0
3490.4,16.21,67,0
3490.6,16.22,72,0
3490.8,16.22,72,0
3491.0,16.21,72,0
3491.2,16.2,77,0
3491.4,16.19,77,0
3491.6,16.2,81,0
3491.8,16.15,82,0
3492.0,16.2,83,0
3492.2,16.18,83,0
3492.4,16.17,83,0
3492.6,16.14,84,0
3492.8,16.12,84,0
3493.0,16.12,84,0
3493.2,16.13,85,0
3493.4,16.12,86,0
3493.6,16.1,87,0
3493.8,16.1,88,0
3494.0,16.09,88,0
3494.2,16.06,88,0
3494.4,16.07,88,0
3494.6,16.07,88,0
3494.8,16.05,88,0
3495.0,16.05,88,0
3495.2,15.98,88,0
3495.4,15.96,88,0
3495.6,15.97,89,0
3495.8,15.97,90,0
3496.0,15.91,90,0
3496.2,15.92,89,0
3496.4,15.88,89,0
3496.6,15.87,89,0
3496.8,15.85,89,0
3497.0,15.84,89,0
3497.2,15.83,89,0
3497.4,15.82,89,0
3497.6,15.82,89,0
3497.8,15.82,89,0
3498.0,15.81,89,0
3498.2,15.79,89,0
3498.4,15.77,89,0
3498.6,15.75,89,0
3498.8,15.76,89,0
3499.0,15.73,89,0
3499.2,15.73,89,0
3499.4,15.7,89,0
3499.6,15.72,89,0
3499.8,15.7,89,0
3500.0,15.7,89,0
3500.2,15.64,89,0
3500.4,15.66,89,0
3500.6,15.66,89,0
3500.8,15.64,89,0
3501.0,15.61,89,0
3501.2,15.63,89,0
3501.4,15.61,89,0
3501.6,15.6,89,0
3501.8,15.59,89,0
3502.0,15.61,89,0
3502.2,15.57,89,0
3502.4,15.57,89,0
3502.6,15.55,89,0
3502.8,15.53,89,0
3503.0,15.53,89,0
3503.2,15.52,89,0
3503.4,15.55,89,0
3503.6,15.54,89,0
3503.8,15.53,89,0
3504.0,15.52,89,0
3504.2,15.47,89,0
3504.4,15.48,89,0
3504.6,15.47,89,0
3504.8,15.46,89,0
3505.0,15.47,89,0
3505.2,15.45,89,0
3505.4,15.43,89,0
3505.6,15.45,89,0
3505.8,15.4,89,0
3506.0,15.45,89,0
3506.2,15.44,89,0
3506.4,15.44,89,0
3506.6,15.4,89,0
3506.8,15.4,89,0
3507.0,15.38,89,0
3507.2,15.37,89,0
3507.4,15.38,89,0
3507.6,15.39,89,0
3507.8,15.38,89,0
3508.0,15.47,89,0
3508.2,15.49,89,0
3508.4,15.52,89,0
3508.6,15.58,89,0
3508.8,15.7,89,0
3509.0,15.69,89,0
3509.2,15.74,89,0
3509.4,15.77,89,0
3509.6,15.69,89,0
3509.8,15.68,89,0
3510.0,15.68,89,0
3510.2,15.67,89,0
3510.4,15.65,89,0
3510.6,15.65,89,0
3510.8,15.64,89,0
3511.0,15.64,89,0
3511.2,15.68,89,0
3511.4,15.65,89,0
3511.6,15.65,89,0
3511.8,15.58,89,0
3512.0,15.58,89,0
3512.2,15.64,89,0
3512.4,15.6,89,0
3512.6,15.55,89,0
3512.8,15.52,89,0
3513.0,15.53,89,0
3513.2,15.53,89,0
3513.4,15.54,89,0
3513.6,15.54,89,0
3513.8,15.59,89,0
3514.0,15.67,89,0
3514.2,15.66,89,0
3514.4,15.64,89,0
3514.6,15.63,89,0
3514.8,15.63,89,0
3515.0,15.64,89,0
3515.2,15.62,89,0
3515.4,15.61,89,0
3515.6,15.61,89,0
3515.8,15.6,89,0
3516.0,15.59,89,0
3516.2,15.59,89,0
3516.4,15.58,89,0
3516.6,15.54,89,0
3516.8,15.53,89,0
3517.0,15.54,89,0
3517.2,15.54,89,0
3517.4,15.54,89,0
3517.6,15.53,89,0
3517.8,15.51,89,0
3518.0,15.51,89,0
3518.2,15.44,89,0
3518.4,15.44,89,0
3518.6,15.45,89,0
3518.8,15.46,89,0
3519.0,15.46,89,0
3519.2,15.45,89,0
3519.4,15.42,89,0
3519.6,15.44,89,0
3519.8,15.42,89,0
3520.0,15.4,89,0
3520.2,15.39,89,0
3520.4,15.38,89,0
3520.6,15.37,89,0
3520.8,15.39,89,0
3521.0,15.37,89,0
3521.2,15.37,89,0
3521.4,15.34,89,0
3521.6,15.35,89,0
3521.8,15.36,89,0
3522.0,15.34,89,0
3522.2,15.33,89,0
3522.4,15.34,89,0
3522.6,15.33,89,0
3522.8,15.34,89,0
3523.0,15.31,89,0
3523.2,15.31,89,0
3523.4,15.29,89,0
3523.6,15.29,89,0
3523.8,15.28,89,0
3524.0,15.27,89,0
3524.2,15.26,89,0
3524.4,15.25,89,0
3524.6,15.27,89,0
3524.8,15.27,89,0
3525.0,15.27,89,0
3525.2,15.25,89,0
3525.4,15.21,89,0
3525.6,15.21,89,0
3525.8,15.21,89,0
3526.0,15.21,89,0
3526.2,15.13,89,0
3526.4,15.14,89,0
3526.6,15.22,89,0
3526.8,15.22,89,0
3527.0,15.21,89,0
3527.2,15.19,89,0
3527.4,15.18,89,0
3527.6,15.16,89,0
3527.8,15.11,89,0
3528.0,15.17,89,0
3528.2,15.15,89,0
3528.4,15.16,89,0
3528.6,15.17,89,0
3528.8,15.15,89,0
3529.0,15.14,89,0
3529.2,15.11,89,0
3529.4,15.11,89,0
3529.6,15.1,89,0
3529.8,15.1,89,0
3530.0,15.08,89,0
3530.2,15.09,89,0
3530.4,15.11,89,0
3530.6,15.11,89,0
3530.8,15.12,89,0
3531.0,15.1,89,0
3531.2,15.09,89,0
3531.4,15.07,89,0
3531.6,15.06,89,0
3531.8,15.07,89,0
3532.0,15.06,89,0
3532.2,15.08,89,0
3532.4,15.09,89,0
3532.6,15.09,89,0
3532.8,15.09,89,0
3533.0,15.08,89,0
3533.2,15.11,89,0
3533.4,15.07,89,0
3533.6,15.09,89,0
3533.8,15.17,89,0
3534.0,15.26,89,0
3534.2,15.23,89,0
3534.4,15.31,89,0
3534.6,15.19,89,0
3534.8,15.19,89,0
3535.0,15.22,89,0
3535.2,15.13,89,0
3535.4,15.03,89,0
3535.6,15.01,89,0
3535.8,14.99,89,0
3536.0,14.96,89,0
3536.2,14.98,89,0
3536.4,14.97,89,0
3536.6,14.98,89,0
3536.8,14.95,89,0
3537.0,14.92,89,0
3537.2,14.93,89,0
3537.4,14.92,89,0
3537.6,14.9,89,0
3537.8,14.9,89,0
3538.0,14.96,89,0
3538.2,14.92,89,0
3538.4,14.89,89,0
3538.6,14.88,89,0
3538.8,14.87,89,0
3539.0,14.87,89,0
3539.2,14.86,89,0
3539.4,14.86,89,0
3539.6,14.84,89,0
3539.8,14.84,89,0
3540.0,14.88,89,0
3540.2,14.84,89,0
3540.4,14.82,89,0
3540.6,14.81,89,0
3540.8,14.83,89,0
3541.0,14.77,89,0
3541.2,14.85,89,0
3541.4,14.77,89,0
3541.6,14.78,89,0
3541.8,14.8,89,0
3542.0,14.79,89,0
3542.2,14.78,89,0
3542.4,14.78,89,0
3542.6,14.72,89,0
3542.8,14.72,89,0
3543.0,14.81,89,0
3543.2,14.8,89,0
3543.4,14.82,89,0
3543.6,14.89,89,0
3543.8,14.88,89,0
3544.0,14.86,89,0
3544.2,14.86,89,0
3544.4,14.84,89,0
3544.6,14.81,89,0
3544.8,14.86,89,0
3545.0,14.83,89,0
3545.2,14.82,89,0
3545.4,14.82,89,0
3545.6,14.85,89,0
3545.8,14.88,89,0
3546.0,14.89,89,0
3546.2,14.91,89,0
3546.4,14.89,89,0
3546.6,14.87,89,0
3546.8,14.86,89,0
3547.0,14.86,89,0
3547.2,14.85,89,0
3547.4,14.85,89,0
3547.6,14.89,89,0
3547.8,14.88,89,0
3548.0,14.9,89,0
3548.2,14.89,89,0
3548.4,14.85,89,0
3548.6,14.86,89,0
3548.8,14.86,89,0
3549.0,14.82,89,0
3549.2,14.83,89,0
3549.4,14.82,89,0
3549.6,14.83,89,0
3549.8,14.81,89,0
3550.0,14.82,89,0
3550.2,14.79,89,0
3550.4,14.8,89,0
3550.6,14.79,89,0
3550.8,14.8,89,0
3551.0,14.81,89,0
3551.2,14.78,89,0
3551.4,14.8,89,0
3551.6,14.73,89,0
3551.8,14.84,89,0
3552.0,14.85,89,0
3552.2,14.83,89,0
3552.4,14.83,89,0
3552.6,14.83,89,0
3552.8,14.78,89,0
3553.0,14.68,89,0
3553.2,14.54,89,0
3553.4,14.83,89,0
3553.6,14.81,89,0
3553.8,14.81,89,0
3554.0,14.81,89,0
3554.2,14.8,89,0
3554.4,14.8,89,0
3554.6,14.78,89,0
3554.8,14.79,89,0
3555.0,14.78,89,0
3555.2,14.77,89,0
3555.4,14.8,89,0
3555.6,14.8,89,0
3555.8,14.81,89,0
3556.0,14.81,89,0
3556.2,14.79,89,0
3556.4,14.78,89,0
3556.6,14.78,89,0
3556.8,14.78,89,0
3557.0,14.81,89,0
3557.2,14.56,89,0
3557.4,14.71,89,0
3557.6,14.56,89,0
3557.8,14.56,89,0
3558.0,14.55,89,0
3558.2,14.56,89,0
3558.4,14.54,89,0
3558.6,14.53,89,0
3558.8,14.52,89,0
3559.0,14.53,89,0
3559.2,14.53,89,0
3559.4,14.55,89,0
3559.6,14.55,89,0
3559.8,14.51,89,0
3560.0,14.5,89,0
3560.2,14.52,89,0
3560.4,14.49,89,0
3560.6,14.48,89,0
3560.8,14.48,89,0
3561.0,14.49,89,0
3561.2,14.47,89,0
3561.4,14.46,89,0
3561.6,14.46,89,0
3561.8,14.43,89,0
3562.0,14.42,89,0
3562.2,14.41,89,0
3562.4,14.39,89,0
3562.6,14.4,89,0
3562.8,14.4,89,0
3563.0,14.39,89,0
3563.2,14.41,89,0
3563.4,14.41,89,0
3563.6,14.4,89,0
3563.8,14.39,89,0
3564.0,14.4,89,0
3564.2,14.36,89,0
3564.4,14.37,89,0
3564.6,14.37,89,0
3564.8,14.37,89,0
3565.0,14.38,89,0
3565.2,14.38,89,0
3565.4,14.39,89,0
3565.6,14.37,89,0
3565.8,14.36,89,0
3566.0,14.37,89,0
3566.2,14.34,89,0
3566.4,14.34,89,0
3566.6,14.35,89,0
3566.8,14.33,89,0
3567.0,14.32,89,0
3567.2,14.3,89,0
3567.4,14.31,89,0
3567.6,14.28,89,0
3567.8,14.3,89,0
3568.0,14.29,89,0
3568.2,14.27,89,0
3568.4,14.27,89,0
3568.6,14.27,89,0
3568.8,14.28,89,0
3569.0,14.28,89,0
3569.2,14.29,89,0
3569.4,14.27,89,0
3569.6,14.27,89,0
3569.8,14.26,89,0
3570.0,14.25,89,0
3570.2,14.25,89,0
3570.4,14.22,89,0
3570.6,14.24,89,0
3570.8,14.25,89,0
3571.0,14.25,89,0
3571.2,14.25,89,0
3571.4,14.24,89,0
3571.6,14.23,89,0
3571.8,14.22,89,0
3572.0,14.26,89,0
3572.2,14.26,89,0
3572.4,14.23,89,0
3572.6,14.24,89,0
3572.8,14.25,89,0
3573.0,14.25,89,0
3573.2,14.23,89,0
3573.4,14.24,89,0
3573.6,14.23,89,0
3573.8,14.24,89,0
3574.0,14.24,89,0
3574.2,14.24,89,0
3574.4,14.23,89,0
3574.6,14.26,89,0
3574.8,14.32,89,0
3575.0,14.21,89,0
3575.2,14.28,89,0
3575.4,14.28,89,0
3575.6,14.27,89,0
3575.8,14.26,89,0
3576.0,14.28,89,0
3576.2,14.29,89,0
3576.4,14.31,89,0
3576.6,14.3,89,0
3576.8,14.3,89,0
3577.0,14.28,89,0
3577.2,14.28,89,0
3577.4,14.27,89,0
3577.6,14.27,89,0
3577.8,14.26,89,0
3578.0,14.27,89,0
3578.2,14.25,89,0
3578.4,14.27,89,0
3578.6,14.27,89,0
3578.8,14.26,89,0
3579.0,14.95,89,0
3579.2,14.97,89,0
3579.4,14.96,89,0
3579.6,14.93,89,0
3579.8,14.94,89,0
3580.0,15.0,89,0
3580.2,15.02,89,0
3580.4,15.02,89,0
3580.6,15.02,89,0
3580.8,14.97,89,0
3581.0,14.95,89,0
3581.2,14.96,89,0
3581.4,14.99,89,0
3581.6,15.0,89,0
3581.8,14.98,89,0
3582.0,14.97,89,0
3582.2,14.97,89,0
3582.4,14.96,89,0
3582.6,14.97,89,0
3582.8,14.98,89,0
3583.0,14.97,89,0
3583.2,14.98,89,0
3583.4,14.98,89,0
3583.6,14.96,89,0
3583.8,14.96,89,0
3584.0,14.95,89,0
3584.2,14.95,89,0
3584.4,14.99,89,0
3584.6,15.0,89,0
3584.8,15.0,89,0
3585.0,15.04,89,0
3585.2,15.1,89,0
3585.4,15.08,89,0
3585.6,15.09,89,0
3585.8,15.09,89,0
3586.0,15.08,89,0
3586.2,15.11,89,0
3586.4,15.12,89,0
3586.6,15.1,89,0
3586.8,15.1,89,0
3587.0,15.04,89,0
3587.2,15.03,89,0
3587.4,15.08,89,0
3587.6,15.04,89,0
3587.8,15.03,89,0
3588.0,15.07,89,0
3588.2,15.03,89,0
3588.4,15.07,89,0
3588.6,14.96,89,0
3588.8,14.95,89,0
3589.0,14.96,89,0
3589.2,14.94,89,0
3589.4,14.94,89,0
3589.6,14.94,89,0
3589.8,14.95,89,0
3590.0,14.93,89,0
3590.2,14.95,89,0
3590.4,14.96,89,0
3590.6,14.95,89,0
3590.8,14.93,89,0
3591.0,14.94,89,0
3591.2,14.91,89,0
3591.4,14.92,89,0
3591.6,14.86,89,0
3591.8,14.95,89,0
3592.0,14.88,89,0
3592.2,14.9,89,0
3592.4,14.88,89,0
3592.6,14.92,89,0
3592.8,14.93,89,0
3593.0,14.86,89,0
3593.2,14.87,89,0
3593.4,14.85,89,0
3593.6,14.88,89,0
3593.8,14.92,89,0
3594.0,14.9,89,0
3594.2,14.89,89,0
3594.4,14.88,89,0
3594.6,14.85,89,0
3594.8,14.85,89,0
3595.0,14.83,89,0
3595.2,14.83,89,0
3595.4,14.84,89,0
3595.6,14.87,89,0
3595.8,14.83,89,0
3596.0,14.83,89,0
3596.2,14.87,89,0
3596.4,14.84,89,0
3596.6,14.85,89,0
3596.8,14.82,89,0
3597.0,14.8,89,0
3597.2,14.79,89,0
3597.4,14.79,89,0
3597.6,14.8,89,0
3597.8,14.8,89,0
3598.0,14.84,89,0
3598.2,14.86,89,0
3598.4,14.82,89,0
3598.6,14.82,89,0
3598.8,14.81,89,0
3599.0,14.76,89,0
3599.2,14.76,89,0
3599.4,14.79,89,0
3599.6,14.79,89,0
3599.8,14.77,89,0
3600.0,14.8,89,0
3600.2,14.76,89,0
3600.4,14.74,89,0
3600.6,14.75,89,0
3600.8,14.77,89,0
3601.0,14.76,89,0
3601.2,14.78,89,0
3601.4,14.79,89,0
3601.6,14.79,89,0
3601.8,14.79,89,0
3602.0,14.77,89,0
3602.2,14.74,89,0
3602.4,14.72,89,0
3602.6,14.71,89,0
3602.8,14.71,89,0
3603.0,14.67,89,0
3603.2,14.72,89,0
3603.4,14.77,89,0
3603.6,14.7,89,0
3603.8,14.69,89,0
3604.0,14.72,89,0
3604.2,14.71,89,0
3604.4,14.71,89,0
3604.6,14.72,89,0
3604.8,14.7,89,0
3605.0,14.7,89,0
3605.2,14.73,89,0
3605.4,14.74,89,0
3605.6,14.74,89,0
3605.8,14.72,89,0
3606.0,14.68,89,0
3606.2,14.68,89,0
3606.4,14.66,89,0
3606.6,14.65,89,0
3606.8,14.65,89,0
3607.0,14.64,89,0
3607.2,14.73,89,0
3607.4,14.65,89,0
3607.6,14.64,89,0
3607.8,14.63,89,0
3608.0,14.61,89,0
3608.2,14.61,89,0
3608.4,14.61,89,0
3608.6,14.61,89,0
3608.8,14.6,89,0
3609.0,14.63,89,0
3609.2,14.61,89,0
3609.4,14.65,89,0
3609.6,14.61,89,0
3609.8,14.53,89,0
3610.0,14.57,89,0
3610.2,14.57,89,0
3610.4,14.5,89,0
3610.6,14.53,89,0
3610.8,14.51,89,0
3611.0,14.52,89,0
3611.2,14.54,89,0
3611.4,14.53,89,0
3611.6,14.51,89,0
3611.8,14.52,89,0
3612.0,14.52,89,0
3612.2,14.64,89,0
3612.4,15.09,89,0
3612.6,15.1,89,0
3612.8,15.09,89,0
3613.0,15.12,89,0
3613.2,15.13,89,0
3613.4,15.14,89,0
3613.6,15.63,89,0
3613.8,15.12,89,0
3614.0,14.83,89,0
3614.2,14.7,89,0
3614.4,14.69,89,0
3614.6,14.59,89,0
3614.8,14.65,89,0
3615.0,14.74,89,0
3615.2,14.78,89,0
3615.4,14.76,89,0
3615.6,14.82,89,0
3615.8,14.75,89,0
3616.0,14.76,89,0
3616.2,14.76,89,0
3616.4,14.78,89,0
3616.6,14.78,89,0
3616.8,14.78,89,0
3617.0,14.8,89,0
3617.2,14.79,89,0
3617.4,14.77,89,0
3617.6,14.74,89,0
3617.8,14.75,89,0
3618.0,14.74,89,0
3618.2,14.73,89,0
3618.4,14.72,89,0
3618.6,14.76,89,0
3618.8,14.73,89,0
3619.0,14.77,89,0
3619.2,14.78,89,0
3619.4,14.77,89,0
3619.6,14.76,89,0
3619.8,14.75,89,0
3620.0,14.74,89,0
3620.2,14.77,89,0
3620.4,14.76,89,0
3620.6,14.77,89,0
3620.8,14.81,89,0
3621.0,14.79,89,0
3621.2,14.8,89,0
3621.4,14.76,89,0
3621.6,14.74,89,0
3621.8,14.75,89,0
3622.0,14.52,89,0
3622.2,14.53,89,0
3622.4,14.43,89,0
3622.6,14.45,89,0
3622.8,14.47,89,0
3623.0,14.52,89,0
3623.2,14.64,89,0
3623.4,14.48,89,0
3623.6,14.48,89,0
3623.8,14.5,89,0
3624.0,14.49,89,0
3624.2,14.5,89,0
3624.4,14.52,89,0
3624.6,14.52,89,0
3624.8,14.53,89,0
3625.0,14.54,89,0
3625.2,14.64,89,0
3625.4,14.62,89,0
3625.6,14.57,89,0
3625.8,14.56,89,0
3626.0,14.53,89,0
3626.2,14.53,89,0
3626.4,14.55,89,0
3626.6,14.54,89,0
3626.8,14.53,89,0
3627.0,14.53,89,0
3627.2,14.73,89,0
3627.4,14.73,89,0
3627.6,14.65,89,0
3627.8,14.71,89,0
3628.0,14.72,89,0
3628.2,14.72,89,0
3628.4,14.71,89,0
3628.6,14.61,89,0
3628.8,14.8,89,0
3629.0,14.61,89,0
3629.2,14.62,89,0
3629.4,14.54,89,0
3629.6,14.34,89,0
3629.8,14.38,89,0
3630.0,14.36,89,0
3630.2,14.41,89,0
3630.4,14.39,89,0
3630.6,14.39,89,0
3630.8,14.44,89,0
3631.0,14.47,89,0
3631.2,14.57,89,0
3631.4,14.4,89,0
3631.6,14.4,89,0
3631.8,14.58,89,0
3632.0,14.53,89,0
3632.2,14.56,89,0
3632.4,14.59,89,0
3632.6,14.56,89,0
3632.8,14.54,89,0
3633.0,14.52,89,0
3633.2,14.51,89,0
3633.4,14.54,89,0
3633.6,14.5,89,0
3633.8,14.37,89,0
3634.0,14.43,89,0
3634.2,14.43,89,0
3634.4,14.4,89,0
3634.6,14.44,89,0
3634.8,14.42,89,0
3635.0,14.44,89,0
3635.2,14.46,89,0
3635.4,14.48,89,0
3635.6,14.46,89,0
3635.8,14.45,89,0
3636.0,14.5,89,0
3636.2,14.4,89,0
3636.4,14.43,89,0
3636.6,14.42,89,0
3636.8,14.43,89,0
3637.0,14.47,89,0
3637.2,14.31,89,0
3637.4,14.45,89,0
3637.6,14.58,89,0
3637.8,14.56,89,0
3638.0,14.51,89,0
3638.2,14.44,89,0
3638.4,14.32,89,0
3638.6,14.21,89,0
3638.8,14.33,89,0
3639.0,14.31,89,0
3639.2,14.35,89,0
3639.4,14.35,89,0
3639.6,14.24,89,0
3639.8,14.52,89,0
3640.0,14.49,89,0
3640.2,14.44,89,0
3640.4,14.48,89,0
3640.6,14.47,89,0
3640.8,14.42,89,0
3641.0,14.6,89,0
3641.2,14.68,89,0
3641.4,14.22,89,0
3641.6,14.21,89,0
3641.8,14.22,89,0
3642.0,14.23,89,0
3642.2,14.24,89,0
3642.4,14.23,89,0
3642.6,14.21,89,0
3642.8,14.19,89,0
3643.0,14.16,89,0
3643.2,14.18,89,0
3643.4,14.17,89,0
3643.6,14.2,89,0
3643.8,14.19,89,0
3644.0,14.18,89,0
3644.2,14.16,89,0
3644.4,14.18,89,0
3644.6,14.16,89,0
3644.8,14.2,89,0
3645.0,14.15,89,0
3645.2,14.17,89,0
3645.4,14.16,89,0
3645.6,14.19,89,0
3645.8,14.18,89,0
3646.0,14.15,89,0
3646.2,14.15,89,0
3646.4,14.16,89,0
3646.6,14.42,89,0
3646.8,14.41,89,0
3647.0,14.39,89,0
3647.2,14.39,89,0
3647.4,14.44,89,0
3647.6,14.47,89,0
3647.8,14.46,89,0
3648.0,14.45,89,0
3648.2,14.45,89,0
3648.4,14.58,89,0
3648.6,14.59,89,0
3648.8,14.58,89,0
3649.0,14.57,89,0
3649.2,14.68,89,0
3649.4,14.69,89,0
3649.6,14.66,89,0
3649.8,14.64,89,0
3650.0,14.61,89,0
3650.2,14.6,89,0
3650.4,14.61,89,0
3650.6,14.61,89,0
3650.8,14.6,89,0
3651.0,14.68,89,0
3651.2,14.68,89,0
3651.4,14.65,89,0
3651.6,14.67,89,0
3651.8,14.65,89,0
3652.0,14.65,89,0
3652.2,14.62,89,0
3652.4,14.62,89,0
3652.6,14.66,89,0
3652.8,14.66,89,0
3653.0,14.65,89,0
3653.2,14.67,89,0
3653.4,14.66,89,0
3653.6,14.69,89,0
3653.8,14.69,89,0
3654.0,14.66,89,0
3654.2,14.63,89,0
3654.4,14.62,89,0
3654.6,14.56,89,0
3654.8,14.61,89,0
3655.0,14.6,89,0
3655.2,14.64,89,0
3655.4,14.63,89,0
3655.6,14.66,89,0
3655.8,14.64,89,0
3656.0,14.66,89,0
3656.2,14.69,89,0
3656.4,14.68,89,0
3656.6,14.64,89,0
3656.8,14.66,89,0
3657.0,14.66,89,0
3657.2,14.67,89,0
3657.4,14.6,89,0
3657.6,14.61,89,0
3657.8,14.61,89,0
3658.0,14.63,89,0
3658.2,14.63,89,0
3658.4,14.53,89,0
3658.6,14.6,89,0
3658.8,14.61,89,0
3659.0,14.63,89,0
3659.2,14.64,89,0
3659.4,14.62,89,0
3659.6,14.63,89,0
3659.8,14.64,89,0
3660.0,14.59,89,0
3660.2,14.56,89,0
3660.4,14.57,89,0
3660.6,14.55,89,0
3660.8,14.56,89,0
3661.0,14.57,89,0
3661.2,14.56,89,0
3661.4,14.57,89,0
3661.6,14.55,89,0
3661.8,14.56,89,0
3662.0,14.58,89,0
3662.2,14.59,89,0
3662.4,14.54,89,0
3662.6,14.55,89,0
3662.8,14.56,89,0
3663.0,14.52,89,0
3663.2,14.53,89,0
3663.4,14.5,89,0
3663.6,14.52,89,0
3663.8,14.53,89,0
3664.0,14.53,89,0
3664.2,14.51,89,0
3664.4,14.52,89,0
3664.6,14.52,89,0
3664.8,14.51,89,0
3665.0,14.53,89,0
3665.2,14.52,89,0
3665.4,14.52,89,0
3665.6,14.53,89,0
3665.8,14.54,89,0
3666.0,14.53,89,0
3666.2,14.58,89,0
3666.4,14.59,89,0
3666.6,14.59,89,0
3666.8,14.6,89,0
3667.0,14.6,89,0
3667.2,14.58,89,0
3667.4,14.59,89,0
3667.6,14.57,89,0
3667.8,14.57,89,0
3668.0,14.55,89,0
3668.2,14.56,89,0
3668.4,14.54,89,0
3668.6,14.58,89,0
3668.8,14.57,89,0
3669.0,14.51,89,0
3669.2,14.59,89,0
3669.4,14.58,89,0
3669.6,14.56,89,0
3669.8,14.57,89,0
3670.0,14.57,89,0
3670.2,14.57,89,0
3670.4,14.56,89,0
3670.6,14.59,89,0
3670.8,14.55,89,0
3671.0,14.55,89,0
3671.2,14.52,89,0
3671.4,14.51,89,0
3671.6,14.51,89,0
3671.8,14.51,89,0
3672.0,14.47,89,0
3672.2,14.53,89,0
3672.4,14.58,89,0
3672.6,14.57,89,0
3672.8,14.58,89,0
3673.0,14.57,89,0
3673.2,14.56,89,0
3673.4,14.56,89,0
3673.6,14.58,89,0
3673.8,14.54,89,0
3674.0,14.54,89,0
3674.2,14.46,89,0
3674.4,14.57,89,0
3674.6,14.57,89,0
3674.8,14.55,89,0
3675.0,14.53,89,0
3675.2,14.59,89,0
3675.4,14.61,89,0
3675.6,14.57,89,0
3675.8,14.54,89,0
3676.0,14.58,89,0
3676.2,14.67,89,0
3676.4,14.65,89,0
3676.6,14.65,89,0
3676.8,14.66,89,0
3677.0,14.63,89,0
3677.2,14.46,89,0
3677.4,14.48,89,0
3677.6,14.49,89,0
3677.8,14.46,89,0
3678.0,14.42,89,0
3678.2,14.43,89,0
3678.4,14.46,89,0
3678.6,14.64,89,0
3678.8,14.43,89,0
3679.0,14.45,89,0
3679.2,14.46,89,0
3679.4,14.48,89,0
3679.6,14.46,89,0
3679.8,14.44,89,0
3680.0,14.49,89,0
3680.2,14.45,89,0
3680.4,14.49,89,0
3680.6,14.48,89,0
3680.8,14.47,89,0
3681.0,14.48,89,0
3681.2,14.45,89,0
3681.4,14.46,89,0
3681.6,14.46,89,0
3681.8,14.46,89,0
3682.0,14.5,89,0
3682.2,14.52,89,0
3682.4,14.52,89,0
3682.6,14.5,89,0
3682.8,14.54,89,0
3683.0,14.52,89,0
3683.2,14.5,89,0
3683.4,14.49,89,0
3683.6,14.49,89,0
3683.8,14.55,89,0
3684.0,14.58,89,0
3684.2,14.55,89,0
3684.4,14.63,89,0
3684.6,14.53,89,0
3684.8,14.45,89,0
3685.0,14.39,89,0
3685.2,14.37,89,0
3685.4,14.4,89,0
3685.6,14.39,89,0
3685.8,14.41,89,0
3686.0,14.39,89,0
3686.2,14.11,89,0
3686.4,14.2,89,0
3686.6,14.13,89,0
3686.8,14.07,89,0
3687.0,14.12,89,0
3687.2,14.07,89,0
3687.4,14.13,89,0
3687.6,14.11,89,0
3687.8,14.12,89,0
3688.0,14.07,89,0
3688.2,14.07,89,0
3688.4,14.09,89,0
3688.6,14.08,89,0
3688.8,14.07,89,0
3689.0,14.11,89,0
3689.2,14.45,89,0
3689.4,14.1,89,0
3689.6,14.1,89,0
3689.8,14.13,89,0
3690.0,14.05,89,0
3690.2,13.77,89,0
3690.4,13.99,89,0
3690.6,13.91,89,0
3690.8,13.96,89,0
3691.0,13.96,89,0
3691.2,13.97,89,0
3691.4,13.93,89,0
3691.6,13.97,89,0
3691.8,13.99,89,0
3692.0,14.01,89,0
3692.2,14.02,89,0
3692.4,14.02,89,0
3692.6,13.98,89,0
3692.8,14.02,89,0
3693.0,13.97,89,0
3693.2,13.95,89,0
3693.4,13.97,89,0
3693.6,13.98,89,0
3693.8,13.99,89,0
3694.0,13.97,89,0
3694.2,13.93,89,0
3694.4,13.94,89,0
3694.6,13.94,89,0
3694.8,13.92,89,0
3695.0,13.95,89,0
3695.2,13.95,89,0
3695.4,13.95,89,0
3695.6,13.95,89,0
3695.8,13.93,89,0
3696.0,13.95,89,0
3696.2,13.93,89,0
3696.4,13.94,89,0
3696.6,13.93,89,0
3696.8,13.91,89,0
3697.0,13.92,89,0
3697.2,13.89,89,0
3697.4,13.91,89,0
3697.6,13.93,89,0
3697.8,13.93,89,0
3698.0,13.91,89,0
3698.2,13.89,89,0
3698.4,13.89,89,0
3698.6,13.91,89,0
3698.8,13.88,89,0
3699.0,13.92,89,0
3699.2,13.93,89,0
3699.4,13.92,89,0
3699.6,14.43,89,0
3699.8,14.17,89,0
3700.0,14.14,89,0
3700.2,14.13,89,0
3700.4,14.14,89,0
3700.6,14.1,89,0
3700.8,14.1,89,0
3701.0,13.88,89,0
3701.2,13.88,89,0
3701.4,13.89,89,0
3701.6,13.88,89,0
3701.8,13.86,89,0
3702.0,13.85,89,0
3702.2,13.87,89,0
3702.4,13.85,89,0
3702.6,13.88,89,0
3702.8,13.84,89,0
3703.0,13.83,89,0
3703.2,13.88,89,0
3703.4,13.82,89,0
3703.6,13.81,89,0
3703.8,13.8,89,0
3704.0,13.8,89,0
3704.2,13.8,89,0
3704.4,13.79,89,0
3704.6,13.8,89,0
3704.8,13.85,89,0
3705.0,13.84,89,0
3705.2,13.82,89,0
3705.4,13.88,89,0
3705.6,13.84,89,0
3705.8,13.84,89,0
3706.0,13.8,89,0
3706.2,13.85,89,0
3706.4,13.82,89,0
3706.6,13.81,89,0
3706.8,13.84,89,0
3707.0,13.82,89,0
3707.2,13.81,89,0
3707.4,14.08,89,0
3707.6,14.1,89,0
3707.8,14.11,89,0
3708.0,13.95,89,0
3708.2,13.75,89,0
3708.4,13.77,89,0
3708.6,13.77,89,0
3708.8,13.78,89,0
3709.0,13.79,89,0
3709.2,13.79,89,0
3709.4,13.79,89,0
3709.6,13.77,89,0
3709.8,13.76,89,0
3710.0,13.77,89,0
3710.2,13.73,89,0
3710.4,13.77,89,0
3710.6,13.76,89,0
3710.8,13.76,89,0
3711.0,13.79,89,0
3711.2,13.76,89,0
3711.4,13.75,89,0
3711.6,13.77,89,0
3711.8,13.78,89,0
3712.0,14.03,89,0
3712.2,14.03,89,0
3712.4,14.02,89,0
3712.6,14.02,89,0
3712.8,14.03,89,0
3713.0,14.01,89,0
3713.2,14.02,89,0
3713.4,14.04,89,0
3713.6,14.04,89,0
3713.8,14.02,89,0
3714.0,14.03,89,0
3714.2,14.04,89,0
3714.4,14.02,89,0
3714.6,14.03,89,0
3714.8,14.04,89,0
3715.0,14.04,89,0
3715.2,14.02,89,0
3715.4,14.02,89,0
3715.6,14.03,89,0
3715.8,14.01,89,0
3716.0,14.01,89,0
3716.2,14.0,89,0
3716.4,13.99,89,0
3716.6,14.01,89,0
3716.8,13.98,89,0
3717.0,14.03,89,0
3717.2,14.03,89,0
3717.4,13.98,89,0
3717.6,13.97,89,0
3717.8,13.99,89,0
3718.0,14.0,89,0
3718.2,13.98,89,0
3718.4,13.97,89,0
3718.6,14.0,89,0
3718.8,14.03,89,0
3719.0,13.98,89,0
3719.2,13.86,89,0
3719.4,13.98,89,0
3719.6,13.98,89,0
3719.8,13.72,89,0
3720.0,13.97,89,0
3720.2,13.98,89,0
3720.4,13.97,89,0
3720.6,13.99,89,0
3720.8,13.98,89,0
3721.0,13.98,89,0
3721.2,13.98,89,0
3721.4,13.96,89,0
3721.6,13.97,89,0
3721.8,13.98,89,0
3722.0,13.93,89,0
3722.2,13.95,89,0
3722.4,13.97,89,0
3722.6,13.97,89,0
3722.8,13.97,89,0
3723.0,13.95,89,0
3723.2,13.95,89,0
3723.4,13.95,89,0
3723.6,13.96,89,0
3723.8,13.93,89,0
3724.0,13.89,89,0
3724.2,13.88,89,0
3724.4,13.89,89,0
3724.6,13.88,89,0
3724.8,13.87,89,0
3725.0,13.89,89,0
3725.2,13.89,89,0
3725.4,13.88,89,0
3725.6,13.93,89,0
3725.8,13.88,89,0
3726.0,13.87,89,0
3726.2,13.89,89,0
3726.4,13.86,89,0
3726.6,13.88,89,0
3726.8,13.88,89,0
3727.0,13.88,89,0
3727.2,13.9,89,0
3727.4,13.89,89,0
3727.6,13.94,89,0
3727.8,13.94,89,0
3728.0,13.92,89,0
3728.2,13.92,89,0
3728.4,13.96,89,0
3728.6,13.92,89,0
3728.8,13.91,89,0
3729.0,13.9,89,0
3729.2,13.9,89,0
3729.4,13.88,89,0
3729.6,13.88,89,0
3729.8,13.9,89,0
3730.0,13.9,89,0
3730.2,13.9,89,0
3730.4,13.69,89,0
3730.6,13.71,89,0
3730.8,13.67,89,0
3731.0,13.69,89,0
3731.2,13.67,89,0
3731.4,13.65,89,0
3731.6,13.64,89,0
3731.8,13.65,89,0
3732.0,13.68,89,0
3732.2,13.68,89,0
3732.4,13.68,89,0
3732.6,13.68,89,0
3732.8,13.68,89,0
3733.0,13.69,89,0
3733.2,13.69,89,0
3733.4,13.68,89,0
3733.6,13.67,89,0
3733.8,13.71,89,0
3734.0,13.69,89,0
3734.2,13.7,89,0
3734.4,13.69,89,0
3734.6,13.69,89,0
3734.8,13.69,89,0
3735.0,13.68,89,0
3735.2,13.66,89,0
3735.4,13.68,89,0
3735.6,13.67,89,0
3735.8,13.69,89,0
3736.0,13.69,89,0
3736.2,13.68,89,0
3736.4,13.67,89,0
3736.6,13.67,89,0
3736.8,13.67,89,0
3737.0,13.65,89,0
3737.2,13.67,89,0
3737.4,13.64,89,0
3737.6,13.66,89,0
3737.8,13.68,89,0
3738.0,13.68,89,0
3738.2,13.67,89,0
3738.4,13.64,89,0
3738.6,13.67,89,0
3738.8,13.67,89,0
3739.0,13.67,89,0
3739.2,13.66,89,0
3739.4,13.67,89,0
3739.6,13.69,89,0
3739.8,13.7,89,0
3740.0,13.7,89,0
3740.2,13.68,89,0
3740.4,13.68,89,0
3740.6,13.68,89,0
3740.8,13.69,89,0
3741.0,13.68,89,0
3741.2,13.68,89,0
3741.4,13.7,89,0
3741.6,13.72,89,0
3741.8,13.71,89,0
3742.0,13.7,89,0
3742.2,13.7,89,0
3742.4,13.69,89,0
3742.6,13.71,89,0
3742.8,13.67,89,0
3743.0,13.67,89,0
3743.2,13.68,89,0
3743.4,13.69,89,0
3743.6,13.58,89,0
3743.8,13.59,89,0
3744.0,13.59,89,0
3744.2,13.57,89,0
3744.4,13.55,89,0
3744.6,13.56,89,0
3744.8,13.55,89,0
3745.0,13.54,89,0
3745.2,13.55,89,0
3745.4,13.56,89,0
3745.6,13.56,89,0
3745.8,13.59,89,0
3746.0,13.55,89,0
3746.2,13.56,89,0
3746.4,13.56,89,0
3746.6,13.55,89,0
3746.8,13.56,89,0
3747.0,13.56,89,0
3747.2,13.58,89,0
3747.4,13.6,89,0
3747.6,13.6,89,0
3747.8,13.58,89,0
3748.0,13.56,89,0
3748.2,13.56,89,0
3748.4,13.58,89,0
3748.6,13.58,89,0
3748.8,13.53,89,0
3749.0,13.52,89,0
3749.2,13.54,89,0
3749.4,13.54,89,0
3749.6,13.54,89,0
3749.8,13.53,89,0
3750.0,13.52,89,0
3750.2,13.52,89,0
3750.4,13.53,89,0
3750.6,13.5,89,0
3750.8,13.52,89,0
3751.0,13.53,89,0
3751.2,13.53,89,0
3751.4,13.53,89,0
3751.6,13.54,89,0
3751.8,13.52,89,0
3752.0,13.52,89,0
3752.2,13.57,89,0
3752.4,13.53,89,0
3752.6,13.54,89,0
3752.8,13.55,89,0
3753.0,13.57,89,0
3753.2,13.56,89,0
3753.4,13.57,89,0
3753.6,13.57,89,0
3753.8,13.57,89,0
3754.0,13.55,89,0
3754.2,13.56,89,0
3754.4,13.52,89,0
3754.6,13.52,89,0
3754.8,13.64,89,0
3755.0,13.65,89,0
3755.2,13.66,89,0
3755.4,13.67,89,0
3755.6,13.55,89,0
3755.8,13.57,89,0
3756.0,13.57,89,0
3756.2,13.55,89,0
3756.4,13.57,89,0
3756.6,13.54,89,0
3756.8,13.61,89,0
3757.0,13.61,89,0
3757.2,13.59,89,0
3757.4,13.59,89,0
3757.6,13.59,89,0
3757.8,13.6,89,0
3758.0,13.63,89,0
3758.2,13.61,89,0
3758.4,13.6,89,0
3758.6,13.62,89,0
3758.8,13.63,89,0
3759.0,13.63,89,0
3759.2,13.64,89,0
3759.4,13.62,89,0
3759.6,13.62,89,0
3759.8,13.62,89,0
3760.0,13.61,89,0
3760.2,13.61,89,0
3760.4,13.6,89,0
3760.6,13.61,89,0
3760.8,13.63,89,0
3761.0,13.65,89,0
3761.2,13.66,89,0
3761.4,13.64,89,0
3761.6,13.65,89,0
3761.8,13.65,89,0
3762.0,13.64,89,0
3762.2,13.62,89,0
3762.4,13.63,89,0
3762.6,13.64,89,0
3762.8,13.63,89,0
3763.0,13.64,89,0
3763.2,13.63,89,0
3763.4,13.6,89,0
3763.6,13.58,89,0
3763.8,13.56,89,0
3764.0,13.55,89,0
3764.2,13.53,89,0
3764.4,13.55,89,0
3764.6,13.58,89,0
3764.8,13.58,89,0
3765.0,13.57,89,0
3765.2,13.56,89,0
3765.4,13.56,89,0
3765.6,13.57,89,0
3765.8,13.57,89,0
3766.0,13.54,89,0
3766.2,13.54,89,0
3766.4,13.77,89,0
3766.6,13.8,89,0
3766.8,13.81,89,0
3767.0,13.82,89,0
3767.2,13.81,89,0
3767.4,13.81,89,0
3767.6,13.81,89,0
3767.8,13.56,89,0
3768.0,13.56,89,0
3768.2,13.58,89,0
3768.4,13.59,89,0
3768.6,13.58,89,0
3768.8,13.63,89,0
3769.0,13.59,89,0
3769.2,13.58,89,0
3769.4,13.55,89,0
3769.6,13.58,89,0
3769.8,13.59,89,0
3770.0,13.57,89,0
3770.2,13.57,89,0
3770.4,13.61,89,0
3770.6,13.6,89,0
3770.8,13.59,89,0
3771.0,13.57,89,0
3771.2,13.54,89,0
3771.4,13.57,89,0
3771.6,13.56,89,0
3771.8,13.53,89,0
3772.0,13.53,89,0
3772.2,13.54,89,0
3772.4,13.55,89,0
3772.6,13.54,89,0
3772.8,13.54,89,0
3773.0,13.53,89,0
3773.2,13.54,89,0
3773.4,13.54,89,0
3773.6,13.52,89,0
3773.8,16.12,89,0
3774.0,16.62,89,0
3774.2,14.26,89,0
3774.4,15.5,89,0
3774.6,15.91,89,0
3774.8,10.99,89,0
3775.0,10.44,89,0
3775.2,10.61,89,0
3775.4,10.11,89,0
3775.6,10.12,89,0
3775.8,10.1,89,0
3776.0,10.2,89,0
3776.2,10.13,89,0
3776.4,10.21,89,0
3776.6,10.13,89,0
3776.8,10.14,89,0
3777.0,10.17,89,0
3777.2,10.16,89,0
3777.4,10.14,89,0
3777.6,10.15,89,0
3777.8,10.14,89,0
3778.0,10.16,89,0
3778.2,10.17,89,0
3778.4,10.18,89,0
3778.6,10.18,89,0
3778.8,10.18,89,0
3779.0,10.17,89,0
3779.2,10.17,89,0
3779.4,10.16,89,0
3779.6,10.15,89,0
3779.8,10.16,89,0
3780.0,10.17,89,0
3780.2,10.19,89,0
3780.4,10.18,89,0
3780.6,10.17,89,0
3780.8,10.17,89,0
3781.0,10.17,89,0
3781.2,10.16,89,0
3781.4,10.16,89,0
3781.6,10.16,89,0
3781.8,10.17,89,0
3782.0,10.17,89,0
3782.2,10.17,89,0
3782.4,10.17,89,0
3782.6,10.16,89,0
3782.8,10.15,89,0
3783.0,10.17,89,0
3783.2,10.15,89,0
3783.4,10.15,89,0
3783.6,10.15,89,0
3783.8,10.17,89,0
3784.0,10.16,89,0
3784.2,10.16,89,0
3784.4,10.14,89,0
3784.6,10.13,89,0
3784.8,10.14,89,0
3785.0,10.13,89,0
3785.2,10.13,89,0
3785.4,10.13,89,0
3785.6,10.13,89,0
3785.8,10.14,89,0
3786.0,10.15,89,0
3786.2,10.15,89,0
3786.4,10.13,89,0
3786.6,10.13,89,0
3786.8,10.12,89,0
3787.0,10.12,89,0
3787.2,10.11,89,0
3787.4,10.12,89,0
3787.6,10.14,89,0
3787.8,10.13,89,0
3788.0,10.13,89,0
3788.2,10.12,89,0
3788.4,10.12,89,0
3788.6,10.13,89,0
3788.8,10.11,89,0
3789.0,10.1,89,0
3789.2,10.1,89,0
3789.4,10.11,89,0
3789.6,10.12,89,0
3789.8,10.12,89,0
3790.0,10.13,89,0
3790.2,10.12,89,0
3790.4,14.26,89,0
3790.6,10.28,89,0
3790.8,10.03,89,0
3791.0,38.17,89,0
3791.2,9.81,89,0
3791.4,9.89,89,0
3791.6,9.2,89,0
3791.8,10.02,89,0
3792.0,18.44,89,0
3792.2,142.74,89,0
3792.4,12.6,89,0
3792.6,11.6,89,0
3792.8,9.76,89,0
3793.0,9.77,89,0
3793.2,9.97,89,0
3793.4,10.1,89,0
3793.6,9.62,89,0
3793.8,9.67,89,0
3794.0,9.91,89,0
3794.2,9.41,89,0
3794.4,9.89,89,0
3794.6,9.66,89,0
3794.8,10.02,89,0
3795.0,9.99,89,0
3795.2,9.95,89,0
3795.4,10.01,89,0
3795.6,9.66,89,0
3795.8,10.22,89,0
3796.0,10.28,89,0
3796.2,10.5,89,0
3796.4,10.09,89,0
3796.6,10.33,89,0
3796.8,10.23,89,0
3797.0,10.12,89,0
3797.2,10.34,89,0
3797.4,10.39,89,0
3797.6,10.45,89,0
3797.8,10.48,89,0
3798.0,10.47,89,0
3798.2,10.5,89,0
3798.4,10.5,89,0
3798.6,10.46,89,0
3798.8,10.47,89,0
3799.0,10.52,89,0
3799.2,10.54,89,0
3799.4,10.56,89,0
3799.6,10.55,89,0
3799.8,10.55,89,0
3800.0,10.55,89,0
3800.2,10.55,89,0
3800.4,10.54,89,0
3800.6,10.53,89,0
3800.8,10.51,89,0
3801.0,10.52,89,0
3801.2,10.51,89,0
3801.4,10.5,89,0
3801.6,10.5,89,0
3801.8,10.48,89,0
3802.0,10.48,89,0
3802.2,10.47,89,0
3802.4,10.46,89,0
3802.6,10.48,89,0
3802.8,10.47,89,0
3803.0,10.5,89,0
3803.2,10.48,89,0
3803.4,10.48,89,0
3803.6,10.48,89,0
3803.8,10.5,89,0
3804.0,10.52,89,0
3804.2,10.52,89,0
3804.4,10.51,89,0
3804.6,10.51,89,0
3804.8,10.52,89,0
3805.0,10.53,89,0
3805.2,10.52,89,0
3805.4,10.54,89,0
3805.6,10.53,89,0
3805.8,10.53,89,0
3806.0,10.52,89,0
3806.2,10.52,89,0
3806.4,10.51,89,0
3806.6,10.53,89,0
3806.8,10.54,89,0
3807.0,10.55,89,0
3807.2,10.56,89,0
3807.4,10.53,89,0
3807.6,10.53,89,0
3807.8,10.59,89,0
3808.0,10.57,89,0
3808.2,10.54,89,0
3808.4,10.55,89,0
3808.6,10.58,89,0
3808.8,10.57,89,0
3809.0,9.91,89,0
3809.2,10.0,89,0
3809.4,10.25,89,0
3809.6,9.9,89,0
3809.8,8.92,89,0
3810.0,9.32,89,0
3810.2,9.47,89,0
3810.4,8.11,89,0
3810.6,10.09,89,0
3810.8,10.13,89,0
3811.0,10.14,89,0
3811.2,10.15,89,0
3811.4,10.16,89,0
3811.6,10.14,89,0
3811.8,10.15,89,0
3812.0,10.13,89,0
3812.2,10.12,89,0
3812.4,10.12,89,0
3812.6,10.15,89,0
3812.8,10.15,89,0
3813.0,10.15,89,0
3813.2,10.13,89,0
3813.4,10.13,89,0
3813.6,10.14,89,0
3813.8,10.13,89,0
3814.0,10.13,89,0
3814.2,10.13,89,0
3814.4,10.13,89,0
3814.6,10.14,89,0
3814.8,10.15,89,0
3815.0,10.14,89,0
3815.2,10.13,89,0
3815.4,10.13,89,0
3815.6,10.13,89,0
3815.8,10.12,89,0
3816.0,10.13,89,0
3816.2,10.12,89,0
3816.4,10.14,89,0
3816.6,10.14,89,0
3816.8,10.14,89,0
3817.0,10.13,89,0
3817.2,10.13,89,0
3817.4,10.13,89,0
3817.6,10.13,89,0
3817.8,10.12,89,0
3818.0,10.12,89,0
3818.2,10.12,89,0
3818.4,10.13,89,0
3818.6,10.13,89,0
3818.8,10.15,89,0
3819.0,10.13,89,0
3819.2,10.12,89,0
3819.4,10.12,89,0
3819.6,10.12,89,0
3819.8,10.12,89,0
3820.0,10.12,89,0
3820.2,10.14,89,0
3820.4,10.13,89,0
3820.6,10.14,89,0
3820.8,10.13,89,0
3821.0,10.14,89,0
3821.2,10.13,89,0
3821.4,10.13,89,0
3821.6,10.12,89,0
3821.8,10.11,89,0
3822.0,10.12,89,0
3822.2,10.14,89,0
3822.4,10.14,89,0
3822.6,10.14,89,0
3822.8,10.12,89,0
3823.0,10.13,89,0
3823.2,10.13,89,0
3823.4,10.11,89,0
3823.6,10.12,89,0
3823.8,10.12,89,0
3824.0,10.12,89,0
3824.2,10.14,89,0
3824.4,10.14,89,0
3824.6,10.14,89,0
3824.8,10.13,89,0
3825.0,10.13,89,0
3825.2,10.12,89,0
3825.4,10.13,89,0
3825.6,10.12,89,0
3825.8,10.13,89,0
3826.0,10.14,89,0
3826.2,10.14,89,0
3826.4,10.14,89,0
3826.6,10.13,89,0
3826.8,10.13,89,0
3827.0,10.14,89,0
3827.2,10.14,89,0
3827.4,10.12,89,0
3827.6,10.13,89,0
3827.8,10.13,89,0
3828.0,10.14,89,0
3828.2,10.14,89,0
3828.4,10.14,89,0
3828.6,10.13,89,0
3828.8,10.14,89,0
3829.0,10.13,89,0
3829.2,10.13,89,0
3829.4,10.12,89,0
3829.6,10.12,89,0
3829.8,10.14,89,0
3830.0,10.14,89,0
3830.2,10.14,89,0
3830.4,10.14,89,0
3830.6,10.13,89,0
3830.8,10.13,89,0
3831.0,10.14,89,0
3831.2,10.12,89,0
3831.4,10.13,89,0
3831.6,10.13,89,0
3831.8,10.13,89,0
3832.0,10.15,89,0
3832.2,10.14,89,0
3832.4,10.14,89,0
3832.6,10.14,89,0
3832.8,10.14,89,0
3833.0,10.12,89,0
3833.2,10.12,89,0
3833.4,10.13,89,0
3833.6,10.13,89,0
3833.8,10.13,89,0
3834.0,10.14,89,0
3834.2,10.14,89,0
3834.4,10.13,89,0
3834.6,10.13,89,0
3834.8,10.14,89,0
3835.0,10.12,89,0
3835.2,10.12,89,0
3835.4,10.12,89,0
3835.6,10.14,89,0
3835.8,10.14,89,0
3836.0,10.14,89,0
3836.2,10.13,89,0
3836.4,10.13,89,0
3836.6,10.13,89,0
3836.8,10.12,89,0
3837.0,10.12,89,0
3837.2,10.12,89,0
3837.4,10.11,89,0
3837.6,10.14,89,0
3837.8,10.14,89,0
3838.0,10.14,89,0
3838.2,10.13,89,0
3838.4,10.13,89,0
3838.6,10.13,89,0
3838.8,10.12,89,0
3839.0,10.12,89,0
3839.2,10.12,89,0
3839.4,10.13,89,0
3839.6,10.14,89,0
3839.8,10.13,89,0
3840.0,10.14,89,0
3840.2,10.13,89,0
3840.4,10.12,89,0
3840.6,10.13,89,0
3840.8,10.12,89,0
3841.0,10.12,89,0
3841.2,10.12,89,0
3841.4,10.14,89,0
3841.6,10.13,89,0
3841.8,10.13,89,0
3842.0,10.13,89,0
3842.2,10.13,89,0
3842.4,10.12,89,0
3842.6,10.12,89,0
3842.8,10.12,89,0
3843.0,10.12,89,0
3843.2,10.12,89,0
3843.4,10.13,89,0
3843.6,10.13,89,0
3843.8,10.13,89,0
3844.0,10.12,89,0
3844.2,10.13,89,0
3844.4,10.13,89,0
3844.6,10.12,89,0
3844.8,10.12,89,0
3845.0,10.12,89,0
3845.2,10.13,89,0
3845.4,10.13,89,0
3845.6,10.13,89,0
3845.8,10.13,89,0
3846.0,10.12,89,0
3846.2,10.12,89,0
3846.4,10.12,89,0
3846.6,10.12,89,0
3846.8,10.11,89,0
3847.0,10.11,89,0
3847.2,10.14,89,0
3847.4,10.14,89,0
3847.6,10.13,89,0
3847.8,10.13,89,0
3848.0,10.13,89,0
3848.2,10.12,89,0
3848.4,10.12,89,0
3848.6,10.11,89,0
3848.8,10.12,89,0
3849.0,10.13,89,0
3849.2,10.13,89,0
3849.4,10.14,89,0
3849.6,10.13,89,0
3849.8,10.12,89,0
3850.0,10.12,89,0
3850.2,10.12,89,0
3850.4,10.11,89,0
3850.6,10.12,89,0
3850.8,10.11,89,0
3851.0,10.12,89,0
3851.2,10.13,89,0
3851.4,10.13,89,0
3851.6,10.12,89,0
3851.8,10.11,89,0
3852.0,10.12,89,0
3852.2,10.11,89,0
3852.4,10.11,89,0
3852.6,10.12,89,0
3852.8,10.1,89,0
3853.0,10.13,89,0
3853.2,10.13,89,0
3853.4,10.12,89,0
3853.6,10.12,89,0
3853.8,10.12,89,0
3854.0,10.12,89,0
3854.2,10.11,89,0
3854.4,10.11,89,0
3854.6,10.11,89,0
3854.8,10.13,89,0
3855.0,10.13,89,0
3855.2,10.13,89,0
3855.4,10.12,89,0
3855.6,10.12,89,0
3855.8,10.12,89,0
3856.0,10.12,89,0
3856.2,10.11,89,0
3856.4,10.11,89,0
3856.6,10.11,89,0
3856.8,10.13,89,0
3857.0,10.13,89,0
3857.2,10.12,89,0
3857.4,10.12,89,0
3857.6,10.12,89,0
3857.8,10.12,89,0
3858.0,10.1,89,0
3858.2,10.11,89,0
3858.4,10.1,89,0
3858.6,10.12,89,0
3858.8,10.13,89,0
3859.0,10.13,89,0
3859.2,10.13,89,0
3859.4,10.11,89,0
3859.6,10.11,89,0
3859.8,10.11,89,0
3860.0,10.11,89,0
3860.2,10.11,89,0
3860.4,10.1,89,0
3860.6,10.13,89,0
3860.8,10.12,89,0
3861.0,10.13,89,0
3861.2,10.11,89,0
3861.4,10.12,89,0
3861.6,10.11,89,0
3861.8,10.1,89,0
3862.0,10.1,89,0
3862.2,10.11,89,0
3862.4,10.1,89,0
3862.6,10.12,89,0
3862.8,10.12,89,0
3863.0,10.12,89,0
3863.2,10.1,89,0
3863.4,10.12,89,0
3863.6,10.11,89,0
3863.8,10.11,89,0
3864.0,10.1,89,0
3864.2,10.1,89,0
3864.4,10.12,89,0
3864.6,10.11,89,0
3864.8,10.11,89,0
3865.0,10.11,89,0
3865.2,10.11,89,0
3865.4,10.11,89,0
3865.6,10.11,89,0
3865.8,10.1,89,0
3866.0,10.1,89,0
3866.2,10.1,89,0
3866.4,10.11,89,0
3866.6,10.11,89,0
3866.8,10.11,89,0
3867.0,10.1,89,0
3867.2,10.1,89,0
3867.4,10.1,89,0
3867.6,10.11,89,0
3867.8,10.09,89,0
3868.0,10.1,89,0
3868.2,10.11,89,0
3868.4,10.11,89,0
3868.6,10.11,89,0
3868.8,10.11,89,0
3869.0,10.1,89,0
3869.2,10.1,89,0
3869.4,10.1,89,0
3869.6,10.1,89,0
3869.8,10.09,89,0
3870.0,10.1,89,0
3870.2,10.11,89,0
3870.4,10.11,89,0
3870.6,10.12,89,0
3870.8,10.1,89,0
3871.0,10.1,89,0
3871.2,10.1,89,0
3871.4,10.09,89,0
3871.6,10.09,89,0
3871.8,10.09,89,0
3872.0,10.09,89,0
3872.2,10.11,89,0
3872.4,10.11,89,0
3872.6,10.1,89,0
3872.8,10.1,89,0
3873.0,10.1,89,0
3873.2,10.1,89,0
3873.4,10.09,89,0
3873.6,10.09,89,0
3873.8,10.09,89,0
3874.0,10.1,89,0
3874.2,10.11,89,0
3874.4,10.1,89,0
3874.6,10.09,89,0
3874.8,10.1,89,0
3875.0,10.1,89,0
3875.2,10.1,89,0
3875.4,10.09,89,0
3875.6,10.09,89,0
3875.8,10.08,89,0
3876.0,10.1,89,0
3876.2,10.1,89,0
3876.4,10.11,89,0
3876.6,10.09,89,0
3876.8,10.1,89,0
3877.0,10.09,89,0
3877.2,10.08,89,0
3877.4,10.09,89,0
3877.6,10.09,89,0
3877.8,10.1,89,0
3878.0,10.1,89,0
3878.2,10.11,89,0
3878.4,10.11,89,0
3878.6,10.09,89,0
3878.8,10.09,89,0
3879.0,10.09,89,0
3879.2,10.08,89,0
3879.4,10.09,89,0
3879.6,10.09,89,0
3879.8,10.1,89,0
3880.0,10.1,89,0
3880.2,10.1,89,0
3880.4,10.09,89,0
3880.6,10.08,89,0
3880.8,10.1,89,0
3881.0,10.08,89,0
3881.2,10.09,89,0
3881.4,10.08,89,0
3881.6,10.09,89,0
3881.8,10.11,89,0
3882.0,10.09,89,0
3882.2,10.1,89,0
3882.4,10.09,89,0
3882.6,10.09,89,0
3882.8,10.1,89,0
3883.0,10.09,89,0
3883.2,10.08,89,0
3883.4,10.08,89,0
3883.6,10.1,89,0
3883.8,10.1,89,0
3884.0,10.09,89,0
3884.2,10.1,89,0
3884.4,10.1,89,0
3884.6,10.1,89,0
3884.8,10.09,89,0
3885.0,10.08,89,0
3885.2,10.07,89,0
3885.4,10.09,89,0
3885.6,10.1,89,0
3885.8,10.1,89,0
3886.0,10.1,89,0
3886.2,10.09,89,0
3886.4,10.08,89,0
3886.6,10.09,89,0
3886.8,10.07,89,0
3887.0,10.08,89,0
3887.2,10.08,89,0
3887.4,10.11,89,0
3887.6,10.1,89,0
3887.8,10.11,89,0
3888.0,10.1,89,0
3888.2,10.1,89,0
3888.4,10.09,89,0
3888.6,10.09,89,0
3888.8,10.08,89,0
3889.0,10.08,89,0
3889.2,10.09,89,0
3889.4,10.1,89,0
3889.6,10.09,89,0
3889.8,10.1,89,0
3890.0,10.09,89,0
3890.2,10.09,89,0
3890.4,10.09,89,0
3890.6,10.08,89,0
3890.8,10.07,89,0
3891.0,10.09,89,0
3891.2,10.09,89,0
3891.4,10.11,89,0
3891.6,10.1,89,0
3891.8,10.09,89,0
3892.0,10.09,89,0
3892.2,10.1,89,0
3892.4,10.09,89,0
3892.6,10.08,89,0
3892.8,10.07,89,0
3893.0,10.09,89,0
3893.2,10.1,89,0
3893.4,10.11,89,0
3893.6,10.09,89,0
3893.8,10.09,89,0
3894.0,10.09,89,0
3894.2,10.09,89,0
3894.4,10.09,89,0
3894.6,10.08,89,0
3894.8,10.08,89,0
3895.0,10.08,89,0
3895.2,10.09,89,0
3895.4,10.09,89,0
3895.6,10.09,89,0
3895.8,10.09,89,0
3896.0,10.09,89,0
3896.2,10.09,89,0
3896.4,10.07,89,0
3896.6,10.08,89,0
3896.8,10.07,89,0
3897.0,10.09,89,0
3897.2,10.1,89,0
3897.4,10.1,89,0
3897.6,10.09,89,0
3897.8,10.09,89,0
3898.0,10.08,89,0
3898.2,10.09,89,0
3898.4,10.08,89,0
3898.6,10.08,89,0
3898.8,10.08,89,0
3899.0,10.09,89,0
3899.2,10.1,89,0
3899.4,10.09,89,0
3899.6,10.08,89,0
3899.8,10.08,89,0
3900.0,10.09,89,0
3900.2,10.07,89,0
3900.4,10.08,89,0
3900.6,10.08,89,0
3900.8,10.07,89,0
3901.0,10.1,89,0
3901.2,10.09,89,0
3901.4,10.09,89,0
3901.6,10.09,89,0
3901.8,10.08,89,0
3902.0,10.09,89,0
3902.2,10.08,89,0
3902.4,10.07,89,0
3902.6,10.07,89,0
3902.8,10.1,89,0
3903.0,10.09,89,0
3903.2,10.09,89,0
3903.4,10.09,89,0
3903.6,10.08,89,0
3903.8,10.09,89,0
3904.0,10.08,89,0
3904.2,10.08,89,0
3904.4,10.07,89,0
3904.6,10.07,89,0
3904.8,10.1,89,0
3905.0,10.09,89,0
3905.2,10.09,89,0
3905.4,10.08,89,0
3905.6,10.08,89,0
3905.8,10.09,89,0
3906.0,10.08,89,0
3906.2,10.07,89,0
3906.4,10.08,89,0
3906.6,10.09,89,0
3906.8,10.09,89,0
3907.0,10.1,89,0
3907.2,10.09,89,0
3907.4,10.09,89,0
3907.6,10.08,89,0
3907.8,10.08,89,0
3908.0,10.08,89,0
3908.2,10.08,89,0
3908.4,10.09,89,0
3908.6,10.1,89,0
3908.8,10.09,89,0
3909.0,10.1,89,0
3909.2,10.09,89,0
3909.4,10.09,89,0
3909.6,10.09,89,0
3909.8,10.08,89,0
3910.0,10.08,89,0
3910.2,10.08,89,0
3910.4,10.08,89,0
3910.6,10.1,89,0
3910.8,10.1,89,0
3911.0,10.08,89,0
3911.2,10.09,89,0
3911.4,10.09,89,0
3911.6,10.09,89,0
3911.8,10.08,89,0
3912.0,10.07,89,0
3912.2,10.07,89,0
3912.4,10.09,89,0
3912.6,10.09,89,0
3912.8,10.09,89,0
3913.0,10.09,89,0
3913.2,10.09,89,0
3913.4,10.09,89,0
3913.6,10.09,89,0
3913.8,10.07,89,0
3914.0,10.07,89,0
3914.2,10.07,89,0
3914.4,10.09,89,0
3914.6,10.09,89,0
3914.8,10.09,89,0
3915.0,10.09,89,0
3915.2,10.08,89,0
3915.4,10.08,89,0
3915.6,10.07,89,0
3915.8,10.08,89,0
3916.0,10.08,89,0
3916.2,10.09,89,0
3916.4,10.09,89,0
3916.6,10.09,89,0
3916.8,10.09,89,0
3917.0,10.09,89,0
3917.2,10.08,89,0
3917.4,10.08,89,0
3917.6,10.07,89,0
3917.8,10.08,89,0
3918.0,10.07,89,0
3918.2,10.09,89,0
3918.4,10.09,89,0
3918.6,10.09,89,0
3918.8,10.09,89,0
3919.0,10.08,89,0
3919.2,10.08,89,0
3919.4,10.07,89,0
3919.6,10.08,89,0
3919.8,10.07,89,0
3920.0,10.07,89,0
3920.2,10.09,89,0
3920.4,10.08,89,0
3920.6,10.08,89,0
3920.8,10.09,89,0
3921.0,10.08,89,0
3921.2,10.08,89,0
3921.4,10.08,89,0
3921.6,10.07,89,0
3921.8,10.07,89,0
3922.0,10.09,89,0
3922.2,10.1,89,0
3922.4,10.08,89,0
3922.6,10.08,89,0
3922.8,10.09,89,0
3923.0,10.08,89,0
3923.2,10.08,89,0
3923.4,10.08,89,0
3923.6,10.08,89,0
3923.8,10.07,89,0
3924.0,10.09,89,0
3924.2,10.09,89,0
3924.4,10.09,89,0
3924.6,10.07,89,0
3924.8,10.08,89,0
3925.0,10.08,89,0
3925.2,10.07,89,0
3925.4,10.08,89,0
3925.6,10.08,89,0
3925.8,10.09,89,0
3926.0,10.09,89,0
3926.2,10.09,89,0
3926.4,10.08,89,0
3926.6,10.08,89,0
3926.8,10.08,89,0
3927.0,10.08,89,0
3927.2,10.07,89,0
3927.4,10.07,89,0
3927.6,10.08,89,0
3927.8,10.09,89,0
3928.0,10.09,89,0
3928.2,10.09,89,0
3928.4,10.08,89,0
3928.6,10.08,89,0
3928.8,10.07,89,0
3929.0,10.07,89,0
3929.2,10.06,89,0
3929.4,10.07,89,0
3929.6,10.06,89,0
3929.8,10.08,89,0
3930.0,10.08,89,0
3930.2,10.08,89,0
3930.4,10.08,89,0
3930.6,10.08,89,0
3930.8,10.07,89,0
3931.0,10.06,89,0
3931.2,10.07,89,0
3931.4,10.07,89,0
3931.6,10.07,89,0
3931.8,10.08,89,0
3932.0,10.08,89,0
3932.2,10.07,89,0
3932.4,10.07,89,0
3932.6,10.07,89,0
3932.8,10.07,89,0
3933.0,10.07,89,0
3933.2,10.07,89,0
3933.4,10.06,89,0
3933.6,10.08,89,0
3933.8,10.1,89,0
3934.0,10.09,89,0
3934.2,10.08,89,0
3934.4,10.06,89,0
3934.6,10.07,89,0
3934.8,10.07,89,0
3935.0,10.07,89,0
3935.2,10.06,89,0
3935.4,10.08,89,0
3935.6,10.09,89,0
3935.8,10.09,89,0
3936.0,10.09,89,0
3936.2,10.08,89,0
3936.4,10.07,89,0
3936.6,10.08,89,0
3936.8,10.07,89,0
3937.0,10.07,89,0
3937.2,10.07,89,0
3937.4,10.09,89,0
3937.6,10.09,89,0
3937.8,10.1,89,0
3938.0,10.08,89,0
3938.2,10.08,89,0
3938.4,10.07,89,0
3938.6,10.07,89,0
3938.8,10.07,89,0
3939.0,10.07,89,0
3939.2,10.07,89,0
3939.4,10.09,89,0
3939.6,10.07,89,0
3939.8,10.08,89,0
3940.0,10.07,89,0
3940.2,10.06,89,0
3940.4,10.08,89,0
3940.6,10.06,89,0
3940.8,10.07,89,0
3941.0,10.05,89,0
3941.2,10.08,89,0
3941.4,10.08,89,0
3941.6,10.08,89,0
3941.8,10.07,89,0
3942.0,10.07,89,0
3942.2,10.08,89,0
3942.4,10.08,89,0
3942.6,10.07,89,0
3942.8,10.05,89,0
3943.0,10.07,89,0
3943.2,10.08,89,0
3943.4,10.07,89,0
3943.6,10.08,89,0
3943.8,10.08,89,0
3944.0,10.06,89,0
3944.2,10.08,89,0
3944.4,10.07,89,0
3944.6,10.05,89,0
3944.8,10.05,89,0
3945.0,10.09,89,0
3945.2,10.07,89,0
3945.4,10.08,89,0
3945.6,10.08,89,0
3945.8,10.07,89,0
3946.0,10.07,89,0
3946.2,10.07,89,0
3946.4,10.07,89,0
3946.6,10.06,89,0
3946.8,10.05,89,0
3947.0,10.08,89,0
3947.2,10.08,89,0
3947.4,10.09,89,0
3947.6,10.05,89,0
3947.8,10.06,89,0
3948.0,10.07,89,0
3948.2,10.06,89,0
3948.4,10.06,89,0
3948.6,10.06,89,0
3948.8,10.05,89,0
3949.0,10.08,89,0
3949.2,10.07,89,0
3949.4,10.08,89,0
3949.6,10.07,89,0
3949.8,10.07,89,0
3950.0,10.07,89,0
3950.2,10.05,89,0
3950.4,10.05,89,0
3950.6,10.06,89,0
3950.8,10.08,89,0
3951.0,10.09,89,0
3951.2,10.09,89,0
3951.4,10.07,89,0
3951.6,10.07,89,0
3951.8,10.06,89,0
3952.0,10.06,89,0
3952.2,10.05,89,0
3952.4,10.06,89,0
3952.6,10.06,89,0
3952.8,10.08,89,0
3953.0,10.08,89,0
3953.2,10.08,89,0
3953.4,10.06,89,0
3953.6,10.06,89,0
3953.8,10.06,89,0
3954.0,10.07,89,0
3954.2,10.05,89,0
3954.4,10.06,89,0
3954.6,10.09,89,0
3954.8,10.07,89,0
3955.0,10.07,89,0
3955.2,10.06,89,0
3955.4,10.06,89,0
3955.6,10.07,89,0
3955.8,10.05,89,0
3956.0,10.06,89,0
3956.2,10.06,89,0
3956.4,10.05,89,0
3956.6,10.07,89,0
3956.8,10.07,89,0
3957.0,10.08,89,0
3957.2,10.06,89,0
3957.4,10.06,89,0
3957.6,10.06,89,0
3957.8,10.06,89,0
3958.0,10.05,89,0
3958.2,10.05,89,0
3958.4,10.06,89,0
3958.6,10.07,89,0
3958.8,10.08,89,0
3959.0,10.07,89,0
3959.2,10.06,89,0
3959.4,10.07,89,0
3959.6,10.07,89,0
3959.8,10.06,89,0
3960.0,10.06,89,0
3960.2,10.06,89,0
3960.4,10.08,89,0
3960.6,10.07,89,0
3960.8,10.07,89,0
3961.0,10.06,89,0
3961.2,10.07,89,0
3961.4,10.05,89,0
3961.6,10.06,89,0
3961.8,10.06,89,0
3962.0,10.06,89,0
3962.2,10.05,89,0
3962.4,10.07,89,0
3962.6,10.07,89,0
3962.8,10.07,89,0
3963.0,10.07,89,0
3963.2,10.07,89,0
3963.4,10.07,89,0
3963.6,10.06,89,0
3963.8,10.06,89,0
3964.0,10.05,89,0
3964.2,10.07,89,0
3964.4,10.07,89,0
3964.6,10.08,89,0
3964.8,10.07,89,0
3965.0,10.06,89,0
3965.2,10.06,89,0
3965.4,10.06,89,0
3965.6,10.05,89,0
3965.8,10.05,89,0
3966.0,10.06,89,0
3966.2,10.08,89,0
3966.4,10.07,89,0
3966.6,10.07,89,0
3966.8,10.05,89,0
3967.0,10.06,89,0
3967.2,10.06,89,0
3967.4,10.06,89,0
3967.6,10.06,89,0
3967.8,10.06,89,0
3968.0,10.05,89,0
3968.2,10.07,89,0
3968.4,10.07,89,0
3968.6,10.08,89,0
3968.8,10.05,89,0
3969.0,10.07,89,0
3969.2,10.06,89,0
3969.4,10.06,89,0
3969.6,10.05,89,0
3969.8,10.05,89,0
3970.0,10.06,89,0
3970.2,10.08,89,0
3970.4,10.07,89,0
3970.6,10.06,89,0
3970.8,10.06,89,0
3971.0,10.07,89,0
3971.2,10.06,89,0
3971.4,10.06,89,0
3971.6,10.05,89,0
3971.8,10.05,89,0
3972.0,10.08,89,0
3972.2,10.07,89,0
3972.4,10.06,89,0
3972.6,10.06,89,0
3972.8,10.06,89,0
3973.0,10.06,89,0
3973.2,10.06,89,0
3973.4,10.05,89,0
3973.6,10.06,89,0
3973.8,10.07,89,0
3974.0,10.07,89,0
3974.2,10.07,89,0
3974.4,10.07,89,0
3974.6,10.05,89,0
3974.8,10.07,89,0
3975.0,10.07,89,0
3975.2,10.05,89,0
3975.4,10.05,89,0
3975.6,10.06,89,0
3975.8,10.08,89,0
3976.0,10.07,89,0
3976.2,10.07,89,0
3976.4,10.06,89,0
3976.6,10.06,89,0
3976.8,10.07,89,0
3977.0,10.06,89,0
3977.2,10.06,89,0
3977.4,10.05,89,0
3977.6,10.05,89,0
3977.8,10.06,89,0
3978.0,10.07,89,0
3978.2,10.07,89,0
3978.4,10.07,89,0
3978.6,10.06,89,0
3978.8,10.05,89,0
3979.0,10.05,89,0
3979.2,10.05,89,0
3979.4,10.05,89,0
3979.6,10.08,89,0
3979.8,10.06,89,0
3980.0,10.07,89,0
3980.2,10.06,89,0
3980.4,10.07,89,0
3980.6,10.08,89,0
3980.8,10.07,89,0
3981.0,10.05,89,0
3981.2,10.04,89,0
3981.4,10.05,89,0
3981.6,10.07,89,0
3981.8,10.07,89,0
3982.0,10.07,89,0
3982.2,10.06,89,0
3982.4,10.06,89,0
3982.6,10.06,89,0
3982.8,10.05,89,0
3983.0,10.06,89,0
3983.2,10.06,89,0
3983.4,10.07,89,0
3983.6,10.08,89,0
3983.8,10.07,89,0
3984.0,10.07,89,0
3984.2,10.06,89,0
3984.4,10.06,89,0
3984.6,10.07,89,0
3984.8,10.05,89,0
3985.0,10.06,89,0
3985.2,10.07,89,0
3985.4,10.06,89,0
3985.6,10.06,89,0
3985.8,10.08,89,0
3986.0,10.06,89,0
3986.2,10.07,89,0
3986.4,10.07,89,0
3986.6,10.05,89,0
3986.8,10.05,89,0
3987.0,10.05,89,0
3987.2,10.05,89,0
3987.4,10.07,89,0
3987.6,10.07,89,0
3987.8,10.08,89,0
3988.0,10.06,89,0
3988.2,10.07,89,0
3988.4,10.07,89,0
3988.6,10.06,89,0
3988.8,10.05,89,0
3989.0,10.06,89,0
3989.2,10.08,89,0
3989.4,10.08,89,0
3989.6,10.08,89,0
3989.8,10.07,89,0
3990.0,10.06,89,0
3990.2,10.07,89,0
3990.4,10.06,89,0
3990.6,10.05,89,0
3990.8,10.06,89,0
3991.0,10.07,89,0
3991.2,10.07,89,0
3991.4,10.07,89,0
3991.6,10.07,89,0
3991.8,10.07,89,0
3992.0,10.06,89,0
3992.2,10.07,89,0
3992.4,10.06,89,0
3992.6,10.06,89,0
3992.8,10.07,89,0
3993.0,10.07,89,0
3993.2,10.08,89,0
3993.4,10.07,89,0
3993.6,10.07,89,0
3993.8,10.06,89,0
3994.0,10.07,89,0
3994.2,10.07,89,0
3994.4,10.06,89,0
3994.6,10.06,89,0
3994.8,10.05,89,0
3995.0,10.07,89,0
3995.2,10.07,89,0
3995.4,10.08,89,0
3995.6,10.08,89,0
3995.8,10.07,89,0
3996.0,10.06,89,0
3996.2,10.05,89,0
3996.4,10.06,89,0
3996.6,10.05,89,0
3996.8,10.06,89,0
3997.0,10.08,89,0
3997.2,10.08,89,0
3997.4,10.07,89,0
3997.6,10.07,89,0
3997.8,10.14,89,0
3998.0,10.09,89,0
3998.2,10.07,89,0
3998.4,10.07,89,0
3998.6,10.07,89,0
3998.8,10.09,89,0
3999.0,10.1,89,0
3999.2,10.08,89,0
3999.4,10.08,89,0
3999.6,10.08,89,0
3999.8,10.09,89,0
4000.0,10.09,89,0
4000.2,10.08,89,0
4000.4,10.08,89,0
4000.6,10.08,89,0
4000.8,10.1,89,0
4001.0,10.09,89,0
4001.2,10.1,89,0
4001.4,10.08,89,0
4001.6,10.08,89,0
4001.8,10.08,89,0
4002.0,10.07,89,0
4002.2,10.08,89,0
4002.4,10.07,89,0
4002.6,10.09,89,0
4002.8,10.09,89,0
4003.0,10.09,89,0
4003.2,10.09,89,0
4003.4,10.08,89,0
4003.6,10.07,89,0
4003.8,10.08,89,0
4004.0,10.06,89,0
4004.2,10.06,89,0
4004.4,10.07,89,0
4004.6,10.08,89,0
4004.8,10.07,89,0
4005.0,10.08,89,0
4005.2,10.07,89,0
4005.4,10.07,89,0
4005.6,10.07,89,0
4005.8,10.06,89,0
4006.0,10.06,89,0
4006.2,10.05,89,0
4006.4,10.06,89,0
4006.6,10.07,89,0
4006.8,10.09,89,0
4007.0,10.08,89,0
4007.2,10.07,89,0
4007.4,10.07,89,0
4007.6,10.06,89,0
4007.8,10.06,89,0
4008.0,10.06,89,0
4008.2,10.05,89,0
4008.4,10.07,89,0
4008.6,10.07,89,0
4008.8,10.07,89,0
4009.0,10.07,89,0
4009.2,10.07,89,0
4009.4,10.07,89,0
4009.6,10.07,89,0
4009.8,10.04,89,0
4010.0,10.06,89,0
4010.2,10.06,89,0
4010.4,10.06,89,0
4010.6,10.07,89,0
4010.8,10.08,89,0
4011.0,10.07,89,0
4011.2,10.05,89,0
4011.4,10.07,89,0
4011.6,10.05,89,0
4011.8,10.05,89,0
4012.0,10.05,89,0
4012.2,10.07,89,0
4012.4,10.07,89,0
4012.6,10.07,89,0
4012.8,10.07,89,0
4013.0,10.06,89,0
4013.2,10.06,89,0
4013.4,10.07,89,0
4013.6,10.06,89,0
4013.8,10.06,89,0
4014.0,10.05,89,0
4014.2,10.07,89,0
4014.4,10.07,89,0
4014.6,10.07,89,0
4014.8,10.07,89,0
4015.0,10.07,89,0
4015.2,10.06,89,0
4015.4,10.06,89,0
4015.6,10.05,89,0
4015.8,10.05,89,0
4016.0,10.05,89,0
4016.2,10.08,89,0
4016.4,10.16,89,0
4016.6,10.22,89,0
4016.8,10.21,89,0
4017.0,10.21,89,0
4017.2,10.21,89,0
4017.4,10.15,89,0
4017.6,10.13,89,0
4017.8,10.09,89,0
4018.0,10.09,89,0
4018.2,10.11,89,0
4018.4,10.1,89,0
4018.6,10.09,89,0
4018.8,10.09,89,0
4019.0,10.09,89,0
4019.2,10.09,89,0
4019.4,10.08,89,0
4019.6,10.08,89,0
4019.8,10.07,89,0
4020.0,10.1,89,0
4020.2,10.1,89,0
4020.4,10.1,89,0
4020.6,10.09,89,0
4020.8,10.09,89,0
4021.0,10.09,89,0
4021.2,10.08,89,0
4021.4,10.08,89,0
4021.6,10.08,89,0
4021.8,10.1,89,0
4022.0,10.1,89,0
4022.2,10.09,89,0
4022.4,10.1,89,0
4022.6,10.09,89,0
4022.8,10.1,89,0
4023.0,10.09,89,0
4023.2,10.08,89,0
4023.4,10.08,89,0
4023.6,10.08,89,0
4023.8,10.1,89,0
4024.0,10.1,89,0
4024.2,10.1,89,0
4024.4,10.1,89,0
4024.6,10.09,89,0
4024.8,10.09,89,0
4025.0,10.08,89,0
4025.2,10.08,89,0
4025.4,10.08,89,0
4025.6,10.09,89,0
4025.8,10.1,89,0
4026.0,10.1,89,0
4026.2,10.1,89,0
4026.4,10.09,89,0
4026.6,10.09,89,0
4026.8,10.09,89,0
4027.0,10.09,89,0
4027.2,10.08,89,0
4027.4,10.08,89,0
4027.6,10.11,89,0
4027.8,10.11,89,0
4028.0,10.1,89,0
4028.2,10.09,89,0
4028.4,10.09,89,0
4028.6,10.1,89,0
4028.8,10.09,89,0
4029.0,10.09,89,0
4029.2,10.08,89,0
4029.4,10.09,89,0
4029.6,10.11,89,0
4029.8,10.11,89,0
4030.0,10.11,89,0
4030.2,10.1,89,0
4030.4,10.09,89,0
4030.6,10.09,89,0
4030.8,10.08,89,0
4031.0,10.08,89,0
4031.2,10.09,89,0
4031.4,10.11,89,0
4031.6,10.1,89,0
4031.8,10.1,89,0
4032.0,10.1,89,0
4032.2,10.09,89,0
4032.4,10.1,89,0
4032.6,10.1,89,0
4032.8,10.09,89,0
4033.0,10.08,89,0
4033.2,10.09,89,0
4033.4,10.1,89,0
4033.6,10.1,89,0
4033.8,10.1,89,0
4034.0,10.09,89,0
4034.2,10.09,89,0
4034.4,10.1,89,0
4034.6,10.08,89,0
4034.8,10.08,89,0
4035.0,10.08,89,0
4035.2,10.08,89,0
4035.4,10.1,89,0
4035.6,10.1,89,0
4035.8,10.1,89,0
4036.0,10.09,89,0
4036.2,10.09,89,0
4036.4,10.1,89,0
4036.6,10.08,89,0
4036.8,10.09,89,0
4037.0,10.08,89,0
4037.2,10.09,89,0
4037.4,10.1,89,0
4037.6,10.1,89,0
4037.8,10.09,89,0
4038.0,10.09,89,0
4038.2,10.1,89,0
4038.4,10.09,89,0
4038.6,10.09,89,0
4038.8,10.1,89,0
4039.0,10.09,89,0
4039.2,10.1,89,0
4039.4,10.1,89,0
4039.6,10.1,89,0
4039.8,10.09,89,0
4040.0,10.09,89,0
4040.2,10.08,89,0
4040.4,10.08,89,0
4040.6,10.09,89,0
4040.8,10.08,89,0
4041.0,10.1,89,0
4041.2,10.1,89,0
4041.4,10.1,89,0
4041.6,10.1,89,0
4041.8,10.09,89,0
4042.0,10.09,89,0
4042.2,10.1,89,0
4042.4,10.08,89,0
4042.6,10.08,89,0
4042.8,10.08,89,0
4043.0,10.1,89,0
4043.2,10.1,89,0
4043.4,10.1,89,0
4043.6,10.09,89,0
4043.8,10.09,89,0
4044.0,10.09,89,0
4044.2,10.08,89,0
4044.4,10.08,89,0
4044.6,10.08,89,0
4044.8,10.08,89,0
4045.0,10.1,89,0
4045.2,10.1,89,0
4045.4,10.1,89,0
4045.6,10.09,89,0
4045.8,10.08,89,0
4046.0,10.08,89,0
4046.2,10.08,89,0
4046.4,10.07,89,0
4046.6,10.08,89,0
4046.8,10.1,89,0
4047.0,10.1,89,0
4047.2,10.09,89,0
4047.4,10.09,89,0
4047.6,10.08,89,0
4047.8,10.09,89,0
4048.0,10.09,89,0
4048.2,10.08,89,0
4048.4,10.08,89,0
4048.6,10.08,89,0
4048.8,10.1,89,0
4049.0,10.09,89,0
4049.2,10.1,89,0
4049.4,10.08,89,0
4049.6,10.08,89,0
4049.8,10.08,89,0
4050.0,10.08,89,0
4050.2,10.07,89,0
4050.4,10.08,89,0
4050.6,10.09,89,0
4050.8,10.09,89,0
4051.0,10.09,89,0
4051.2,10.09,89,0
4051.4,10.08,89,0
4051.6,10.08,89,0
4051.8,10.09,89,0
4052.0,10.08,89,0
4052.2,10.08,89,0
4052.4,10.07,89,0
4052.6,10.09,89,0
4052.8,10.08,89,0
4053.0,10.1,89,0
4053.2,10.09,89,0
4053.4,10.08,89,0
4053.6,10.08,89,0
4053.8,10.07,89,0
4054.0,10.07,89,0
4054.2,10.07,89,0
4054.4,10.07,89,0
4054.6,10.09,89,0
4054.8,10.08,89,0
4055.0,10.09,89,0
4055.2,10.08,89,0
4055.4,10.08,89,0
4055.6,10.08,89,0
4055.8,10.07,89,0
4056.0,10.07,89,0
4056.2,10.07,89,0
4056.4,10.09,89,0
4056.6,10.08,89,0
4056.8,10.08,89,0
4057.0,10.08,89,0
4057.2,10.08,89,0
4057.4,10.07,89,0
4057.6,10.07,89,0
4057.8,10.06,89,0
4058.0,10.07,89,0
4058.2,10.06,89,0
4058.4,10.08,89,0
4058.6,10.09,89,0
4058.8,10.09,89,0
4059.0,10.08,89,0
4059.2,10.08,89,0
4059.4,10.07,89,0
4059.6,10.07,89,0
4059.8,10.07,89,0
4060.0,10.07,89,0
4060.2,10.09,89,0
4060.4,10.08,89,0
4060.6,10.08,89,0
4060.8,10.08,89,0
4061.0,10.08,89,0
4061.2,10.07,89,0
4061.4,10.07,89,0
4061.6,10.07,89,0
4061.8,10.07,89,0
4062.0,10.06,89,0
4062.2,10.08,89,0
4062.4,10.09,89,0
4062.6,10.09,89,0
4062.8,10.08,89,0
4063.0,10.08,89,0
4063.2,10.07,89,0
4063.4,10.06,89,0
4063.6,10.07,89,0
4063.8,10.06,89,0
4064.0,10.07,89,0
4064.2,10.09,89,0
4064.4,10.08,89,0
4064.6,10.08,89,0
4064.8,10.08,89,0
4065.0,10.07,89,0
4065.2,10.07,89,0
4065.4,10.06,89,0
4065.6,10.06,89,0
4065.8,10.07,89,0
4066.0,10.09,89,0
4066.2,10.08,89,0
4066.4,10.08,89,0
4066.6,10.07,89,0
4066.8,10.07,89,0
4067.0,10.07,89,0
4067.2,10.07,89,0
4067.4,10.06,89,0
4067.6,10.07,89,0
4067.8,10.07,89,0
4068.0,10.08,89,0
4068.2,10.08,89,0
4068.4,10.07,89,0
4068.6,10.07,89,0
4068.8,10.07,89,0
4069.0,10.08,89,0
4069.2,10.06,89,0
4069.4,10.06,89,0
4069.6,10.06,89,0
4069.8,10.08,89,0
4070.0,10.07,89,0
4070.2,10.07,89,0
4070.4,10.08,89,0
4070.6,10.07,89,0
4070.8,10.07,89,0
4071.0,10.07,89,0
4071.2,10.06,89,0
4071.4,10.05,89,0
4071.6,10.06,89,0
4071.8,10.08,89,0
4072.0,10.08,89,0
4072.2,10.08,89,0
4072.4,10.07,89,0
4072.6,10.06,89,0
4072.8,10.07,89,0
4073.0,10.06,89,0
4073.2,10.06,89,0
4073.4,10.06,89,0
4073.6,10.05,89,0
4073.8,10.08,89,0
4074.0,10.08,89,0
4074.2,10.07,89,0
4074.4,10.07,89,0
4074.6,10.07,89,0
4074.8,10.07,89,0
4075.0,10.06,89,0
4075.2,10.06,89,0
4075.4,10.06,89,0
4075.6,10.07,89,0
4075.8,10.08,89,0
4076.0,10.08,89,0
4076.2,10.06,89,0
4076.4,10.07,89,0
4076.6,10.07,89,0
4076.8,10.06,89,0
4077.0,10.05,89,0
4077.2,10.05,89,0
4077.4,10.06,89,0
4077.6,10.07,89,0
4077.8,10.08,89,0
4078.0,10.07,89,0
4078.2,10.07,89,0
4078.4,10.07,89,0
4078.6,10.07,89,0
4078.8,10.05,89,0
4079.0,10.06,89,0
4079.2,10.06,89,0
4079.4,10.07,89,0
4079.6,10.07,89,0
4079.8,10.07,89,0
4080.0,10.07,89,0
4080.2,10.07,89,0
4080.4,10.07,89,0
4080.6,10.06,89,0
4080.8,10.04,89,0
4081.0,10.05,89,0
4081.2,10.05,89,0
4081.4,10.07,89,0
4081.6,10.07,89,0
4081.8,10.07,89,0
4082.0,10.06,89,0
4082.2,10.06,89,0
4082.4,10.05,89,0
4082.6,10.05,89,0
4082.8,10.05,89,0
4083.0,10.05,89,0
4083.2,10.15,89,0
4083.4,10.11,89,0
4083.6,10.22,89,0
4083.8,10.21,89,0
4084.0,10.2,89,0
4084.2,10.21,89,0
4084.4,10.21,89,0
4084.6,10.19,89,0
4084.8,10.17,89,0
4085.0,10.19,89,0
4085.2,10.18,89,0
4085.4,10.14,89,0
4085.6,10.13,89,0
4085.8,10.12,89,0
4086.0,10.13,89,0
4086.2,10.12,89,0
4086.4,10.12,89,0
4086.6,10.11,89,0
4086.8,10.11,89,0
4087.0,10.12,89,0
4087.2,10.13,89,0
4087.4,10.13,89,0
4087.6,10.14,89,0
4087.8,10.12,89,0
4088.0,10.12,89,0
4088.2,10.12,89,0
4088.4,10.12,89,0
4088.6,10.12,89,0
4088.8,10.12,89,0
4089.0,10.13,89,0
4089.2,10.13,89,0
4089.4,10.13,89,0
4089.6,10.13,89,0
4089.8,10.12,89,0
4090.0,10.12,89,0
4090.2,10.12,89,0
4090.4,10.12,89,0
4090.6,10.1,89,0
4090.8,10.12,89,0
4091.0,10.13,89,0
4091.2,10.13,89,0
4091.4,10.14,89,0
4091.6,10.12,89,0
4091.8,10.11,89,0
4092.0,10.11,89,0
4092.2,10.11,89,0
4092.4,10.1,89,0
4092.6,10.11,89,0
4092.8,10.1,89,0
4093.0,10.13,89,0
4093.2,10.13,89,0
4093.4,10.13,89,0
4093.6,10.12,89,0
4093.8,10.11,89,0
4094.0,10.11,89,0
4094.2,10.11,89,0
4094.4,10.11,89,0
4094.6,10.1,89,0
4094.8,10.11,89,0
4095.0,10.12,89,0
4095.2,10.13,89,0
4095.4,10.11,89,0
4095.6,10.11,89,0
4095.8,10.11,89,0
4096.0,10.11,89,0
4096.2,10.1,89,0
4096.4,10.11,89,0
4096.6,10.11,89,0
4096.8,10.11,89,0
4097.0,10.12,89,0
4097.2,10.11,89,0
4097.4,10.1,89,0
4097.6,10.11,89,0
4097.8,10.11,89,0
4098.0,10.09,89,0
4098.2,10.11,89,0
4098.4,10.1,89,0
4098.6,10.12,89,0
4098.8,10.12,89,0
4099.0,10.11,89,0
4099.2,10.12,89,0
4099.4,10.11,89,0
4099.6,10.11,89,0
4099.8,10.1,89,0
4100.0,10.09,89,0
4100.2,10.1,89,0
4100.4,10.1,89,0
4100.6,10.11,89,0
4100.8,10.12,89,0
4101.0,10.12,89,0
4101.2,10.11,89,0
4101.4,10.1,89,0
4101.6,10.1,89,0
4101.8,10.09,89,0
4102.0,10.1,89,0
4102.2,10.09,89,0
4102.4,10.1,89,0
4102.6,10.11,89,0
4102.8,10.12,89,0
4103.0,10.12,89,0
4103.2,10.11,89,0
4103.4,10.11,89,0
4103.6,10.11,89,0
4103.8,10.1,89,0
4104.0,10.08,89,0
4104.2,10.08,89,0
4104.4,10.08,89,0
4104.6,10.09,89,0
4104.8,10.09,89,0
4105.0,10.08,89,0
4105.2,10.08,89,0
4105.4,10.08,89,0
4105.6,10.08,89,0
4105.8,10.07,89,0
4106.0,10.06,89,0
4106.2,10.06,89,0
4106.4,10.07,89,0
4106.6,10.06,89,0
4106.8,10.06,89,0
4107.0,10.05,89,0
4107.2,10.05,89,0
4107.4,10.05,89,0
4107.6,10.05,89,0
4107.8,10.03,89,0
4108.0,10.05,89,0
4108.2,10.06,89,0
4108.4,10.06,89,0
4108.6,10.06,89,0
4108.8,10.05,89,0
4109.0,10.04,89,0
4109.2,10.05,89,0
4109.4,10.04,89,0
4109.6,10.04,89,0
4109.8,10.05,89,0
4110.0,10.04,89,0
4110.2,10.06,89,0
4110.4,10.06,89,0
4110.6,10.07,89,0
4110.8,10.05,89,0
4111.0,10.06,89,0
4111.2,10.05,89,0
4111.4,10.04,89,0
4111.6,10.04,89,0
4111.8,10.04,89,0
4112.0,10.04,89,0
4112.2,10.06,89,0
4112.4,10.06,89,0
4112.6,10.06,89,0
4112.8,10.04,89,0
4113.0,10.06,89,0
4113.2,10.07,89,0
4113.4,10.06,89,0
4113.6,10.04,89,0
4113.8,10.05,89,0
4114.0,10.08,89,0
4114.2,10.08,89,0
4114.4,10.07,89,0
4114.6,10.08,89,0
4114.8,10.08,89,0
4115.0,10.09,89,0
4115.2,10.08,89,0
4115.4,10.08,89,0
4115.6,10.1,89,0
4115.8,10.08,89,0
4116.0,10.11,89,0
4116.2,10.11,89,0
4116.4,10.1,89,0
4116.6,10.1,89,0
4116.8,10.1,89,0
4117.0,10.1,89,0
4117.2,10.08,89,0
4117.4,10.09,89,0
4117.6,10.09,89,0
4117.8,10.11,89,0
4118.0,10.11,89,0
4118.2,10.11,89,0
4118.4,10.13,89,0
4118.6,10.11,89,0
4118.8,10.1,89,0
4119.0,10.09,89,0
4119.2,10.09,89,0
4119.4,10.1,89,0
4119.6,10.09,89,0
4119.8,10.1,89,0
4120.0,10.11,89,0
4120.2,10.11,89,0
4120.4,10.1,89,0
4120.6,10.11,89,0
4120.8,10.1,89,0
4121.0,10.09,89,0
4121.2,10.1,89,0
4121.4,10.1,89,0
4121.6,10.1,89,0
4121.8,10.11,89,0
4122.0,10.11,89,0
4122.2,10.12,89,0
4122.4,10.11,89,0
4122.6,10.1,89,0
4122.8,10.09,89,0
4123.0,10.09,89,0
4123.2,10.09,89,0
4123.4,10.09,89,0
4123.6,10.1,89,0
4123.8,10.11,89,0
4124.0,10.11,89,0
4124.2,10.1,89,0
4124.4,10.09,89,0
4124.6,10.09,89,0
4124.8,10.1,89,0
4125.0,10.09,89,0
4125.2,10.09,89,0
4125.4,10.09,89,0
4125.6,10.11,89,0
4125.8,10.1,89,0
4126.0,10.11,89,0
4126.2,10.09,89,0
4126.4,10.09,89,0
4126.6,10.09,89,0
4126.8,10.08,89,0
4127.0,10.1,89,0
4127.2,10.08,89,0
4127.4,10.1,89,0
4127.6,10.11,89,0
4127.8,10.11,89,0
4128.0,10.11,89,0
4128.2,10.09,89,0
4128.4,10.1,89,0
4128.6,10.1,89,0
4128.8,10.09,89,0
4129.0,10.08,89,0
4129.2,10.09,89,0
4129.4,10.1,89,0
4129.6,10.11,89,0
4129.8,10.11,89,0
4130.0,10.09,89,0
4130.2,10.1,89,0
4130.4,10.1,89,0
4130.6,10.09,89,0
4130.8,10.09,89,0
4131.0,10.09,89,0
4131.2,10.09,89,0
4131.4,10.1,89,0
4131.6,10.1,89,0
4131.8,10.11,89,0
4132.0,10.09,89,0
4132.2,10.1,89,0
4132.4,10.09,89,0
4132.6,10.09,89,0
4132.8,10.08,89,0
4133.0,10.09,89,0
4133.2,10.1,89,0
4133.4,10.1,89,0
4133.6,10.1,89,0
4133.8,10.09,89,0
4134.0,10.09,89,0
4134.2,10.09,89,0
4134.4,10.09,89,0
4134.6,10.08,89,0
4134.8,10.09,89,0
4135.0,10.08,89,0
4135.2,10.11,89,0
4135.4,10.1,89,0
4135.6,10.1,89,0
4135.8,10.09,89,0
4136.0,10.08,89,0
4136.2,10.08,89,0
4136.4,10.07,89,0
4136.6,10.06,89,0
4136.8,10.08,89,0
4137.0,10.09,89,0
4137.2,10.08,89,0
4137.4,10.09,89,0
4137.6,10.09,89,0
4137.8,10.08,89,0
4138.0,10.08,89,0
4138.2,10.08,89,0
4138.4,10.07,89,0
4138.6,10.07,89,0
4138.8,10.07,89,0
4139.0,10.09,89,0
4139.2,10.09,89,0
4139.4,10.09,89,0
4139.6,10.07,89,0
4139.8,10.08,89,0
4140.0,10.07,89,0
4140.2,10.07,89,0
4140.4,10.07,89,0
4140.6,10.07,89,0
4140.8,10.07,89,0
4141.0,10.07,89,0
4141.2,10.08,89,0
4141.4,10.08,89,0
4141.6,10.07,89,0
4141.8,10.06,89,0
4142.0,10.07,89,0
4142.2,10.05,89,0
4142.4,10.06,89,0
4142.6,10.06,89,0
4142.8,10.07,89,0
4143.0,10.08,89,0
4143.2,10.08,89,0
4143.4,10.07,89,0
4143.6,10.07,89,0
4143.8,10.06,89,0
4144.0,10.07,89,0
4144.2,10.06,89,0
4144.4,10.06,89,0
4144.6,10.06,89,0
4144.8,10.07,89,0
4145.0,10.07,89,0
4145.2,10.08,89,0
4145.4,10.06,89,0
4145.6,10.07,89,0
4145.8,10.06,89,0
4146.0,10.06,89,0
4146.2,10.05,89,0
4146.4,10.06,89,0
4146.6,10.06,89,0
4146.8,10.07,89,0
4147.0,10.08,89,0
4147.2,10.07,89,0
4147.4,10.06,89,0
4147.6,10.06,89,0
4147.8,10.06,89,0
4148.0,10.05,89,0
4148.2,10.06,89,0
4148.4,10.05,89,0
4148.6,10.07,89,0
4148.8,10.07,89,0
4149.0,10.07,89,0
4149.2,10.07,89,0
4149.4,10.07,89,0
4149.6,10.06,89,0
4149.8,10.05,89,0
4150.0,10.06,89,0
4150.2,10.05,89,0
4150.4,10.06,89,0
4150.6,10.06,89,0
4150.8,10.07,89,0
4151.0,10.08,89,0
4151.2,10.06,89,0
4151.4,10.07,89,0
4151.6,10.06,89,0
4151.8,10.06,89,0
4152.0,10.05,89,0
4152.2,10.06,89,0
4152.4,10.08,89,0
4152.6,10.06,89,0
4152.8,10.07,89,0
4153.0,10.06,89,0
4153.2,10.07,89,0
4153.4,10.07,89,0
4153.6,10.06,89,0
4153.8,10.06,89,0
4154.0,10.06,89,0
4154.2,10.05,89,0
4154.4,10.06,89,0
4154.6,10.07,89,0
4154.8,10.08,89,0
4155.0,10.06,89,0
4155.2,10.07,89,0
4155.4,10.06,89,0
4155.6,10.06,89,0
4155.8,10.06,89,0
4156.0,10.06,89,0
4156.2,10.08,89,0
4156.4,10.08,89,0
4156.6,10.08,89,0
4156.8,10.07,89,0
4157.0,10.07,89,0
4157.2,10.08,89,0
4157.4,10.07,89,0
4157.6,10.07,89,0
4157.8,10.07,89,0
4158.0,10.05,89,0
4158.2,10.06,89,0
4158.4,10.07,89,0
4158.6,10.07,89,0
4158.8,10.05,89,0
4159.0,10.06,89,0
4159.2,10.06,89,0
4159.4,10.05,89,0
4159.6,10.06,89,0
4159.8,10.07,89,0
4160.0,10.05,89,0
4160.2,10.07,89,0
4160.4,10.08,89,0
4160.6,10.07,89,0
4160.8,10.06,89,0
4161.0,10.07,89,0
4161.2,10.07,89,0
4161.4,10.05,89,0
4161.6,10.06,89,0
4161.8,10.05,89,0
4162.0,10.07,89,0
4162.2,10.08,89,0
4162.4,10.07,89,0
4162.6,10.07,89,0
4162.8,10.06,89,0
4163.0,10.06,89,0
4163.2,10.06,89,0
4163.4,10.05,89,0
4163.6,10.06,89,0
4163.8,10.05,89,0
4164.0,10.07,89,0
4164.2,10.07,89,0
4164.4,10.07,89,0
4164.6,10.07,89,0
4164.8,10.06,89,0
4165.0,10.06,89,0
4165.2,10.05,89,0
4165.4,10.06,89,0
4165.6,10.05,89,0
4165.8,10.07,89,0
4166.0,10.07,89,0
4166.2,10.07,89,0
4166.4,10.08,89,0
4166.6,10.06,89,0
4166.8,10.06,89,0
4167.0,10.06,89,0
4167.2,10.05,89,0
4167.4,10.05,89,0
4167.6,10.06,89,0
4167.8,10.07,89,0
4168.0,10.07,89,0
4168.2,10.07,89,0
4168.4,10.07,89,0
4168.6,10.06,89,0
4168.8,10.06,89,0
4169.0,10.06,89,0
4169.2,10.05,89,0
4169.4,10.05,89,0
4169.6,10.05,89,0
4169.8,10.06,89,0
4170.0,10.07,89,0
4170.2,10.08,89,0
4170.4,10.07,89,0
4170.6,10.06,89,0
4170.8,10.07,89,0
4171.0,10.06,89,0
4171.2,10.06,89,0
4171.4,10.05,89,0
4171.6,10.07,89,0
4171.8,10.06,89,0
4172.0,10.08,89,0
4172.2,10.07,89,0
4172.4,10.06,89,0
4172.6,10.07,89,0
4172.8,10.07,89,0
4173.0,10.06,89,0
4173.2,10.05,89,0
4173.4,10.06,89,0
4173.6,10.08,89,0
4173.8,10.08,89,0
4174.0,10.07,89,0
4174.2,10.07,89,0
4174.4,10.07,89,0
4174.6,10.06,89,0
4174.8,10.05,89,0
4175.0,10.05,89,0
4175.2,10.06,89,0
4175.4,10.07,89,0
4175.6,10.07,89,0
4175.8,10.07,89,0
4176.0,10.07,89,0
4176.2,10.07,89,0
4176.4,10.06,89,0
4176.6,10.07,89,0
4176.8,10.05,89,0
4177.0,10.05,89,0
4177.2,10.06,89,0
4177.4,10.08,89,0
4177.6,10.07,89,0
4177.8,10.07,89,0
4178.0,10.06,89,0
4178.2,10.06,89,0
4178.4,10.07,89,0
4178.6,10.06,89,0
4178.8,10.05,89,0
4179.0,10.06,89,0
4179.2,10.06,89,0
4179.4,10.07,89,0
4179.6,10.07,89,0
4179.8,10.07,89,0
4180.0,10.06,89,0
4180.2,10.07,89,0
4180.4,10.06,89,0
4180.6,10.06,89,0
4180.8,10.06,89,0
4181.0,10.05,89,0
4181.2,10.07,89,0
4181.4,10.07,89,0
4181.6,10.08,89,0
4181.8,10.06,89,0
4182.0,10.07,89,0
4182.2,10.07,89,0
4182.4,10.06,89,0
4182.6,10.06,89,0
4182.8,10.06,89,0
4183.0,10.06,89,0
4183.2,10.07,89,0
4183.4,10.07,89,0
4183.6,10.08,89,0
4183.8,10.07,89,0
4184.0,10.07,89,0
4184.2,10.07,89,0
4184.4,10.05,89,0
4184.6,10.06,89,0
4184.8,10.05,89,0
4185.0,10.07,89,0
4185.2,10.08,89,0
4185.4,10.07,89,0
4185.6,10.07,89,0
4185.8,10.06,89,0
4186.0,10.06,89,0
4186.2,10.07,89,0
4186.4,10.06,89,0
4186.6,10.05,89,0
4186.8,10.06,89,0
4187.0,10.07,89,0
4187.2,10.08,89,0
4187.4,10.08,89,0
4187.6,10.05,89,0
4187.8,10.05,89,0
4188.0,10.06,89,0
4188.2,10.05,89,0
4188.4,10.05,89,0
4188.6,10.05,89,0
4188.8,10.05,89,0
4189.0,10.06,89,0
4189.2,10.06,89,0
4189.4,10.07,89,0
4189.6,10.06,89,0
4189.8,10.06,89,0
4190.0,10.06,89,0
4190.2,10.05,89,0
4190.4,10.05,89,0
4190.6,10.04,89,0
4190.8,10.07,89,0
4191.0,10.06,89,0
4191.2,10.06,89,0
4191.4,10.05,89,0
4191.6,10.06,89,0
4191.8,10.06,89,0
4192.0,10.05,89,0
4192.2,10.05,89,0
4192.4,10.05,89,0
4192.6,10.05,89,0
4192.8,10.07,89,0
4193.0,10.06,89,0
4193.2,10.07,89,0
4193.4,10.05,89,0
4193.6,10.06,89,0
4193.8,10.05,89,0
4194.0,10.05,89,0
4194.2,10.04,89,0
4194.4,10.05,89,0
4194.6,10.06,89,0
4194.8,10.06,89,0
4195.0,10.06,89,0
4195.2,10.06,89,0
4195.4,10.05,89,0
4195.6,10.06,89,0
4195.8,10.05,89,0
4196.0,10.05,89,0
4196.2,10.05,89,0
4196.4,10.05,89,0
4196.6,10.06,89,0
4196.8,10.06,89,0
4197.0,10.06,89,0
4197.2,10.05,89,0
4197.4,10.05,89,0
4197.6,10.06,89,0
4197.8,10.05,89,0
4198.0,10.04,89,0
4198.2,10.05,89,0
4198.4,10.04,89,0
4198.6,10.06,89,0
4198.8,10.06,89,0
4199.0,10.06,89,0
4199.2,10.05,89,0
4199.4,10.05,89,0
4199.6,10.05,89,0
4199.8,10.04,89,0
4200.0,10.04,89,0
4200.2,10.05,89,0
4200.4,10.06,89,0
4200.6,10.06,89,0
4200.8,10.06,89,0
4201.0,10.05,89,0
4201.2,10.05,89,0
4201.4,10.05,89,0
4201.6,10.05,89,0
4201.8,10.04,89,0
4202.0,10.05,89,0
4202.2,10.04,89,0
4202.4,10.06,89,0
4202.6,10.06,89,0
4202.8,10.07,89,0
4203.0,10.05,89,0
4203.2,10.05,89,0
4203.4,10.05,89,0
4203.6,10.04,89,0
4203.8,10.04,89,0
4204.0,10.04,89,0
4204.2,10.07,89,0
4204.4,10.06,89,0
4204.6,10.06,89,0
4204.8,10.05,89,0
4205.0,10.06,89,0
4205.2,10.05,89,0
4205.4,10.06,89,0
4205.6,10.05,89,0
4205.8,10.06,89,0
4206.0,10.04,89,0
4206.2,10.06,89,0
4206.4,10.06,89,0
4206.6,10.06,89,0
4206.8,10.05,89,0
4207.0,10.05,89,0
4207.2,10.05,89,0
4207.4,10.04,89,0
4207.6,10.04,89,0
4207.8,10.04,89,0
4208.0,10.05,89,0
4208.2,10.06,89,0
4208.4,10.06,89,0
4208.6,10.05,89,0
4208.8,10.05,89,0
4209.0,10.05,89,0
4209.2,10.05,89,0
4209.4,10.04,89,0
4209.6,10.04,89,0
4209.8,10.04,89,0
4210.0,10.05,89,0
4210.2,10.06,89,0
4210.4,10.06,89,0
4210.6,10.05,89,0
4210.8,10.05,89,0
4211.0,10.05,89,0
4211.2,10.04,89,0
4211.4,10.05,89,0
4211.6,10.03,89,0
4211.8,10.04,89,0
4212.0,10.06,89,0
4212.2,10.06,89,0
4212.4,10.06,89,0
4212.6,10.05,89,0
4212.8,10.04,89,0
4213.0,10.05,89,0
4213.2,10.05,89,0
4213.4,10.03,89,0
4213.6,10.04,89,0
4213.8,10.06,89,0
4214.0,10.06,89,0
4214.2,10.06,89,0
4214.4,10.06,89,0
4214.6,10.05,89,0
4214.8,10.05,89,0
4215.0,10.05,89,0
4215.2,10.04,89,0
4215.4,10.04,89,0
4215.6,10.05,89,0
4215.8,10.06,89,0
4216.0,10.05,89,0
4216.2,10.06,89,0
4216.4,10.04,89,0
4216.6,10.05,89,0
4216.8,10.05,89,0
4217.0,10.03,89,0
4217.2,10.04,89,0
4217.4,10.04,89,0
4217.6,10.04,89,0
4217.8,10.06,89,0
4218.0,10.06,89,0
4218.2,10.05,89,0
4218.4,10.05,89,0
4218.6,10.05,89,0
4218.8,10.05,89,0
4219.0,10.03,89,0
4219.2,10.05,89,0
4219.4,10.04,89,0
4219.6,10.05,89,0
4219.8,10.1,89,0
4220.0,10.1,89,0
4220.2,10.08,89,0
4220.4,10.09,89,0
4220.6,10.09,89,0
4220.8,10.08,89,0
4221.0,10.08,89,0
4221.2,10.08,89,0
4221.4,10.08,89,0
4221.6,10.1,89,0
4221.8,10.09,89,0
4222.0,10.09,89,0
4222.2,10.08,89,0
4222.4,10.09,89,0
4222.6,10.08,89,0
4222.8,10.07,89,0
4223.0,10.08,89,0
4223.2,10.07,89,0
4223.4,10.09,89,0
4223.6,10.09,89,0
4223.8,10.09,89,0
4224.0,10.09,89,0
4224.2,10.08,89,0
4224.4,10.09,89,0
4224.6,10.08,89,0
4224.8,10.08,89,0
4225.0,10.08,89,0
4225.2,10.07,89,0
4225.4,10.09,89,0
4225.6,10.09,89,0
4225.8,10.1,89,0
4226.0,10.09,89,0
4226.2,10.09,89,0
4226.4,10.09,89,0
4226.6,10.07,89,0
4226.8,10.08,89,0
4227.0,10.07,89,0
4227.2,10.08,89,0
4227.4,10.1,89,0
4227.6,10.09,89,0
4227.8,10.1,89,0
4228.0,10.09,89,0
4228.2,10.08,89,0
4228.4,10.08,89,0
4228.6,10.08,89,0
4228.8,10.08,89,0
4229.0,10.07,89,0
4229.2,10.09,89,0
4229.4,10.09,89,0
4229.6,10.09,89,0
4229.8,10.08,89,0
4230.0,10.09,89,0
4230.2,10.08,89,0
4230.4,10.09,89,0
4230.6,10.08,89,0
4230.8,10.08,89,0
4231.0,10.08,89,0
4231.2,10.1,89,0
4231.4,10.1,89,0
4231.6,10.09,89,0
4231.8,10.09,89,0
4232.0,10.09,89,0
4232.2,10.08,89,0
4232.4,10.09,89,0
4232.6,10.08,89,0
4232.8,10.08,89,0
4233.0,10.09,89,0
4233.2,10.09,89,0
4233.4,10.09,89,0
4233.6,10.09,89,0
4233.8,10.09,89,0
4234.0,10.09,89,0
4234.2,10.09,89,0
4234.4,10.08,89,0
4234.6,10.07,89,0
4234.8,10.08,89,0
4235.0,10.1,89,0
4235.2,10.09,89,0
4235.4,10.09,89,0
4235.6,10.09,89,0
4235.8,10.09,89,0
4236.0,10.09,89,0
4236.2,10.08,89,0
4236.4,10.07,89,0
4236.6,10.08,89,0
4236.8,10.07,89,0
4237.0,10.1,89,0
4237.2,10.1,89,0
4237.4,10.1,89,0
4237.6,10.09,89,0
4237.8,10.08,89,0
4238.0,10.08,89,0
4238.2,10.08,89,0
4238.4,10.03,89,0
4238.6,10.02,89,0
4238.8,10.04,89,0
4239.0,10.03,89,0
4239.2,10.04,89,0
4239.4,10.03,89,0
4239.6,10.02,89,0
4239.8,10.03,89,0
4240.0,10.03,89,0
4240.2,10.01,89,0
4240.4,10.02,89,0
4240.6,10.01,89,0
4240.8,10.04,89,0
4241.0,10.03,89,0
4241.2,10.04,89,0
4241.4,10.03,89,0
4241.6,10.02,89,0
4241.8,10.03,89,0
4242.0,10.01,89,0
4242.2,10.01,89,0
4242.4,10.02,89,0
4242.6,10.04,89,0
4242.8,10.03,89,0
4243.0,10.03,89,0
4243.2,10.03,89,0
4243.4,10.03,89,0
4243.6,10.03,89,0
4243.8,10.03,89,0
4244.0,10.02,89,0
4244.2,10.02,89,0
4244.4,10.02,89,0
4244.6,10.03,89,0
4244.8,10.03,89,0
4245.0,10.03,89,0
4245.2,10.03,89,0
4245.4,10.02,89,0
4245.6,10.03,89,0
4245.8,10.01,89,0
4246.0,10.02,89,0
4246.2,10.01,89,0
4246.4,10.02,89,0
4246.6,10.03,89,0
4246.8,10.03,89,0
4247.0,10.03,89,0
4247.2,10.03,89,0
4247.4,10.03,89,0
4247.6,10.02,89,0
4247.8,10.02,89,0
4248.0,10.02,89,0
4248.2,10.02,89,0
4248.4,10.03,89,0
4248.6,10.04,89,0
4248.8,10.03,89,0
4249.0,10.03,89,0
4249.2,10.02,89,0
4249.4,10.02,89,0
4249.6,10.03,89,0
4249.8,10.02,89,0
4250.0,10.01,89,0
4250.2,10.02,89,0
4250.4,10.03,89,0
4250.6,10.04,89,0
4250.8,10.03,89,0
4251.0,10.03,89,0
4251.2,10.03,89,0
4251.4,10.03,89,0
4251.6,10.02,89,0
4251.8,10.02,89,0
4252.0,10.02,89,0
4252.2,10.03,89,0
4252.4,10.03,89,0
4252.6,10.04,89,0
4252.8,10.04,89,0
4253.0,10.03,89,0
4253.2,10.03,89,0
4253.4,10.03,89,0
4253.6,10.03,89,0
4253.8,10.02,89,0
4254.0,10.03,89,0
4254.2,10.04,89,0
4254.4,10.05,89,0
4254.6,10.05,89,0
4254.8,10.05,89,0
4255.0,10.04,89,0
4255.2,10.04,89,0
4255.4,10.03,89,0
4255.6,10.04,89,0
4255.8,10.04,89,0
4256.0,10.03,89,0
4256.2,10.06,89,0
4256.4,10.06,89,0
4256.6,10.05,89,0
4256.8,10.04,89,0
4257.0,10.05,89,0
4257.2,10.05,89,0
4257.4,10.05,89,0
4257.6,10.04,89,0
4257.8,10.05,89,0
4258.0,10.05,89,0
4258.2,10.06,89,0
4258.4,10.05,89,0
4258.6,10.04,89,0
4258.8,10.05,89,0
4259.0,10.05,89,0
4259.2,10.04,89,0
4259.4,10.03,89,0
4259.6,10.03,89,0
4259.8,10.04,89,0
4260.0,10.05,89,0
4260.2,10.07,89,0
4260.4,10.05,89,0
4260.6,10.05,89,0
4260.8,10.03,89,0
4261.0,10.05,89,0
4261.2,10.04,89,0
4261.4,10.04,89,0
4261.6,10.04,89,0
4261.8,10.07,89,0
4262.0,10.06,89,0
4262.2,10.06,89,0
4262.4,10.05,89,0
4262.6,10.05,89,0
4262.8,10.04,89,0
4263.0,10.04,89,0
4263.2,10.04,89,0
4263.4,10.04,89,0
4263.6,10.04,89,0
4263.8,10.05,89,0
4264.0,10.05,89,0
4264.2,10.05,89,0
4264.4,10.05,89,0
4264.6,10.04,89,0
4264.8,10.04,89,0
4265.0,10.02,89,0
4265.2,10.04,89,0
4265.4,10.03,89,0
4265.6,10.04,89,0
4265.8,10.05,89,0
4266.0,10.05,89,0
4266.2,10.05,89,0
4266.4,10.03,89,0
4266.6,10.04,89,0
4266.8,10.03,89,0
4267.0,10.03,89,0
4267.2,10.04,89,0
4267.4,10.02,89,0
4267.6,10.04,89,0
4267.8,10.05,89,0
4268.0,10.03,89,0
4268.2,10.04,89,0
4268.4,10.04,89,0
4268.6,10.03,89,0
4268.8,10.04,89,0
4269.0,10.04,89,0
4269.2,10.03,89,0
4269.4,10.03,89,0
4269.6,10.04,89,0
4269.8,10.04,89,0
4270.0,10.04,89,0
4270.2,10.03,89,0
4270.4,10.03,89,0
4270.6,10.03,89,0
4270.8,10.03,89,0
4271.0,10.02,89,0
4271.2,10.02,89,0
4271.4,10.05,89,0
4271.6,10.06,89,0
4271.8,10.05,89,0
4272.0,10.05,89,0
4272.2,10.04,89,0
4272.4,10.03,89,0
4272.6,10.03,89,0
4272.8,10.02,89,0
4273.0,10.02,89,0
4273.2,10.02,89,0
4273.4,10.05,89,0
4273.6,10.04,89,0
4273.8,10.05,89,0
4274.0,10.04,89,0
4274.2,10.03,89,0
4274.4,10.03,89,0
4274.6,10.04,89,0
4274.8,10.02,89,0
4275.0,10.02,89,0
4275.2,10.03,89,0
4275.4,10.05,89,0
4275.6,10.04,89,0
4275.8,10.05,89,0
4276.0,10.04,89,0
4276.2,10.02,89,0
4276.4,10.03,89,0
4276.6,10.03,89,0
4276.8,10.02,89,0
4277.0,10.03,89,0
4277.2,10.04,89,0
4277.4,10.04,89,0
4277.6,10.04,89,0
4277.8,10.02,89,0
4278.0,10.03,89,0
4278.2,10.03,89,0
4278.4,10.03,89,0
4278.6,10.02,89,0
4278.8,10.02,89,0
4279.0,10.01,89,0
4279.2,10.03,89,0
4279.4,10.04,89,0
4279.6,10.04,89,0
4279.8,10.03,89,0
4280.0,10.02,89,0
4280.2,10.02,89,0
4280.4,10.01,89,0
4280.6,10.01,89,0
4280.8,10.02,89,0
4281.0,10.04,89,0
4281.2,10.03,89,0
4281.4,10.03,89,0
4281.6,10.04,89,0
4281.8,10.02,89,0
4282.0,10.02,89,0
4282.2,10.01,89,0
4282.4,10.01,89,0
4282.6,10.02,89,0
4282.8,10.01,89,0
4283.0,10.02,89,0
4283.2,10.03,89,0
4283.4,10.03,89,0
4283.6,10.02,89,0
4283.8,10.02,89,0
4284.0,10.01,89,0
4284.2,10.01,89,0
4284.4,10.01,89,0
4284.6,10.0,89,0
4284.8,10.01,89,0
4285.0,10.02,89,0
4285.2,10.02,89,0
4285.4,10.03,89,0
4285.6,10.03,89,0
4285.8,10.01,89,0
4286.0,10.01,89,0
4286.2,10.01,89,0
4286.4,10.0,89,0
4286.6,10.01,89,0
4286.8,10.02,89,0
4287.0,10.02,89,0
4287.2,10.03,89,0
4287.4,10.02,89,0
4287.6,10.02,89,0
4287.8,10.01,89,0
4288.0,10.0,89,0
4288.2,10.0,89,0
4288.4,10.01,89,0
4288.6,10.01,89,0
4288.8,10.02,89,0
4289.0,10.02,89,0
4289.2,10.02,89,0
4289.4,10.02,89,0
4289.6,10.01,89,0
4289.8,10.01,89,0
4290.0,10.0,89,0
4290.2,10.01,89,0
4290.4,10.0,89,0
4290.6,10.01,89,0
4290.8,10.02,89,0
4291.0,10.02,89,0
4291.2,10.02,89,0
4291.4,10.01,89,0
4291.6,10.01,89,0
4291.8,10.01,89,0
4292.0,10.01,89,0
4292.2,10.01,89,0
4292.4,10.01,89,0
4292.6,10.03,89,0
4292.8,10.01,89,0
4293.0,10.02,89,0
4293.2,10.0,89,0
4293.4,10.0,89,0
4293.6,10.0,89,0
4293.8,9.99,89,0
4294.0,10.01,89,0
4294.2,10.0,89,0
4294.4,9.99,89,0
4294.6,10.02,89,0
4294.8,10.01,89,0
4295.0,10.01,89,0
4295.2,10.01,89,0
4295.4,10.0,89,0
4295.6,10.0,89,0
4295.8,10.01,89,0
4296.0,9.99,89,0
4296.2,10.0,89,0
4296.4,10.02,89,0
4296.6,10.0,89,0
4296.8,10.0,89,0
4297.0,10.0,89,0
4297.2,10.01,89,0
4297.4,10.0,89,0
4297.6,10.0,89,0
4297.8,9.99,89,0
4298.0,10.0,89,0
4298.2,9.99,89,0
4298.4,10.0,89,0
4298.6,10.02,89,0
4298.8,10.01,89,0
4299.0,10.0,89,0
4299.2,9.99,89,0
4299.4,10.01,89,0
4299.6,10.0,89,0
4299.8,9.99,89,0
4300.0,10.01,89,0
4300.2,10.02,89,0
4300.4,10.0,89,0
4300.6,10.01,89,0
4300.8,10.0,89,0
4301.0,9.99,89,0
4301.2,10.0,89,0
4301.4,9.99,89,0
4301.6,9.98,89,0
4301.8,9.99,89,0
4302.0,9.99,89,0
4302.2,10.0,89,0
4302.4,10.01,89,0
4302.6,10.01,89,0
4302.8,10.0,89,0
4303.0,10.0,89,0
4303.2,9.98,89,0
4303.4,9.99,89,0
4303.6,9.98,89,0
4303.8,10.0,89,0
4304.0,9.99,89,0
4304.2,10.0,89,0
4304.4,10.01,89,0
4304.6,10.0,89,0
4304.8,9.99,89,0
4305.0,9.99,89,0
4305.2,9.99,89,0
4305.4,9.98,89,0
4305.6,9.99,89,0
4305.8,9.98,89,0
4306.0,10.0,89,0
4306.2,10.0,89,0
4306.4,10.01,89,0
4306.6,10.0,89,0
4306.8,9.99,89,0
4307.0,10.0,89,0
4307.2,10.0,89,0
4307.4,9.98,89,0
4307.6,9.98,89,0
4307.8,9.99,89,0
4308.0,10.0,89,0
4308.2,10.01,89,0
4308.4,9.99,89,0
4308.6,9.98,89,0
4308.8,9.99,89,0
4309.0,9.99,89,0
4309.2,9.97,89,0
4309.4,9.98,89,0
4309.6,9.98,89,0
4309.8,10.0,89,0
4310.0,10.0,89,0
4310.2,10.0,89,0
4310.4,10.0,89,0
4310.6,9.99,89,0
4310.8,9.99,89,0
4311.0,9.99,89,0
4311.2,9.98,89,0
4311.4,9.98,89,0
4311.6,9.98,89,0
4311.8,10.0,89,0
4312.0,9.99,89,0
4312.2,10.0,89,0
4312.4,9.99,89,0
4312.6,9.99,89,0
4312.8,9.99,89,0
4313.0,9.98,89,0
4313.2,9.98,89,0
4313.4,9.98,89,0
4313.6,9.99,89,0
4313.8,10.0,89,0
4314.0,9.99,89,0
4314.2,9.99,89,0
4314.4,9.99,89,0
4314.6,9.99,89,0
4314.8,9.99,89,0
4315.0,9.98,89,0
4315.2,9.97,89,0
4315.4,9.98,89,0
4315.6,9.99,89,0
4315.8,9.99,89,0
4316.0,10.0,89,0
4316.2,9.98,89,0
4316.4,9.99,89,0
4316.6,9.98,89,0
4316.8,9.99,89,0
4317.0,9.98,89,0
4317.2,9.97,89,0
4317.4,9.99,89,0
4317.6,9.99,89,0
4317.8,10.0,89,0
4318.0,10.01,89,0
4318.2,9.99,89,0
4318.4,10.0,89,0
4318.6,9.98,89,0
4318.8,9.99,89,0
4319.0,9.98,89,0
4319.2,9.98,89,0
4319.4,9.99,89,0
4319.6,9.98,89,0
4319.8,10.01,89,0
4320.0,10.0,89,0
4320.2,9.99,89,0
4320.4,9.98,89,0
4320.6,9.99,89,0
4320.8,9.97,89,0
4321.0,9.98,89,0
4321.2,9.98,89,0
4321.4,10.0,89,0
4321.6,10.0,89,0
4321.8,9.99,89,0
4322.0,9.99,89,0
4322.2,9.99,89,0
4322.4,9.99,89,0
4322.6,9.98,89,0
4322.8,9.98,89,0
4323.0,9.99,89,0
4323.2,9.97,89,0
4323.4,10.0,89,0
4323.6,10.01,89,0
4323.8,9.99,89,0
4324.0,9.99,89,0
4324.2,10.0,89,0
4324.4,9.99,89,0
4324.6,9.98,89,0
4324.8,9.99,89,0
4325.0,9.98,89,0
4325.2,10.0,89,0
4325.4,9.99,89,0
4325.6,10.0,89,0
4325.8,9.99,89,0
4326.0,9.99,89,0
4326.2,9.99,89,0
4326.4,9.99,89,0
4326.6,9.99,89,0
4326.8,9.98,89,0
4327.0,9.99,89,0
4327.2,10.01,89,0
4327.4,10.0,89,0
4327.6,10.0,89,0
4327.8,9.99,89,0
4328.0,9.99,89,0
4328.2,9.99,89,0
4328.4,9.98,89,0
4328.6,9.99,89,0
4328.8,9.98,89,0
4329.0,10.0,89,0
4329.2,10.0,89,0
4329.4,9.99,89,0
4329.6,10.01,89,0
4329.8,10.0,89,0
4330.0,9.98,89,0
4330.2,9.99,89,0
4330.4,9.98,89,0
4330.6,9.98,89,0
4330.8,9.98,89,0
4331.0,10.0,89,0
4331.2,10.01,89,0
4331.4,10.0,89,0
4331.6,10.0,89,0
4331.8,9.99,89,0
4332.0,10.0,89,0
4332.2,9.98,89,0
4332.4,9.98,89,0
4332.6,9.98,89,0
4332.8,9.98,89,0
4333.0,10.01,89,0
4333.2,10.0,89,0
4333.4,10.0,89,0
4333.6,9.99,89,0
4333.8,9.99,89,0
4334.0,10.0,89,0
4334.2,9.99,89,0
4334.4,9.98,89,0
4334.6,9.98,89,0
4334.8,10.01,89,0
4335.0,10.0,89,0
4335.2,10.01,89,0
4335.4,9.99,89,0
4335.6,9.99,89,0
4335.8,9.99,89,0
4336.0,10.0,89,0
4336.2,9.98,89,0
4336.4,9.99,89,0
4336.6,9.98,89,0
4336.8,10.0,89,0
4337.0,10.0,89,0
4337.2,10.0,89,0
4337.4,9.99,89,0
4337.6,9.99,89,0
4337.8,9.99,89,0
4338.0,9.99,89,0
4338.2,9.99,89,0
4338.4,9.98,89,0
4338.6,10.0,89,0
4338.8,10.0,89,0
4339.0,10.01,89,0
4339.2,10.0,89,0
4339.4,10.0,89,0
4339.6,9.99,89,0
4339.8,10.0,89,0
4340.0,9.98,89,0
4340.2,9.99,89,0
4340.4,9.98,89,0
4340.6,10.0,89,0
4340.8,10.0,89,0
4341.0,10.0,89,0
4341.2,10.0,89,0
4341.4,9.99,89,0
4341.6,10.0,89,0
4341.8,9.99,89,0
4342.0,9.99,89,0
4342.2,9.98,89,0
4342.4,9.98,89,0
4342.6,10.01,89,0
4342.8,10.01,89,0
4343.0,10.0,89,0
4343.2,9.99,89,0
4343.4,9.99,89,0
4343.6,9.99,89,0
4343.8,9.98,89,0
4344.0,9.98,89,0
4344.2,9.99,89,0
4344.4,10.01,89,0
4344.6,10.0,89,0
4344.8,10.0,89,0
4345.0,9.99,89,0
4345.2,9.99,89,0
4345.4,9.99,89,0
4345.6,10.0,89,0
4345.8,9.99,89,0
4346.0,9.98,89,0
4346.2,9.98,89,0
4346.4,10.0,89,0
4346.6,10.01,89,0
4346.8,10.0,89,0
4347.0,9.99,89,0
4347.2,9.99,89,0
4347.4,9.99,89,0
4347.6,9.98,89,0
4347.8,9.99,89,0
4348.0,9.98,89,0
4348.2,10.0,89,0
4348.4,10.0,89,0
4348.6,10.0,89,0
4348.8,10.0,89,0
4349.0,9.99,89,0
4349.2,9.99,89,0
4349.4,9.99,89,0
4349.6,9.99,89,0
4349.8,9.99,89,0
4350.0,9.99,89,0
4350.2,10.01,89,0
4350.4,10.0,89,0
4350.6,10.0,89,0
4350.8,9.99,89,0
4351.0,9.99,89,0
4351.2,10.0,89,0
4351.4,9.99,89,0
4351.6,9.98,89,0
4351.8,9.98,89,0
4352.0,9.99,89,0
4352.2,10.01,89,0
4352.4,9.99,89,0
4352.6,10.01,89,0
4352.8,9.98,89,0
4353.0,9.99,89,0
4353.2,9.98,89,0
4353.4,9.99,89,0
4353.6,9.97,89,0
4353.8,9.98,89,0
4354.0,10.01,89,0
4354.2,9.99,89,0
4354.4,10.0,89,0
4354.6,9.99,89,0
4354.8,9.99,89,0
4355.0,10.0,89,0
4355.2,10.0,89,0
4355.4,9.99,89,0
4355.6,9.99,89,0
4355.8,9.99,89,0
4356.0,10.01,89,0
4356.2,10.0,89,0
4356.4,10.0,89,0
4356.6,9.99,89,0
4356.8,10.01,89,0
4357.0,10.0,89,0
4357.2,9.99,89,0
4357.4,9.99,89,0
4357.6,9.99,89,0
4357.8,10.0,89,0
4358.0,10.0,89,0
4358.2,10.01,89,0
4358.4,10.0,89,0
4358.6,10.0,89,0
4358.8,10.0,89,0
4359.0,10.0,89,0
4359.2,9.98,89,0
4359.4,9.99,89,0
4359.6,9.99,89,0
4359.8,10.02,89,0
4360.0,9.99,89,0
4360.2,10.0,89,0
4360.4,9.99,89,0
4360.6,10.0,89,0
4360.8,9.99,89,0
4361.0,10.0,89,0
4361.2,9.99,89,0
4361.4,9.99,89,0
4361.6,9.98,89,0
4361.8,10.01,89,0
4362.0,10.01,89,0
4362.2,10.0,89,0
4362.4,9.99,89,0
4362.6,10.0,89,0
4362.8,9.99,89,0
4363.0,9.98,89,0
4363.2,9.99,89,0
4363.4,9.99,89,0
4363.6,10.01,89,0
4363.8,10.0,89,0
4364.0,10.0,89,0
4364.2,10.0,89,0
4364.4,9.99,89,0
4364.6,10.0,89,0
4364.8,9.99,89,0
4365.0,9.98,89,0
4365.2,9.99,89,0
4365.4,9.99,89,0
4365.6,10.0,89,0
4365.8,10.01,89,0
4366.0,10.0,89,0
4366.2,9.99,89,0
4366.4,9.99,89,0
4366.6,10.0,89,0
4366.8,9.99,89,0
4367.0,9.99,89,0
4367.2,9.99,89,0
4367.4,10.01,89,0
4367.6,10.01,89,0
4367.8,10.0,89,0
4368.0,10.0,89,0
4368.2,10.0,89,0
4368.4,10.0,89,0
4368.6,9.99,89,0
4368.8,9.99,89,0
4369.0,9.99,89,0
4369.2,9.99,89,0
4369.4,10.01,89,0
4369.6,10.01,89,0
4369.8,10.01,89,0
4370.0,9.99,89,0
4370.2,9.99,89,0
4370.4,10.0,89,0
4370.6,9.99,89,0
4370.8,9.99,89,0
4371.0,9.98,89,0
4371.2,10.0,89,0
4371.4,10.01,89,0
4371.6,10.0,89,0
4371.8,10.02,89,0
4372.0,10.0,89,0
4372.2,10.01,89,0
4372.4,10.0,89,0
4372.6,10.0,89,0
4372.8,9.99,89,0
4373.0,9.99,89,0
4373.2,10.01,89,0
4373.4,10.02,89,0
4373.6,10.01,89,0
4373.8,10.0,89,0
4374.0,10.0,89,0
4374.2,10.0,89,0
4374.4,10.0,89,0
4374.6,10.0,89,0
4374.8,9.99,89,0
4375.0,9.99,89,0
4375.2,10.01,89,0
